clang-tidy...............................................................Failed
- hook id: clang-tidy
- exit code: 1

[1/8] Processing file /Users/yaojun/db/incubator-graphar/cpp/src/graphar/yaml.cc.
6440 warnings generated.
[2/8] Processing file /Users/yaojun/db/incubator-graphar/cpp/src/graphar/yaml.h.
12430 warnings generated.
[3/8] Processing file /Users/yaojun/db/incubator-graphar/cpp/src/graphar/api/meta_writer.h.
22239 warnings generated.
[4/8] Processing file /Users/yaojun/db/incubator-graphar/cpp/benchmarks/label_filter_benchmark.cc.
28483 warnings and 1 error generated.
Error while processing /Users/yaojun/db/incubator-graphar/cpp/benchmarks/label_filter_benchmark.cc.
[5/8] Processing file /Users/yaojun/db/incubator-graphar/cpp/src/graphar/writer_util.h.
37119 warnings and 1 error generated.
Error while processing /Users/yaojun/db/incubator-graphar/cpp/src/graphar/writer_util.h.
[6/8] Processing file /Users/yaojun/db/incubator-graphar/cpp/src/graphar/api/meta_reader.h.
46932 warnings and 1 error generated.
Error while processing /Users/yaojun/db/incubator-graphar/cpp/src/graphar/api/meta_reader.h.
[7/8] Processing file /Users/yaojun/db/incubator-graphar/cpp/src/graphar/util.h.
55924 warnings and 1 error generated.
Error while processing /Users/yaojun/db/incubator-graphar/cpp/src/graphar/util.h.
[8/8] Processing file /Users/yaojun/db/incubator-graphar/rust/include/graphar_rs.h.
61758 warnings and 2 errors generated.
Error while processing /Users/yaojun/db/incubator-graphar/rust/include/graphar_rs.h.
/Users/yaojun/db/incubator-graphar/cpp/src/graphar/util.h:31:10: error: 'arrow/api.h' file not found [clang-diagnostic-error]
   31 | #include "arrow/api.h"
      |          ^~~~~~~~~~~~~
/Users/yaojun/db/incubator-graphar/cpp/src/graphar/writer_util.h:412:17: warning: pass by value and use std::move [modernize-pass-by-value]
  412 |   WriterOptions(std::shared_ptr<CSVOption> csv,
      |                 ^
  413 |                 std::shared_ptr<ParquetOption> parquet,
  414 |                 std::shared_ptr<ORCOption> orc)
  415 |       : csvOption_(csv), parquetOption_(parquet), orcOption_(orc) {}
      |                       
      |                    std::move( )
/Users/yaojun/db/incubator-graphar/cpp/src/graphar/writer_util.h:413:17: warning: pass by value and use std::move [modernize-pass-by-value]
  413 |                 std::shared_ptr<ParquetOption> parquet,
      |                 ^
  414 |                 std::shared_ptr<ORCOption> orc)
  415 |       : csvOption_(csv), parquetOption_(parquet), orcOption_(orc) {}
      |                                                
      |                                         std::move( )
/Users/yaojun/db/incubator-graphar/cpp/src/graphar/writer_util.h:414:17: warning: pass by value and use std::move [modernize-pass-by-value]
  414 |                 std::shared_ptr<ORCOption> orc)
      |                 ^
  415 |       : csvOption_(csv), parquetOption_(parquet), orcOption_(orc) {}
      |                                                                 
      |                                                              std::move( )
/Users/yaojun/db/incubator-graphar/cpp/src/graphar/yaml.h:38:17: warning: pass by value and use std::move [modernize-pass-by-value]
   25 | 
   26 | #include "graphar/result.h"
   27 | 
   28 | // forward declaration
   29 | namespace Yaml {
   30 | class Node;
   31 | }
   32 | 
   33 | namespace graphar {
   34 | 
   35 | /** A wrapper of ::Yaml::Node to provide functions to parse yaml. */
   36 | class Yaml {
   37 |  public:
   38 |   explicit Yaml(std::shared_ptr<::Yaml::Node> root_node)
      |                 ^
   39 |       : root_node_(root_node) {}
      |                             
      |                    std::move( )
/Users/yaojun/db/incubator-graphar/rust/include/graphar_rs.h:32:10: error: 'rust/cxx.h' file not found [clang-diagnostic-error]
   32 | #include "rust/cxx.h"
      |          ^~~~~~~~~~~~
[1/8] Processing file /Users/yaojun/db/incubator-graphar/cpp/src/graphar/arrow/chunk_writer.h.
9178 warnings generated.
[2/8] Processing file /Users/yaojun/db/incubator-graphar/rust/src/graphar_rs.cc.
10124 warnings and 1 error generated.
Error while processing /Users/yaojun/db/incubator-graphar/rust/src/graphar_rs.cc.
[3/8] Processing file /Users/yaojun/db/incubator-graphar/python/src/bindings/utils/pybind_util.h.
14849 warnings and 2 errors generated.
Error while processing /Users/yaojun/db/incubator-graphar/python/src/bindings/utils/pybind_util.h.
[4/8] Processing file /Users/yaojun/db/incubator-graphar/cpp/src/graphar/chunk_info_writer.h.
24027 warnings and 2 errors generated.
Error while processing /Users/yaojun/db/incubator-graphar/cpp/src/graphar/chunk_info_writer.h.
[5/8] Processing file /Users/yaojun/db/incubator-graphar/cpp/src/graphar/high-level/edges_builder.cc.
33560 warnings and 2 errors generated.
Error while processing /Users/yaojun/db/incubator-graphar/cpp/src/graphar/high-level/edges_builder.cc.
[6/8] Processing file /Users/yaojun/db/incubator-graphar/cpp/src/graphar/fwd.h.
39548 warnings and 2 errors generated.
Error while processing /Users/yaojun/db/incubator-graphar/cpp/src/graphar/fwd.h.
[7/8] Processing file /Users/yaojun/db/incubator-graphar/cpp/src/graphar/convert_to_arrow_type.h.
47333 warnings and 2 errors generated.
Error while processing /Users/yaojun/db/incubator-graphar/cpp/src/graphar/convert_to_arrow_type.h.
[8/8] Processing file /Users/yaojun/db/incubator-graphar/cpp/src/graphar/arrow/chunk_reader.h.
53338 warnings and 2 errors generated.
Error while processing /Users/yaojun/db/incubator-graphar/cpp/src/graphar/arrow/chunk_reader.h.
/Users/yaojun/db/incubator-graphar/cpp/src/graphar/high-level/edges_builder.cc:36:49: warning: statement should be inside braces [google-readability-braces-around-statements]
   36 |   for (IdType i = 0; i < num_vertex_chunks; i++)
      |                                                 ^
      |                                                  {
   37 |     if (edges_.find(i) == edges_.end()) {
   38 |       std::vector<Edge> empty_chunk_edges;
   39 |       edges_[i] = empty_chunk_edges;
   40 |     }
      |      
/Users/yaojun/db/incubator-graphar/cpp/src/graphar/high-level/edges_builder.cc:47:60: warning: statement should be inside braces [google-readability-braces-around-statements]
   47 |       if (adj_list_type_ == AdjListType::ordered_by_source)
      |                                                            ^
      |                                                             {
   48 |         sort(chunk_edges.second.begin(), chunk_edges.second.end(), cmp_src);
      |                                                                             
/Users/yaojun/db/incubator-graphar/cpp/src/graphar/high-level/edges_builder.cc:49:58: warning: statement should be inside braces [google-readability-braces-around-statements]
   49 |       if (adj_list_type_ == AdjListType::ordered_by_dest)
      |                                                          ^
      |                                                           {
   50 |         sort(chunk_edges.second.begin(), chunk_edges.second.end(), cmp_dst);
      |                                                                             
/Users/yaojun/db/incubator-graphar/cpp/src/graphar/high-level/edges_builder.cc:52:7: warning: Potential leak of memory pointed to by field 'state_' [clang-analyzer-cplusplus.NewDeleteLeaks]
   52 |       GAR_ASSIGN_OR_RAISE(
      |       ^
/Users/yaojun/db/incubator-graphar/cpp/src/graphar/result.h:65:3: note: expanded from macro 'GAR_ASSIGN_OR_RAISE'
   65 |   GAR_ASSIGN_OR_RAISE_IMPL(             \
      |   ^
/Users/yaojun/db/incubator-graphar/cpp/src/graphar/result.h:29:3: note: expanded from macro 'GAR_ASSIGN_OR_RAISE_IMPL'
   29 |   GAR_RETURN_IF_((result_name).has_error(), (result_name).error(), \
      |   ^
/Users/yaojun/db/incubator-graphar/cpp/src/graphar/status.h:31:7: note: expanded from macro 'GAR_RETURN_IF_'
   31 |       return (status);                       \
      |       ^
/Users/yaojun/db/incubator-graphar/cpp/src/graphar/high-level/edges_builder.cc:36:22: note: Assuming 'i' is >= 'num_vertex_chunks'
   36 |   for (IdType i = 0; i < num_vertex_chunks; i++)
      |                      ^~~~~~~~~~~~~~~~~~~~~
/Users/yaojun/db/incubator-graphar/cpp/src/graphar/high-level/edges_builder.cc:36:3: note: Loop condition is false. Execution continues on line 42
   36 |   for (IdType i = 0; i < num_vertex_chunks; i++)
      |   ^
/Users/yaojun/db/incubator-graphar/cpp/src/graphar/high-level/edges_builder.cc:42:7: note: Assuming field 'adj_list_type_' is not equal to ordered_by_source
   42 |   if (adj_list_type_ == AdjListType::ordered_by_source ||
      |       ^~~~~~~~~~~~~~~~~~~~~~~~~~~~~~~~~~~~~~~~~~~~~~~~
/Users/yaojun/db/incubator-graphar/cpp/src/graphar/high-level/edges_builder.cc:42:7: note: Left side of '||' is false
/Users/yaojun/db/incubator-graphar/cpp/src/graphar/high-level/edges_builder.cc:43:7: note: Assuming field 'adj_list_type_' is equal to ordered_by_dest
   43 |       adj_list_type_ == AdjListType::ordered_by_dest) {
      |       ^~~~~~~~~~~~~~~~~~~~~~~~~~~~~~~~~~~~~~~~~~~~~~
/Users/yaojun/db/incubator-graphar/cpp/src/graphar/high-level/edges_builder.cc:42:3: note: Taking true branch
   42 |   if (adj_list_type_ == AdjListType::ordered_by_source ||
      |   ^
/Users/yaojun/db/incubator-graphar/cpp/src/graphar/high-level/edges_builder.cc:47:11: note: Assuming field 'adj_list_type_' is not equal to ordered_by_source
   47 |       if (adj_list_type_ == AdjListType::ordered_by_source)
      |           ^~~~~~~~~~~~~~~~~~~~~~~~~~~~~~~~~~~~~~~~~~~~~~~~
/Users/yaojun/db/incubator-graphar/cpp/src/graphar/high-level/edges_builder.cc:47:7: note: Taking false branch
   47 |       if (adj_list_type_ == AdjListType::ordered_by_source)
      |       ^
/Users/yaojun/db/incubator-graphar/cpp/src/graphar/high-level/edges_builder.cc:49:11: note: Assuming field 'adj_list_type_' is not equal to ordered_by_dest
   49 |       if (adj_list_type_ == AdjListType::ordered_by_dest)
      |           ^~~~~~~~~~~~~~~~~~~~~~~~~~~~~~~~~~~~~~~~~~~~~~
/Users/yaojun/db/incubator-graphar/cpp/src/graphar/high-level/edges_builder.cc:49:7: note: Taking false branch
   49 |       if (adj_list_type_ == AdjListType::ordered_by_dest)
      |       ^
/Users/yaojun/db/incubator-graphar/cpp/src/graphar/high-level/edges_builder.cc:52:7: note: Taking true branch
   52 |       GAR_ASSIGN_OR_RAISE(
      |       ^
/Users/yaojun/db/incubator-graphar/cpp/src/graphar/result.h:65:3: note: expanded from macro 'GAR_ASSIGN_OR_RAISE'
   65 |   GAR_ASSIGN_OR_RAISE_IMPL(             \
      |   ^
/Users/yaojun/db/incubator-graphar/cpp/src/graphar/result.h:29:3: note: expanded from macro 'GAR_ASSIGN_OR_RAISE_IMPL'
   29 |   GAR_RETURN_IF_((result_name).has_error(), (result_name).error(), \
      |   ^
/Users/yaojun/db/incubator-graphar/cpp/src/graphar/status.h:30:5: note: expanded from macro 'GAR_RETURN_IF_'
   30 |     if (GAR_PREDICT_FALSE(condition)) {      \
      |     ^
/Users/yaojun/db/incubator-graphar/cpp/src/graphar/high-level/edges_builder.cc:52:7: note: Calling 'result::error'
   52 |       GAR_ASSIGN_OR_RAISE(
      |       ^
/Users/yaojun/db/incubator-graphar/cpp/src/graphar/result.h:65:3: note: expanded from macro 'GAR_ASSIGN_OR_RAISE'
   65 |   GAR_ASSIGN_OR_RAISE_IMPL(             \
      |   ^~~~~~~~~~~~~~~~~~~~~~~~~~~~~~~~~~~~~~~
   66 |       GAR_ASSIGN_OR_RAISE_NAME(_error_or_value, __COUNTER__), lhs, rexpr);
      |       ~~~~~~~~~~~~~~~~~~~~~~~~~~~~~~~~~~~~~~~~~~~~~~~~~~~~~~~~~~~~~~~~~~~
/Users/yaojun/db/incubator-graphar/cpp/src/graphar/result.h:29:45: note: expanded from macro 'GAR_ASSIGN_OR_RAISE_IMPL'
   29 |   GAR_RETURN_IF_((result_name).has_error(), (result_name).error(), \
      |   ~~~~~~~~~~~~~~~~~~~~~~~~~~~~~~~~~~~~~~~~~~^~~~~~~~~~~~~~~~~~~~~~~~
   30 |                  GAR_STRINGIFY(rexpr));                            \
      |                  ~~~~~~~~~~~~~~~~~~~~~
/Users/yaojun/db/incubator-graphar/cpp/src/graphar/status.h:31:15: note: expanded from macro 'GAR_RETURN_IF_'
   31 |       return (status);                       \
      |               ^~~~~~
/Users/yaojun/db/incubator-graphar/cpp/thirdparty/result/result.hpp:4749:28: note: Field 'm_has_value' is false
 4749 |   return m_storage.storage.m_has_value
      |                            ^
/Users/yaojun/db/incubator-graphar/cpp/thirdparty/result/result.hpp:4749:10: note: '?' condition is false
 4749 |   return m_storage.storage.m_has_value
      |          ^
/Users/yaojun/db/incubator-graphar/cpp/thirdparty/result/result.hpp:4751:7: note: Calling copy constructor for 'Status'
 4751 |     : m_storage.storage.m_error;
      |       ^~~~~~~~~~~~~~~~~~~~~~~~~
/Users/yaojun/db/incubator-graphar/cpp/src/graphar/status.h:145:16: note: '?' condition is false
  145 |       : state_((s.state_ == nullptr) ? nullptr : new State(*s.state_)) {}
      |                ^
/Users/yaojun/db/incubator-graphar/cpp/src/graphar/status.h:145:50: note: Memory is allocated
  145 |       : state_((s.state_ == nullptr) ? nullptr : new State(*s.state_)) {}
      |                                                  ^~~~~~~~~~~~~~~~~~~~
/Users/yaojun/db/incubator-graphar/cpp/thirdparty/result/result.hpp:4751:7: note: Returning from copy constructor for 'Status'
 4751 |     : m_storage.storage.m_error;
      |       ^~~~~~~~~~~~~~~~~~~~~~~~~
/Users/yaojun/db/incubator-graphar/cpp/src/graphar/high-level/edges_builder.cc:52:7: note: Returned allocated memory
   52 |       GAR_ASSIGN_OR_RAISE(
      |       ^
/Users/yaojun/db/incubator-graphar/cpp/src/graphar/result.h:65:3: note: expanded from macro 'GAR_ASSIGN_OR_RAISE'
   65 |   GAR_ASSIGN_OR_RAISE_IMPL(             \
      |   ^~~~~~~~~~~~~~~~~~~~~~~~~~~~~~~~~~~~~~~
   66 |       GAR_ASSIGN_OR_RAISE_NAME(_error_or_value, __COUNTER__), lhs, rexpr);
      |       ~~~~~~~~~~~~~~~~~~~~~~~~~~~~~~~~~~~~~~~~~~~~~~~~~~~~~~~~~~~~~~~~~~~
/Users/yaojun/db/incubator-graphar/cpp/src/graphar/result.h:29:45: note: expanded from macro 'GAR_ASSIGN_OR_RAISE_IMPL'
   29 |   GAR_RETURN_IF_((result_name).has_error(), (result_name).error(), \
      |   ~~~~~~~~~~~~~~~~~~~~~~~~~~~~~~~~~~~~~~~~~~^~~~~~~~~~~~~~~~~~~~~~~~
   30 |                  GAR_STRINGIFY(rexpr));                            \
      |                  ~~~~~~~~~~~~~~~~~~~~~
/Users/yaojun/db/incubator-graphar/cpp/src/graphar/status.h:31:15: note: expanded from macro 'GAR_RETURN_IF_'
   31 |       return (status);                       \
      |               ^~~~~~
/Users/yaojun/db/incubator-graphar/cpp/src/graphar/high-level/edges_builder.cc:52:7: note: Potential leak of memory pointed to by field 'state_'
   52 |       GAR_ASSIGN_OR_RAISE(
      |       ^
/Users/yaojun/db/incubator-graphar/cpp/src/graphar/result.h:65:3: note: expanded from macro 'GAR_ASSIGN_OR_RAISE'
   65 |   GAR_ASSIGN_OR_RAISE_IMPL(             \
      |   ^
/Users/yaojun/db/incubator-graphar/cpp/src/graphar/result.h:29:3: note: expanded from macro 'GAR_ASSIGN_OR_RAISE_IMPL'
   29 |   GAR_RETURN_IF_((result_name).has_error(), (result_name).error(), \
      |   ^
/Users/yaojun/db/incubator-graphar/cpp/src/graphar/status.h:31:7: note: expanded from macro 'GAR_RETURN_IF_'
   31 |       return (status);                       \
      |       ^
/Users/yaojun/db/incubator-graphar/cpp/src/graphar/high-level/edges_builder.cc:89:57: warning: statement should be inside braces [google-readability-braces-around-statements]
   89 |   if (validate_level == ValidateLevel::default_validate)
      |                                                         ^
      |                                                          {
   90 |     validate_level = validate_level_;
      |                                      
/Users/yaojun/db/incubator-graphar/cpp/src/graphar/high-level/edges_builder.cc:92:52: warning: statement should be inside braces [google-readability-braces-around-statements]
   92 |   if (validate_level == ValidateLevel::no_validate)
      |                                                    ^
      |                                                     {
   93 |     return Status::OK();
      |                         
/Users/yaojun/db/incubator-graphar/rust/src/graphar_rs.cc:20:10: error: 'graphar_rs.h' file not found [clang-diagnostic-error]
   20 | #include "graphar_rs.h"
      |          ^~~~~~~~~~~~~~
/opt/homebrew/include/pybind11/detail/common.h:274:10: error: 'Python.h' file not found [clang-diagnostic-error]
  274 | #include <Python.h>
      |          ^~~~~~~~~~
[1/8] Processing file /Users/yaojun/db/incubator-graphar/python/src/bindings/_core_module.cc.
4449 warnings and 1 error generated.
Error while processing /Users/yaojun/db/incubator-graphar/python/src/bindings/_core_module.cc.
[2/8] Processing file /Users/yaojun/db/incubator-graphar/cpp/src/graphar/api/high_level_writer.h.
14589 warnings and 1 error generated.
Error while processing /Users/yaojun/db/incubator-graphar/cpp/src/graphar/api/high_level_writer.h.
[3/8] Processing file /Users/yaojun/db/incubator-graphar/cpp/src/graphar/label.h.
21246 warnings and 1 error generated.
Error while processing /Users/yaojun/db/incubator-graphar/cpp/src/graphar/label.h.
[4/8] Processing file /Users/yaojun/db/incubator-graphar/cpp/src/graphar/reader_util.cc.
31029 warnings and 1 error generated.
Error while processing /Users/yaojun/db/incubator-graphar/cpp/src/graphar/reader_util.cc.
[5/8] Processing file /Users/yaojun/db/incubator-graphar/cpp/src/graphar/high-level/vertices_builder.h.
40511 warnings and 1 error generated.
Error while processing /Users/yaojun/db/incubator-graphar/cpp/src/graphar/high-level/vertices_builder.h.
[6/8] Processing file /Users/yaojun/db/incubator-graphar/cpp/src/graphar/reader_util.h.
46510 warnings and 1 error generated.
Error while processing /Users/yaojun/db/incubator-graphar/cpp/src/graphar/reader_util.h.
[7/8] Processing file /Users/yaojun/db/incubator-graphar/cpp/src/graphar/types.h.
52958 warnings and 1 error generated.
Error while processing /Users/yaojun/db/incubator-graphar/cpp/src/graphar/types.h.
[8/8] Processing file /Users/yaojun/db/incubator-graphar/cpp/src/graphar/api/high_level_reader.h.
63259 warnings and 1 error generated.
Error while processing /Users/yaojun/db/incubator-graphar/cpp/src/graphar/api/high_level_reader.h.
/Users/yaojun/db/incubator-graphar/cpp/src/graphar/high-level/vertices_builder.h:242:55: warning: pass by value and use std::move [modernize-pass-by-value]
  242 |       const std::shared_ptr<VertexInfo>& vertex_info, const std::string& prefix,
      |                                                       ^~~~~~~~~~~~~~~~~~
      |                                                       std::string 
  243 |       IdType start_vertex_index = 0,
  244 |       std::shared_ptr<WriterOptions> writerOptions = nullptr,
  245 |       const ValidateLevel& validate_level = ValidateLevel::no_validate)
  246 |       : vertex_info_(std::move(vertex_info)),
  247 |         prefix_(prefix),
      |                       
      |                 std::move( )
/Users/yaojun/db/incubator-graphar/cpp/src/graphar/high-level/vertices_builder.h:244:7: warning: pass by value and use std::move [modernize-pass-by-value]
  244 |       std::shared_ptr<WriterOptions> writerOptions = nullptr,
      |       ^
  245 |       const ValidateLevel& validate_level = ValidateLevel::no_validate)
  246 |       : vertex_info_(std::move(vertex_info)),
  247 |         prefix_(prefix),
  248 |         start_vertex_index_(start_vertex_index),
  249 |         writer_options_(writerOptions),
      |                                      
      |                         std::move(   )
/Users/yaojun/db/incubator-graphar/cpp/src/graphar/high-level/vertices_builder.h:341:58: warning: statement should be inside braces [google-readability-braces-around-statements]
  341 |       if (index >= static_cast<IdType>(vertices_.size()))
      |                                                          ^
      |                                                           {
  342 |         vertices_.resize(index + 1);
      |                                     
/Users/yaojun/db/incubator-graphar/cpp/src/graphar/high-level/vertices_builder.h:368:5: warning: Potential leak of memory pointed to by field 'state_' [clang-analyzer-cplusplus.NewDeleteLeaks]
  368 |     GAR_ASSIGN_OR_RAISE(auto input_table, convertToTable());
      |     ^
/Users/yaojun/db/incubator-graphar/cpp/src/graphar/result.h:65:3: note: expanded from macro 'GAR_ASSIGN_OR_RAISE'
   65 |   GAR_ASSIGN_OR_RAISE_IMPL(             \
      |   ^
/Users/yaojun/db/incubator-graphar/cpp/src/graphar/result.h:29:3: note: expanded from macro 'GAR_ASSIGN_OR_RAISE_IMPL'
   29 |   GAR_RETURN_IF_((result_name).has_error(), (result_name).error(), \
      |   ^
/Users/yaojun/db/incubator-graphar/cpp/src/graphar/status.h:31:7: note: expanded from macro 'GAR_RETURN_IF_'
   31 |       return (status);                       \
      |       ^
/Users/yaojun/db/incubator-graphar/cpp/src/graphar/high-level/vertices_builder.h:368:5: note: Taking true branch
  368 |     GAR_ASSIGN_OR_RAISE(auto input_table, convertToTable());
      |     ^
/Users/yaojun/db/incubator-graphar/cpp/src/graphar/result.h:65:3: note: expanded from macro 'GAR_ASSIGN_OR_RAISE'
   65 |   GAR_ASSIGN_OR_RAISE_IMPL(             \
      |   ^
/Users/yaojun/db/incubator-graphar/cpp/src/graphar/result.h:29:3: note: expanded from macro 'GAR_ASSIGN_OR_RAISE_IMPL'
   29 |   GAR_RETURN_IF_((result_name).has_error(), (result_name).error(), \
      |   ^
/Users/yaojun/db/incubator-graphar/cpp/src/graphar/status.h:30:5: note: expanded from macro 'GAR_RETURN_IF_'
   30 |     if (GAR_PREDICT_FALSE(condition)) {      \
      |     ^
/Users/yaojun/db/incubator-graphar/cpp/src/graphar/high-level/vertices_builder.h:368:5: note: Calling 'result::error'
  368 |     GAR_ASSIGN_OR_RAISE(auto input_table, convertToTable());
      |     ^
/Users/yaojun/db/incubator-graphar/cpp/src/graphar/result.h:65:3: note: expanded from macro 'GAR_ASSIGN_OR_RAISE'
   65 |   GAR_ASSIGN_OR_RAISE_IMPL(             \
      |   ^~~~~~~~~~~~~~~~~~~~~~~~~~~~~~~~~~~~~~~
   66 |       GAR_ASSIGN_OR_RAISE_NAME(_error_or_value, __COUNTER__), lhs, rexpr);
      |       ~~~~~~~~~~~~~~~~~~~~~~~~~~~~~~~~~~~~~~~~~~~~~~~~~~~~~~~~~~~~~~~~~~~
/Users/yaojun/db/incubator-graphar/cpp/src/graphar/result.h:29:45: note: expanded from macro 'GAR_ASSIGN_OR_RAISE_IMPL'
   29 |   GAR_RETURN_IF_((result_name).has_error(), (result_name).error(), \
      |   ~~~~~~~~~~~~~~~~~~~~~~~~~~~~~~~~~~~~~~~~~~^~~~~~~~~~~~~~~~~~~~~~~~
   30 |                  GAR_STRINGIFY(rexpr));                            \
      |                  ~~~~~~~~~~~~~~~~~~~~~
/Users/yaojun/db/incubator-graphar/cpp/src/graphar/status.h:31:15: note: expanded from macro 'GAR_RETURN_IF_'
   31 |       return (status);                       \
      |               ^~~~~~
/Users/yaojun/db/incubator-graphar/cpp/thirdparty/result/result.hpp:4749:28: note: Field 'm_has_value' is false
 4749 |   return m_storage.storage.m_has_value
      |                            ^
/Users/yaojun/db/incubator-graphar/cpp/thirdparty/result/result.hpp:4749:10: note: '?' condition is false
 4749 |   return m_storage.storage.m_has_value
      |          ^
/Users/yaojun/db/incubator-graphar/cpp/thirdparty/result/result.hpp:4751:7: note: Calling copy constructor for 'Status'
 4751 |     : m_storage.storage.m_error;
      |       ^~~~~~~~~~~~~~~~~~~~~~~~~
/Users/yaojun/db/incubator-graphar/cpp/src/graphar/status.h:145:17: note: Assuming the condition is false
  145 |       : state_((s.state_ == nullptr) ? nullptr : new State(*s.state_)) {}
      |                 ^~~~~~~~~~~~~~~~~~~
/Users/yaojun/db/incubator-graphar/cpp/src/graphar/status.h:145:16: note: '?' condition is false
  145 |       : state_((s.state_ == nullptr) ? nullptr : new State(*s.state_)) {}
      |                ^
/Users/yaojun/db/incubator-graphar/cpp/src/graphar/status.h:145:50: note: Memory is allocated
  145 |       : state_((s.state_ == nullptr) ? nullptr : new State(*s.state_)) {}
      |                                                  ^~~~~~~~~~~~~~~~~~~~
/Users/yaojun/db/incubator-graphar/cpp/thirdparty/result/result.hpp:4751:7: note: Returning from copy constructor for 'Status'
 4751 |     : m_storage.storage.m_error;
      |       ^~~~~~~~~~~~~~~~~~~~~~~~~
/Users/yaojun/db/incubator-graphar/cpp/src/graphar/high-level/vertices_builder.h:368:5: note: Returned allocated memory
  368 |     GAR_ASSIGN_OR_RAISE(auto input_table, convertToTable());
      |     ^
/Users/yaojun/db/incubator-graphar/cpp/src/graphar/result.h:65:3: note: expanded from macro 'GAR_ASSIGN_OR_RAISE'
   65 |   GAR_ASSIGN_OR_RAISE_IMPL(             \
      |   ^~~~~~~~~~~~~~~~~~~~~~~~~~~~~~~~~~~~~~~
   66 |       GAR_ASSIGN_OR_RAISE_NAME(_error_or_value, __COUNTER__), lhs, rexpr);
      |       ~~~~~~~~~~~~~~~~~~~~~~~~~~~~~~~~~~~~~~~~~~~~~~~~~~~~~~~~~~~~~~~~~~~
/Users/yaojun/db/incubator-graphar/cpp/src/graphar/result.h:29:45: note: expanded from macro 'GAR_ASSIGN_OR_RAISE_IMPL'
   29 |   GAR_RETURN_IF_((result_name).has_error(), (result_name).error(), \
      |   ~~~~~~~~~~~~~~~~~~~~~~~~~~~~~~~~~~~~~~~~~~^~~~~~~~~~~~~~~~~~~~~~~~
   30 |                  GAR_STRINGIFY(rexpr));                            \
      |                  ~~~~~~~~~~~~~~~~~~~~~
/Users/yaojun/db/incubator-graphar/cpp/src/graphar/status.h:31:15: note: expanded from macro 'GAR_RETURN_IF_'
   31 |       return (status);                       \
      |               ^~~~~~
/Users/yaojun/db/incubator-graphar/cpp/src/graphar/high-level/vertices_builder.h:368:5: note: Potential leak of memory pointed to by field 'state_'
  368 |     GAR_ASSIGN_OR_RAISE(auto input_table, convertToTable());
      |     ^
/Users/yaojun/db/incubator-graphar/cpp/src/graphar/result.h:65:3: note: expanded from macro 'GAR_ASSIGN_OR_RAISE'
   65 |   GAR_ASSIGN_OR_RAISE_IMPL(             \
      |   ^
/Users/yaojun/db/incubator-graphar/cpp/src/graphar/result.h:29:3: note: expanded from macro 'GAR_ASSIGN_OR_RAISE_IMPL'
   29 |   GAR_RETURN_IF_((result_name).has_error(), (result_name).error(), \
      |   ^
/Users/yaojun/db/incubator-graphar/cpp/src/graphar/status.h:31:7: note: expanded from macro 'GAR_RETURN_IF_'
   31 |       return (status);                       \
      |       ^
/Users/yaojun/db/incubator-graphar/cpp/src/graphar/label.h:33:1: warning: using declarations in the global namespace in headers are prohibited [google-global-names-in-headers]
   33 | using parquet::ConvertedType;
      | ^
/Users/yaojun/db/incubator-graphar/cpp/src/graphar/label.h:34:1: warning: using declarations in the global namespace in headers are prohibited [google-global-names-in-headers]
   34 | using parquet::Encoding;
      | ^
/Users/yaojun/db/incubator-graphar/cpp/src/graphar/label.h:35:1: warning: using declarations in the global namespace in headers are prohibited [google-global-names-in-headers]
   35 | using parquet::Repetition;
      | ^
/Users/yaojun/db/incubator-graphar/cpp/src/graphar/label.h:36:1: warning: using declarations in the global namespace in headers are prohibited [google-global-names-in-headers]
   36 | using parquet::Type;
      | ^
/Users/yaojun/db/incubator-graphar/cpp/src/graphar/label.h:37:1: warning: using declarations in the global namespace in headers are prohibited [google-global-names-in-headers]
   37 | using parquet::schema::GroupNode;
      | ^
/Users/yaojun/db/incubator-graphar/cpp/src/graphar/label.h:38:1: warning: using declarations in the global namespace in headers are prohibited [google-global-names-in-headers]
   38 | using parquet::schema::PrimitiveNode;
      | ^
/Users/yaojun/db/incubator-graphar/cpp/src/graphar/reader_util.cc:49:5: warning: Potential leak of memory pointed to by field 'state_' [clang-analyzer-cplusplus.NewDeleteLeaks]
   49 |     GAR_ASSIGN_OR_RAISE(auto filter, filter_options.filter->Evaluate());
      |     ^
/Users/yaojun/db/incubator-graphar/cpp/src/graphar/result.h:65:3: note: expanded from macro 'GAR_ASSIGN_OR_RAISE'
   65 |   GAR_ASSIGN_OR_RAISE_IMPL(             \
      |   ^
/Users/yaojun/db/incubator-graphar/cpp/src/graphar/result.h:29:3: note: expanded from macro 'GAR_ASSIGN_OR_RAISE_IMPL'
   29 |   GAR_RETURN_IF_((result_name).has_error(), (result_name).error(), \
      |   ^
/Users/yaojun/db/incubator-graphar/cpp/src/graphar/status.h:31:7: note: expanded from macro 'GAR_RETURN_IF_'
   31 |       return (status);                       \
      |       ^
/Users/yaojun/db/incubator-graphar/cpp/src/graphar/reader_util.cc:48:3: note: Taking true branch
   48 |   if (filter_options.filter) {
      |   ^
/Users/yaojun/db/incubator-graphar/cpp/src/graphar/reader_util.cc:49:5: note: Taking true branch
   49 |     GAR_ASSIGN_OR_RAISE(auto filter, filter_options.filter->Evaluate());
      |     ^
/Users/yaojun/db/incubator-graphar/cpp/src/graphar/result.h:65:3: note: expanded from macro 'GAR_ASSIGN_OR_RAISE'
   65 |   GAR_ASSIGN_OR_RAISE_IMPL(             \
      |   ^
/Users/yaojun/db/incubator-graphar/cpp/src/graphar/result.h:29:3: note: expanded from macro 'GAR_ASSIGN_OR_RAISE_IMPL'
   29 |   GAR_RETURN_IF_((result_name).has_error(), (result_name).error(), \
      |   ^
/Users/yaojun/db/incubator-graphar/cpp/src/graphar/status.h:30:5: note: expanded from macro 'GAR_RETURN_IF_'
   30 |     if (GAR_PREDICT_FALSE(condition)) {      \
      |     ^
/Users/yaojun/db/incubator-graphar/cpp/src/graphar/reader_util.cc:49:5: note: Calling 'result::error'
   49 |     GAR_ASSIGN_OR_RAISE(auto filter, filter_options.filter->Evaluate());
      |     ^
/Users/yaojun/db/incubator-graphar/cpp/src/graphar/result.h:65:3: note: expanded from macro 'GAR_ASSIGN_OR_RAISE'
   65 |   GAR_ASSIGN_OR_RAISE_IMPL(             \
      |   ^~~~~~~~~~~~~~~~~~~~~~~~~~~~~~~~~~~~~~~
   66 |       GAR_ASSIGN_OR_RAISE_NAME(_error_or_value, __COUNTER__), lhs, rexpr);
      |       ~~~~~~~~~~~~~~~~~~~~~~~~~~~~~~~~~~~~~~~~~~~~~~~~~~~~~~~~~~~~~~~~~~~
/Users/yaojun/db/incubator-graphar/cpp/src/graphar/result.h:29:45: note: expanded from macro 'GAR_ASSIGN_OR_RAISE_IMPL'
   29 |   GAR_RETURN_IF_((result_name).has_error(), (result_name).error(), \
      |   ~~~~~~~~~~~~~~~~~~~~~~~~~~~~~~~~~~~~~~~~~~^~~~~~~~~~~~~~~~~~~~~~~~
   30 |                  GAR_STRINGIFY(rexpr));                            \
      |                  ~~~~~~~~~~~~~~~~~~~~~
/Users/yaojun/db/incubator-graphar/cpp/src/graphar/status.h:31:15: note: expanded from macro 'GAR_RETURN_IF_'
   31 |       return (status);                       \
      |               ^~~~~~
/Users/yaojun/db/incubator-graphar/cpp/thirdparty/result/result.hpp:4749:28: note: Field 'm_has_value' is false
 4749 |   return m_storage.storage.m_has_value
      |                            ^
/Users/yaojun/db/incubator-graphar/cpp/thirdparty/result/result.hpp:4749:10: note: '?' condition is false
 4749 |   return m_storage.storage.m_has_value
      |          ^
/Users/yaojun/db/incubator-graphar/cpp/thirdparty/result/result.hpp:4751:7: note: Calling copy constructor for 'Status'
 4751 |     : m_storage.storage.m_error;
      |       ^~~~~~~~~~~~~~~~~~~~~~~~~
/Users/yaojun/db/incubator-graphar/cpp/src/graphar/status.h:145:17: note: Assuming the condition is false
  145 |       : state_((s.state_ == nullptr) ? nullptr : new State(*s.state_)) {}
      |                 ^~~~~~~~~~~~~~~~~~~
/Users/yaojun/db/incubator-graphar/cpp/src/graphar/status.h:145:16: note: '?' condition is false
  145 |       : state_((s.state_ == nullptr) ? nullptr : new State(*s.state_)) {}
      |                ^
/Users/yaojun/db/incubator-graphar/cpp/src/graphar/status.h:145:50: note: Memory is allocated
  145 |       : state_((s.state_ == nullptr) ? nullptr : new State(*s.state_)) {}
      |                                                  ^~~~~~~~~~~~~~~~~~~~
/Users/yaojun/db/incubator-graphar/cpp/thirdparty/result/result.hpp:4751:7: note: Returning from copy constructor for 'Status'
 4751 |     : m_storage.storage.m_error;
      |       ^~~~~~~~~~~~~~~~~~~~~~~~~
/Users/yaojun/db/incubator-graphar/cpp/src/graphar/reader_util.cc:49:5: note: Returned allocated memory
   49 |     GAR_ASSIGN_OR_RAISE(auto filter, filter_options.filter->Evaluate());
      |     ^
/Users/yaojun/db/incubator-graphar/cpp/src/graphar/result.h:65:3: note: expanded from macro 'GAR_ASSIGN_OR_RAISE'
   65 |   GAR_ASSIGN_OR_RAISE_IMPL(             \
      |   ^~~~~~~~~~~~~~~~~~~~~~~~~~~~~~~~~~~~~~~
   66 |       GAR_ASSIGN_OR_RAISE_NAME(_error_or_value, __COUNTER__), lhs, rexpr);
      |       ~~~~~~~~~~~~~~~~~~~~~~~~~~~~~~~~~~~~~~~~~~~~~~~~~~~~~~~~~~~~~~~~~~~
/Users/yaojun/db/incubator-graphar/cpp/src/graphar/result.h:29:45: note: expanded from macro 'GAR_ASSIGN_OR_RAISE_IMPL'
   29 |   GAR_RETURN_IF_((result_name).has_error(), (result_name).error(), \
      |   ~~~~~~~~~~~~~~~~~~~~~~~~~~~~~~~~~~~~~~~~~~^~~~~~~~~~~~~~~~~~~~~~~~
   30 |                  GAR_STRINGIFY(rexpr));                            \
      |                  ~~~~~~~~~~~~~~~~~~~~~
/Users/yaojun/db/incubator-graphar/cpp/src/graphar/status.h:31:15: note: expanded from macro 'GAR_RETURN_IF_'
   31 |       return (status);                       \
      |               ^~~~~~
/Users/yaojun/db/incubator-graphar/cpp/src/graphar/reader_util.cc:49:5: note: Potential leak of memory pointed to by field 'state_'
   49 |     GAR_ASSIGN_OR_RAISE(auto filter, filter_options.filter->Evaluate());
      |     ^
/Users/yaojun/db/incubator-graphar/cpp/src/graphar/result.h:65:3: note: expanded from macro 'GAR_ASSIGN_OR_RAISE'
   65 |   GAR_ASSIGN_OR_RAISE_IMPL(             \
      |   ^
/Users/yaojun/db/incubator-graphar/cpp/src/graphar/result.h:29:3: note: expanded from macro 'GAR_ASSIGN_OR_RAISE_IMPL'
   29 |   GAR_RETURN_IF_((result_name).has_error(), (result_name).error(), \
      |   ^
/Users/yaojun/db/incubator-graphar/cpp/src/graphar/status.h:31:7: note: expanded from macro 'GAR_RETURN_IF_'
   31 |       return (status);                       \
      |       ^
/Users/yaojun/db/incubator-graphar/cpp/src/graphar/reader_util.h:36:3: warning: use '= default' to define a trivial default constructor [modernize-use-equals-default]
   36 |   FilterOptions() {}
      |   ^               ~~
      |                   = default;
/Users/yaojun/db/incubator-graphar/cpp/src/graphar/reader_util.h:37:17: warning: pass by value and use std::move [modernize-pass-by-value]
   37 |   FilterOptions(Filter filter, ColumnNames columns)
      |                 ^
   38 |       : filter(filter), columns(columns) {}
      |                      
      |                std::move( )
/Users/yaojun/db/incubator-graphar/cpp/src/graphar/types.h:82:30: warning: pass by value and use std::move [modernize-pass-by-value]
   82 |   explicit DataType(Type id, const std::string& user_defined_type_name = "")
      |                              ^~~~~~~~~~~~~~~~~~
      |                              std::string 
   83 |       : id_(id),
   84 |         child_(nullptr),
   85 |         user_defined_type_name_(user_defined_type_name) {}
      |                                                       
      |                                 std::move(            )
/Users/yaojun/db/incubator-graphar/cpp/src/graphar/types.h:90:3: warning: use '= default' to define a trivial copy constructor [modernize-use-equals-default]
   90 |   DataType(const DataType& other)
      |   ^
   91 |       : id_(other.id_),
      |         ~~~~~~~~~~~~~~
   92 |         child_(other.child_),
      |         ~~~~~~~~~~~~~~~~~~~~
   93 |         user_defined_type_name_(other.user_defined_type_name_) {}
      |         ~~~~~~~~~~~~~~~~~~~~~~~~~~~~~~~~~~~~~~~~~~~~~~~~~~~~~~~~~
      |         = default;
/Users/yaojun/db/incubator-graphar/cpp/src/graphar/types.h:95:12: warning: move constructor should not be declared explicit [google-explicit-constructor]
   95 |   explicit DataType(DataType&& other)
      |   ~~~~~~~~ ^
/opt/homebrew/include/pybind11/detail/common.h:274:10: error: 'Python.h' file not found [clang-diagnostic-error]
  274 | #include <Python.h>
      |          ^~~~~~~~~~
[1/8] Processing file /Users/yaojun/db/incubator-graphar/cpp/src/graphar/high-level/edges_builder.h.
9398 warnings generated.
[2/8] Processing file /Users/yaojun/db/incubator-graphar/cpp/benchmarks/arrow_chunk_reader_benchmark.cc.
15497 warnings and 1 error generated.
Error while processing /Users/yaojun/db/incubator-graphar/cpp/benchmarks/arrow_chunk_reader_benchmark.cc.
[3/8] Processing file /Users/yaojun/db/incubator-graphar/cpp/src/graphar/chunk_info_writer.cc.
25020 warnings and 1 error generated.
Error while processing /Users/yaojun/db/incubator-graphar/cpp/src/graphar/chunk_info_writer.cc.
[4/8] Processing file /Users/yaojun/db/incubator-graphar/cpp/src/graphar/high-level/vertices_builder.cc.
35060 warnings and 1 error generated.
Error while processing /Users/yaojun/db/incubator-graphar/cpp/src/graphar/high-level/vertices_builder.cc.
[5/8] Processing file /Users/yaojun/db/incubator-graphar/maven-projects/java/src/main/cpp/ffi/jni_org_apache_graphar_arrow_ArrowTableStatic.cc.
38753 warnings and 2 errors generated.
Error while processing /Users/yaojun/db/incubator-graphar/maven-projects/java/src/main/cpp/ffi/jni_org_apache_graphar_arrow_ArrowTableStatic.cc.
[6/8] Processing file /Users/yaojun/db/incubator-graphar/cpp/benchmarks/benchmark_util.h.
44838 warnings and 3 errors generated.
Error while processing /Users/yaojun/db/incubator-graphar/cpp/benchmarks/benchmark_util.h.
[7/8] Processing file /Users/yaojun/db/incubator-graphar/cpp/src/graphar/arrow/chunk_reader.cc.
54879 warnings and 3 errors generated.
Error while processing /Users/yaojun/db/incubator-graphar/cpp/src/graphar/arrow/chunk_reader.cc.
[8/8] Processing file /Users/yaojun/db/incubator-graphar/cpp/benchmarks/graph_info_benchmark.cc.
60963 warnings and 4 errors generated.
Error while processing /Users/yaojun/db/incubator-graphar/cpp/benchmarks/graph_info_benchmark.cc.
/Users/yaojun/db/incubator-graphar/cpp/src/graphar/arrow/chunk_reader.cc:165:5: warning: pass by value and use std::move [modernize-pass-by-value]
  165 |     const util::FilterOptions& options)
      |     ^~~~~~~~~~~~~~~~~~~~~~~~~~
      |     util::FilterOptions 
  166 |     : vertex_info_(std::move(vertex_info)),
  167 |       property_group_(std::move(property_group)),
  168 |       property_names_(std::move(property_names)),
  169 |       chunk_index_(0),
  170 |       seek_id_(0),
  171 |       schema_(nullptr),
  172 |       chunk_table_(nullptr),
  173 |       filter_options_(options) {
      |                              
      |                       std::move( )
/Users/yaojun/db/incubator-graphar/cpp/src/graphar/arrow/chunk_reader.cc:190:5: warning: pass by value and use std::move [modernize-pass-by-value]
  190 |     const util::FilterOptions& options)
      |     ^~~~~~~~~~~~~~~~~~~~~~~~~~
      |     util::FilterOptions 
  191 |     : vertex_info_(std::move(vertex_info)),
  192 |       labels_(labels),
  193 |       chunk_index_(0),
  194 |       seek_id_(0),
  195 |       schema_(nullptr),
  196 |       chunk_table_(nullptr),
  197 |       filter_options_(options) {
      |                              
      |                       std::move( )
/Users/yaojun/db/incubator-graphar/cpp/src/graphar/arrow/chunk_reader.cc:577:5: warning: Potential leak of memory pointed to by field 'state_' [clang-analyzer-cplusplus.NewDeleteLeaks]
  577 |     GAR_ASSIGN_OR_RAISE(auto range,
      |     ^
/Users/yaojun/db/incubator-graphar/cpp/src/graphar/result.h:65:3: note: expanded from macro 'GAR_ASSIGN_OR_RAISE'
   65 |   GAR_ASSIGN_OR_RAISE_IMPL(             \
      |   ^
/Users/yaojun/db/incubator-graphar/cpp/src/graphar/result.h:29:3: note: expanded from macro 'GAR_ASSIGN_OR_RAISE_IMPL'
   29 |   GAR_RETURN_IF_((result_name).has_error(), (result_name).error(), \
      |   ^
/Users/yaojun/db/incubator-graphar/cpp/src/graphar/status.h:31:7: note: expanded from macro 'GAR_RETURN_IF_'
   31 |       return (status);                       \
      |       ^
/Users/yaojun/db/incubator-graphar/cpp/src/graphar/arrow/chunk_reader.cc:553:7: note: Assuming field 'adj_list_type_' is not equal to unordered_by_source
  553 |   if (adj_list_type_ != AdjListType::unordered_by_source &&
      |       ^~~~~~~~~~~~~~~~~~~~~~~~~~~~~~~~~~~~~~~~~~~~~~~~~~
/Users/yaojun/db/incubator-graphar/cpp/src/graphar/arrow/chunk_reader.cc:553:7: note: Left side of '&&' is true
/Users/yaojun/db/incubator-graphar/cpp/src/graphar/arrow/chunk_reader.cc:554:7: note: Assuming field 'adj_list_type_' is equal to ordered_by_source
  554 |       adj_list_type_ != AdjListType::ordered_by_source) {
      |       ^~~~~~~~~~~~~~~~~~~~~~~~~~~~~~~~~~~~~~~~~~~~~~~~
/Users/yaojun/db/incubator-graphar/cpp/src/graphar/arrow/chunk_reader.cc:553:3: note: Taking false branch
  553 |   if (adj_list_type_ != AdjListType::unordered_by_source &&
      |   ^
/Users/yaojun/db/incubator-graphar/cpp/src/graphar/arrow/chunk_reader.cc:561:7: note: Assuming 'new_vertex_chunk_index' is < field 'vertex_chunk_num_'
  561 |   if (new_vertex_chunk_index >= vertex_chunk_num_) {
      |       ^~~~~~~~~~~~~~~~~~~~~~~~~~~~~~~~~~~~~~~~~~~
/Users/yaojun/db/incubator-graphar/cpp/src/graphar/arrow/chunk_reader.cc:561:3: note: Taking false branch
  561 |   if (new_vertex_chunk_index >= vertex_chunk_num_) {
      |   ^
/Users/yaojun/db/incubator-graphar/cpp/src/graphar/arrow/chunk_reader.cc:567:7: note: Assuming field 'chunk_num_' is >= 0
  567 |   if (chunk_num_ < 0 || vertex_chunk_index_ != new_vertex_chunk_index) {
      |       ^~~~~~~~~~~~~~
/Users/yaojun/db/incubator-graphar/cpp/src/graphar/arrow/chunk_reader.cc:567:7: note: Left side of '||' is false
/Users/yaojun/db/incubator-graphar/cpp/src/graphar/arrow/chunk_reader.cc:567:25: note: Assuming 'new_vertex_chunk_index' is equal to field 'vertex_chunk_index_'
  567 |   if (chunk_num_ < 0 || vertex_chunk_index_ != new_vertex_chunk_index) {
      |                         ^~~~~~~~~~~~~~~~~~~~~~~~~~~~~~~~~~~~~~~~~~~~~
/Users/yaojun/db/incubator-graphar/cpp/src/graphar/arrow/chunk_reader.cc:567:3: note: Taking false branch
  567 |   if (chunk_num_ < 0 || vertex_chunk_index_ != new_vertex_chunk_index) {
      |   ^
/Users/yaojun/db/incubator-graphar/cpp/src/graphar/arrow/chunk_reader.cc:574:7: note: Field 'adj_list_type_' is not equal to unordered_by_source
  574 |   if (adj_list_type_ == AdjListType::unordered_by_source) {
      |       ^
/Users/yaojun/db/incubator-graphar/cpp/src/graphar/arrow/chunk_reader.cc:574:3: note: Taking false branch
  574 |   if (adj_list_type_ == AdjListType::unordered_by_source) {
      |   ^
/Users/yaojun/db/incubator-graphar/cpp/src/graphar/arrow/chunk_reader.cc:577:5: note: Taking true branch
  577 |     GAR_ASSIGN_OR_RAISE(auto range,
      |     ^
/Users/yaojun/db/incubator-graphar/cpp/src/graphar/result.h:65:3: note: expanded from macro 'GAR_ASSIGN_OR_RAISE'
   65 |   GAR_ASSIGN_OR_RAISE_IMPL(             \
      |   ^
/Users/yaojun/db/incubator-graphar/cpp/src/graphar/result.h:29:3: note: expanded from macro 'GAR_ASSIGN_OR_RAISE_IMPL'
   29 |   GAR_RETURN_IF_((result_name).has_error(), (result_name).error(), \
      |   ^
/Users/yaojun/db/incubator-graphar/cpp/src/graphar/status.h:30:5: note: expanded from macro 'GAR_RETURN_IF_'
   30 |     if (GAR_PREDICT_FALSE(condition)) {      \
      |     ^
/Users/yaojun/db/incubator-graphar/cpp/src/graphar/arrow/chunk_reader.cc:577:5: note: Calling 'result::error'
  577 |     GAR_ASSIGN_OR_RAISE(auto range,
      |     ^
/Users/yaojun/db/incubator-graphar/cpp/src/graphar/result.h:65:3: note: expanded from macro 'GAR_ASSIGN_OR_RAISE'
   65 |   GAR_ASSIGN_OR_RAISE_IMPL(             \
      |   ^~~~~~~~~~~~~~~~~~~~~~~~~~~~~~~~~~~~~~~
   66 |       GAR_ASSIGN_OR_RAISE_NAME(_error_or_value, __COUNTER__), lhs, rexpr);
      |       ~~~~~~~~~~~~~~~~~~~~~~~~~~~~~~~~~~~~~~~~~~~~~~~~~~~~~~~~~~~~~~~~~~~
/Users/yaojun/db/incubator-graphar/cpp/src/graphar/result.h:29:45: note: expanded from macro 'GAR_ASSIGN_OR_RAISE_IMPL'
   29 |   GAR_RETURN_IF_((result_name).has_error(), (result_name).error(), \
      |   ~~~~~~~~~~~~~~~~~~~~~~~~~~~~~~~~~~~~~~~~~~^~~~~~~~~~~~~~~~~~~~~~~~
   30 |                  GAR_STRINGIFY(rexpr));                            \
      |                  ~~~~~~~~~~~~~~~~~~~~~
/Users/yaojun/db/incubator-graphar/cpp/src/graphar/status.h:31:15: note: expanded from macro 'GAR_RETURN_IF_'
   31 |       return (status);                       \
      |               ^~~~~~
/Users/yaojun/db/incubator-graphar/cpp/thirdparty/result/result.hpp:4749:28: note: Field 'm_has_value' is false
 4749 |   return m_storage.storage.m_has_value
      |                            ^
/Users/yaojun/db/incubator-graphar/cpp/thirdparty/result/result.hpp:4749:10: note: '?' condition is false
 4749 |   return m_storage.storage.m_has_value
      |          ^
/Users/yaojun/db/incubator-graphar/cpp/thirdparty/result/result.hpp:4751:7: note: Calling copy constructor for 'Status'
 4751 |     : m_storage.storage.m_error;
      |       ^~~~~~~~~~~~~~~~~~~~~~~~~
/Users/yaojun/db/incubator-graphar/cpp/src/graphar/status.h:145:17: note: Assuming the condition is false
  145 |       : state_((s.state_ == nullptr) ? nullptr : new State(*s.state_)) {}
      |                 ^~~~~~~~~~~~~~~~~~~
/Users/yaojun/db/incubator-graphar/cpp/src/graphar/status.h:145:16: note: '?' condition is false
  145 |       : state_((s.state_ == nullptr) ? nullptr : new State(*s.state_)) {}
      |                ^
/Users/yaojun/db/incubator-graphar/cpp/src/graphar/status.h:145:50: note: Memory is allocated
  145 |       : state_((s.state_ == nullptr) ? nullptr : new State(*s.state_)) {}
      |                                                  ^~~~~~~~~~~~~~~~~~~~
/Users/yaojun/db/incubator-graphar/cpp/thirdparty/result/result.hpp:4751:7: note: Returning from copy constructor for 'Status'
 4751 |     : m_storage.storage.m_error;
      |       ^~~~~~~~~~~~~~~~~~~~~~~~~
/Users/yaojun/db/incubator-graphar/cpp/src/graphar/arrow/chunk_reader.cc:577:5: note: Returned allocated memory
  577 |     GAR_ASSIGN_OR_RAISE(auto range,
      |     ^
/Users/yaojun/db/incubator-graphar/cpp/src/graphar/result.h:65:3: note: expanded from macro 'GAR_ASSIGN_OR_RAISE'
   65 |   GAR_ASSIGN_OR_RAISE_IMPL(             \
      |   ^~~~~~~~~~~~~~~~~~~~~~~~~~~~~~~~~~~~~~~
   66 |       GAR_ASSIGN_OR_RAISE_NAME(_error_or_value, __COUNTER__), lhs, rexpr);
      |       ~~~~~~~~~~~~~~~~~~~~~~~~~~~~~~~~~~~~~~~~~~~~~~~~~~~~~~~~~~~~~~~~~~~
/Users/yaojun/db/incubator-graphar/cpp/src/graphar/result.h:29:45: note: expanded from macro 'GAR_ASSIGN_OR_RAISE_IMPL'
   29 |   GAR_RETURN_IF_((result_name).has_error(), (result_name).error(), \
      |   ~~~~~~~~~~~~~~~~~~~~~~~~~~~~~~~~~~~~~~~~~~^~~~~~~~~~~~~~~~~~~~~~~~
   30 |                  GAR_STRINGIFY(rexpr));                            \
      |                  ~~~~~~~~~~~~~~~~~~~~~
/Users/yaojun/db/incubator-graphar/cpp/src/graphar/status.h:31:15: note: expanded from macro 'GAR_RETURN_IF_'
   31 |       return (status);                       \
      |               ^~~~~~
/Users/yaojun/db/incubator-graphar/cpp/src/graphar/arrow/chunk_reader.cc:577:5: note: Potential leak of memory pointed to by field 'state_'
  577 |     GAR_ASSIGN_OR_RAISE(auto range,
      |     ^
/Users/yaojun/db/incubator-graphar/cpp/src/graphar/result.h:65:3: note: expanded from macro 'GAR_ASSIGN_OR_RAISE'
   65 |   GAR_ASSIGN_OR_RAISE_IMPL(             \
      |   ^
/Users/yaojun/db/incubator-graphar/cpp/src/graphar/result.h:29:3: note: expanded from macro 'GAR_ASSIGN_OR_RAISE_IMPL'
   29 |   GAR_RETURN_IF_((result_name).has_error(), (result_name).error(), \
      |   ^
/Users/yaojun/db/incubator-graphar/cpp/src/graphar/status.h:31:7: note: expanded from macro 'GAR_RETURN_IF_'
   31 |       return (status);                       \
      |       ^
/Users/yaojun/db/incubator-graphar/cpp/src/graphar/arrow/chunk_reader.cc:610:5: warning: Potential leak of memory pointed to by field 'state_' [clang-analyzer-cplusplus.NewDeleteLeaks]
  610 |     GAR_ASSIGN_OR_RAISE(auto range,
      |     ^
/Users/yaojun/db/incubator-graphar/cpp/src/graphar/result.h:65:3: note: expanded from macro 'GAR_ASSIGN_OR_RAISE'
   65 |   GAR_ASSIGN_OR_RAISE_IMPL(             \
      |   ^
/Users/yaojun/db/incubator-graphar/cpp/src/graphar/result.h:29:3: note: expanded from macro 'GAR_ASSIGN_OR_RAISE_IMPL'
   29 |   GAR_RETURN_IF_((result_name).has_error(), (result_name).error(), \
      |   ^
/Users/yaojun/db/incubator-graphar/cpp/src/graphar/status.h:31:7: note: expanded from macro 'GAR_RETURN_IF_'
   31 |       return (status);                       \
      |       ^
/Users/yaojun/db/incubator-graphar/cpp/src/graphar/arrow/chunk_reader.cc:586:7: note: Assuming field 'adj_list_type_' is not equal to unordered_by_dest
  586 |   if (adj_list_type_ != AdjListType::unordered_by_dest &&
      |       ^~~~~~~~~~~~~~~~~~~~~~~~~~~~~~~~~~~~~~~~~~~~~~~~
/Users/yaojun/db/incubator-graphar/cpp/src/graphar/arrow/chunk_reader.cc:586:7: note: Left side of '&&' is true
/Users/yaojun/db/incubator-graphar/cpp/src/graphar/arrow/chunk_reader.cc:587:7: note: Assuming field 'adj_list_type_' is equal to ordered_by_dest
  587 |       adj_list_type_ != AdjListType::ordered_by_dest) {
      |       ^~~~~~~~~~~~~~~~~~~~~~~~~~~~~~~~~~~~~~~~~~~~~~
/Users/yaojun/db/incubator-graphar/cpp/src/graphar/arrow/chunk_reader.cc:586:3: note: Taking false branch
  586 |   if (adj_list_type_ != AdjListType::unordered_by_dest &&
      |   ^
/Users/yaojun/db/incubator-graphar/cpp/src/graphar/arrow/chunk_reader.cc:594:7: note: Assuming 'new_vertex_chunk_index' is < field 'vertex_chunk_num_'
  594 |   if (new_vertex_chunk_index >= vertex_chunk_num_) {
      |       ^~~~~~~~~~~~~~~~~~~~~~~~~~~~~~~~~~~~~~~~~~~
/Users/yaojun/db/incubator-graphar/cpp/src/graphar/arrow/chunk_reader.cc:594:3: note: Taking false branch
  594 |   if (new_vertex_chunk_index >= vertex_chunk_num_) {
      |   ^
/Users/yaojun/db/incubator-graphar/cpp/src/graphar/arrow/chunk_reader.cc:600:7: note: Assuming field 'chunk_num_' is >= 0
  600 |   if (chunk_num_ < 0 || vertex_chunk_index_ != new_vertex_chunk_index) {
      |       ^~~~~~~~~~~~~~
/Users/yaojun/db/incubator-graphar/cpp/src/graphar/arrow/chunk_reader.cc:600:7: note: Left side of '||' is false
/Users/yaojun/db/incubator-graphar/cpp/src/graphar/arrow/chunk_reader.cc:600:25: note: Assuming 'new_vertex_chunk_index' is equal to field 'vertex_chunk_index_'
  600 |   if (chunk_num_ < 0 || vertex_chunk_index_ != new_vertex_chunk_index) {
      |                         ^~~~~~~~~~~~~~~~~~~~~~~~~~~~~~~~~~~~~~~~~~~~~
/Users/yaojun/db/incubator-graphar/cpp/src/graphar/arrow/chunk_reader.cc:600:3: note: Taking false branch
  600 |   if (chunk_num_ < 0 || vertex_chunk_index_ != new_vertex_chunk_index) {
      |   ^
/Users/yaojun/db/incubator-graphar/cpp/src/graphar/arrow/chunk_reader.cc:607:7: note: Field 'adj_list_type_' is not equal to unordered_by_dest
  607 |   if (adj_list_type_ == AdjListType::unordered_by_dest) {
      |       ^
/Users/yaojun/db/incubator-graphar/cpp/src/graphar/arrow/chunk_reader.cc:607:3: note: Taking false branch
  607 |   if (adj_list_type_ == AdjListType::unordered_by_dest) {
      |   ^
/Users/yaojun/db/incubator-graphar/cpp/src/graphar/arrow/chunk_reader.cc:610:5: note: Taking true branch
  610 |     GAR_ASSIGN_OR_RAISE(auto range,
      |     ^
/Users/yaojun/db/incubator-graphar/cpp/src/graphar/result.h:65:3: note: expanded from macro 'GAR_ASSIGN_OR_RAISE'
   65 |   GAR_ASSIGN_OR_RAISE_IMPL(             \
      |   ^
/Users/yaojun/db/incubator-graphar/cpp/src/graphar/result.h:29:3: note: expanded from macro 'GAR_ASSIGN_OR_RAISE_IMPL'
   29 |   GAR_RETURN_IF_((result_name).has_error(), (result_name).error(), \
      |   ^
/Users/yaojun/db/incubator-graphar/cpp/src/graphar/status.h:30:5: note: expanded from macro 'GAR_RETURN_IF_'
   30 |     if (GAR_PREDICT_FALSE(condition)) {      \
      |     ^
/Users/yaojun/db/incubator-graphar/cpp/src/graphar/arrow/chunk_reader.cc:610:5: note: Calling 'result::error'
  610 |     GAR_ASSIGN_OR_RAISE(auto range,
      |     ^
/Users/yaojun/db/incubator-graphar/cpp/src/graphar/result.h:65:3: note: expanded from macro 'GAR_ASSIGN_OR_RAISE'
   65 |   GAR_ASSIGN_OR_RAISE_IMPL(             \
      |   ^~~~~~~~~~~~~~~~~~~~~~~~~~~~~~~~~~~~~~~
   66 |       GAR_ASSIGN_OR_RAISE_NAME(_error_or_value, __COUNTER__), lhs, rexpr);
      |       ~~~~~~~~~~~~~~~~~~~~~~~~~~~~~~~~~~~~~~~~~~~~~~~~~~~~~~~~~~~~~~~~~~~
/Users/yaojun/db/incubator-graphar/cpp/src/graphar/result.h:29:45: note: expanded from macro 'GAR_ASSIGN_OR_RAISE_IMPL'
   29 |   GAR_RETURN_IF_((result_name).has_error(), (result_name).error(), \
      |   ~~~~~~~~~~~~~~~~~~~~~~~~~~~~~~~~~~~~~~~~~~^~~~~~~~~~~~~~~~~~~~~~~~
   30 |                  GAR_STRINGIFY(rexpr));                            \
      |                  ~~~~~~~~~~~~~~~~~~~~~
/Users/yaojun/db/incubator-graphar/cpp/src/graphar/status.h:31:15: note: expanded from macro 'GAR_RETURN_IF_'
   31 |       return (status);                       \
      |               ^~~~~~
/Users/yaojun/db/incubator-graphar/cpp/thirdparty/result/result.hpp:4749:28: note: Field 'm_has_value' is false
 4749 |   return m_storage.storage.m_has_value
      |                            ^
/Users/yaojun/db/incubator-graphar/cpp/thirdparty/result/result.hpp:4749:10: note: '?' condition is false
 4749 |   return m_storage.storage.m_has_value
      |          ^
/Users/yaojun/db/incubator-graphar/cpp/thirdparty/result/result.hpp:4751:7: note: Calling copy constructor for 'Status'
 4751 |     : m_storage.storage.m_error;
      |       ^~~~~~~~~~~~~~~~~~~~~~~~~
/Users/yaojun/db/incubator-graphar/cpp/src/graphar/status.h:145:17: note: Assuming the condition is false
  145 |       : state_((s.state_ == nullptr) ? nullptr : new State(*s.state_)) {}
      |                 ^~~~~~~~~~~~~~~~~~~
/Users/yaojun/db/incubator-graphar/cpp/src/graphar/status.h:145:16: note: '?' condition is false
  145 |       : state_((s.state_ == nullptr) ? nullptr : new State(*s.state_)) {}
      |                ^
/Users/yaojun/db/incubator-graphar/cpp/src/graphar/status.h:145:50: note: Memory is allocated
  145 |       : state_((s.state_ == nullptr) ? nullptr : new State(*s.state_)) {}
      |                                                  ^~~~~~~~~~~~~~~~~~~~
/Users/yaojun/db/incubator-graphar/cpp/thirdparty/result/result.hpp:4751:7: note: Returning from copy constructor for 'Status'
 4751 |     : m_storage.storage.m_error;
      |       ^~~~~~~~~~~~~~~~~~~~~~~~~
/Users/yaojun/db/incubator-graphar/cpp/src/graphar/arrow/chunk_reader.cc:610:5: note: Returned allocated memory
  610 |     GAR_ASSIGN_OR_RAISE(auto range,
      |     ^
/Users/yaojun/db/incubator-graphar/cpp/src/graphar/result.h:65:3: note: expanded from macro 'GAR_ASSIGN_OR_RAISE'
   65 |   GAR_ASSIGN_OR_RAISE_IMPL(             \
      |   ^~~~~~~~~~~~~~~~~~~~~~~~~~~~~~~~~~~~~~~
   66 |       GAR_ASSIGN_OR_RAISE_NAME(_error_or_value, __COUNTER__), lhs, rexpr);
      |       ~~~~~~~~~~~~~~~~~~~~~~~~~~~~~~~~~~~~~~~~~~~~~~~~~~~~~~~~~~~~~~~~~~~
/Users/yaojun/db/incubator-graphar/cpp/src/graphar/result.h:29:45: note: expanded from macro 'GAR_ASSIGN_OR_RAISE_IMPL'
   29 |   GAR_RETURN_IF_((result_name).has_error(), (result_name).error(), \
      |   ~~~~~~~~~~~~~~~~~~~~~~~~~~~~~~~~~~~~~~~~~~^~~~~~~~~~~~~~~~~~~~~~~~
   30 |                  GAR_STRINGIFY(rexpr));                            \
      |                  ~~~~~~~~~~~~~~~~~~~~~
/Users/yaojun/db/incubator-graphar/cpp/src/graphar/status.h:31:15: note: expanded from macro 'GAR_RETURN_IF_'
   31 |       return (status);                       \
      |               ^~~~~~
/Users/yaojun/db/incubator-graphar/cpp/src/graphar/arrow/chunk_reader.cc:610:5: note: Potential leak of memory pointed to by field 'state_'
  610 |     GAR_ASSIGN_OR_RAISE(auto range,
      |     ^
/Users/yaojun/db/incubator-graphar/cpp/src/graphar/result.h:65:3: note: expanded from macro 'GAR_ASSIGN_OR_RAISE'
   65 |   GAR_ASSIGN_OR_RAISE_IMPL(             \
      |   ^
/Users/yaojun/db/incubator-graphar/cpp/src/graphar/result.h:29:3: note: expanded from macro 'GAR_ASSIGN_OR_RAISE_IMPL'
   29 |   GAR_RETURN_IF_((result_name).has_error(), (result_name).error(), \
      |   ^
/Users/yaojun/db/incubator-graphar/cpp/src/graphar/status.h:31:7: note: expanded from macro 'GAR_RETURN_IF_'
   31 |       return (status);                       \
      |       ^
/Users/yaojun/db/incubator-graphar/cpp/src/graphar/arrow/chunk_reader.cc:730:3: warning: Potential leak of memory pointed to by field 'state_' [clang-analyzer-cplusplus.NewDeleteLeaks]
  730 |   GAR_ASSIGN_OR_RAISE(chunk_num_,
      |   ^
/Users/yaojun/db/incubator-graphar/cpp/src/graphar/result.h:65:3: note: expanded from macro 'GAR_ASSIGN_OR_RAISE'
   65 |   GAR_ASSIGN_OR_RAISE_IMPL(             \
      |   ^
/Users/yaojun/db/incubator-graphar/cpp/src/graphar/result.h:29:3: note: expanded from macro 'GAR_ASSIGN_OR_RAISE_IMPL'
   29 |   GAR_RETURN_IF_((result_name).has_error(), (result_name).error(), \
      |   ^
/Users/yaojun/db/incubator-graphar/cpp/src/graphar/status.h:31:7: note: expanded from macro 'GAR_RETURN_IF_'
   31 |       return (status);                       \
      |       ^
/Users/yaojun/db/incubator-graphar/cpp/src/graphar/arrow/chunk_reader.cc:680:7: note: Assuming field 'chunk_num_' is < 0
  680 |   if (chunk_num_ < 0 || vertex_chunk_index_ != vertex_chunk_index) {
      |       ^~~~~~~~~~~~~~
/Users/yaojun/db/incubator-graphar/cpp/src/graphar/arrow/chunk_reader.cc:680:22: note: Left side of '||' is true
  680 |   if (chunk_num_ < 0 || vertex_chunk_index_ != vertex_chunk_index) {
      |                      ^
/Users/yaojun/db/incubator-graphar/cpp/src/graphar/arrow/chunk_reader.cc:682:23: note: Calling 'AdjListArrowChunkReader::initOrUpdateEdgeChunkNum'
  682 |     GAR_RETURN_NOT_OK(initOrUpdateEdgeChunkNum());
      |                       ^
/Users/yaojun/db/incubator-graphar/cpp/src/graphar/status.h:38:66: note: expanded from macro 'GAR_RETURN_NOT_OK'
   38 |     ::graphar::Status __s = ::graphar::internal::GenericToStatus(status); \
      |                                                                  ^~~~~~
/Users/yaojun/db/incubator-graphar/cpp/src/graphar/arrow/chunk_reader.cc:730:3: note: Taking true branch
  730 |   GAR_ASSIGN_OR_RAISE(chunk_num_,
      |   ^
/Users/yaojun/db/incubator-graphar/cpp/src/graphar/result.h:65:3: note: expanded from macro 'GAR_ASSIGN_OR_RAISE'
   65 |   GAR_ASSIGN_OR_RAISE_IMPL(             \
      |   ^
/Users/yaojun/db/incubator-graphar/cpp/src/graphar/result.h:29:3: note: expanded from macro 'GAR_ASSIGN_OR_RAISE_IMPL'
   29 |   GAR_RETURN_IF_((result_name).has_error(), (result_name).error(), \
      |   ^
/Users/yaojun/db/incubator-graphar/cpp/src/graphar/status.h:30:5: note: expanded from macro 'GAR_RETURN_IF_'
   30 |     if (GAR_PREDICT_FALSE(condition)) {      \
      |     ^
/Users/yaojun/db/incubator-graphar/cpp/src/graphar/arrow/chunk_reader.cc:730:3: note: Calling 'result::error'
  730 |   GAR_ASSIGN_OR_RAISE(chunk_num_,
      |   ^
/Users/yaojun/db/incubator-graphar/cpp/src/graphar/result.h:65:3: note: expanded from macro 'GAR_ASSIGN_OR_RAISE'
   65 |   GAR_ASSIGN_OR_RAISE_IMPL(             \
      |   ^~~~~~~~~~~~~~~~~~~~~~~~~~~~~~~~~~~~~~~
   66 |       GAR_ASSIGN_OR_RAISE_NAME(_error_or_value, __COUNTER__), lhs, rexpr);
      |       ~~~~~~~~~~~~~~~~~~~~~~~~~~~~~~~~~~~~~~~~~~~~~~~~~~~~~~~~~~~~~~~~~~~
/Users/yaojun/db/incubator-graphar/cpp/src/graphar/result.h:29:45: note: expanded from macro 'GAR_ASSIGN_OR_RAISE_IMPL'
   29 |   GAR_RETURN_IF_((result_name).has_error(), (result_name).error(), \
      |   ~~~~~~~~~~~~~~~~~~~~~~~~~~~~~~~~~~~~~~~~~~^~~~~~~~~~~~~~~~~~~~~~~~
   30 |                  GAR_STRINGIFY(rexpr));                            \
      |                  ~~~~~~~~~~~~~~~~~~~~~
/Users/yaojun/db/incubator-graphar/cpp/src/graphar/status.h:31:15: note: expanded from macro 'GAR_RETURN_IF_'
   31 |       return (status);                       \
      |               ^~~~~~
/Users/yaojun/db/incubator-graphar/cpp/thirdparty/result/result.hpp:4749:28: note: Field 'm_has_value' is false
 4749 |   return m_storage.storage.m_has_value
      |                            ^
/Users/yaojun/db/incubator-graphar/cpp/thirdparty/result/result.hpp:4749:10: note: '?' condition is false
 4749 |   return m_storage.storage.m_has_value
      |          ^
/Users/yaojun/db/incubator-graphar/cpp/thirdparty/result/result.hpp:4751:7: note: Calling copy constructor for 'Status'
 4751 |     : m_storage.storage.m_error;
      |       ^~~~~~~~~~~~~~~~~~~~~~~~~
/Users/yaojun/db/incubator-graphar/cpp/src/graphar/status.h:145:17: note: Assuming the condition is false
  145 |       : state_((s.state_ == nullptr) ? nullptr : new State(*s.state_)) {}
      |                 ^~~~~~~~~~~~~~~~~~~
/Users/yaojun/db/incubator-graphar/cpp/src/graphar/status.h:145:16: note: '?' condition is false
  145 |       : state_((s.state_ == nullptr) ? nullptr : new State(*s.state_)) {}
      |                ^
/Users/yaojun/db/incubator-graphar/cpp/src/graphar/status.h:145:50: note: Memory is allocated
  145 |       : state_((s.state_ == nullptr) ? nullptr : new State(*s.state_)) {}
      |                                                  ^~~~~~~~~~~~~~~~~~~~
/Users/yaojun/db/incubator-graphar/cpp/thirdparty/result/result.hpp:4751:7: note: Returning from copy constructor for 'Status'
 4751 |     : m_storage.storage.m_error;
      |       ^~~~~~~~~~~~~~~~~~~~~~~~~
/Users/yaojun/db/incubator-graphar/cpp/src/graphar/arrow/chunk_reader.cc:730:3: note: Returned allocated memory
  730 |   GAR_ASSIGN_OR_RAISE(chunk_num_,
      |   ^
/Users/yaojun/db/incubator-graphar/cpp/src/graphar/result.h:65:3: note: expanded from macro 'GAR_ASSIGN_OR_RAISE'
   65 |   GAR_ASSIGN_OR_RAISE_IMPL(             \
      |   ^~~~~~~~~~~~~~~~~~~~~~~~~~~~~~~~~~~~~~~
   66 |       GAR_ASSIGN_OR_RAISE_NAME(_error_or_value, __COUNTER__), lhs, rexpr);
      |       ~~~~~~~~~~~~~~~~~~~~~~~~~~~~~~~~~~~~~~~~~~~~~~~~~~~~~~~~~~~~~~~~~~~
/Users/yaojun/db/incubator-graphar/cpp/src/graphar/result.h:29:45: note: expanded from macro 'GAR_ASSIGN_OR_RAISE_IMPL'
   29 |   GAR_RETURN_IF_((result_name).has_error(), (result_name).error(), \
      |   ~~~~~~~~~~~~~~~~~~~~~~~~~~~~~~~~~~~~~~~~~~^~~~~~~~~~~~~~~~~~~~~~~~
   30 |                  GAR_STRINGIFY(rexpr));                            \
      |                  ~~~~~~~~~~~~~~~~~~~~~
/Users/yaojun/db/incubator-graphar/cpp/src/graphar/status.h:31:15: note: expanded from macro 'GAR_RETURN_IF_'
   31 |       return (status);                       \
      |               ^~~~~~
/Users/yaojun/db/incubator-graphar/cpp/src/graphar/arrow/chunk_reader.cc:730:3: note: Potential leak of memory pointed to by field 'state_'
  730 |   GAR_ASSIGN_OR_RAISE(chunk_num_,
      |   ^
/Users/yaojun/db/incubator-graphar/cpp/src/graphar/result.h:65:3: note: expanded from macro 'GAR_ASSIGN_OR_RAISE'
   65 |   GAR_ASSIGN_OR_RAISE_IMPL(             \
      |   ^
/Users/yaojun/db/incubator-graphar/cpp/src/graphar/result.h:29:3: note: expanded from macro 'GAR_ASSIGN_OR_RAISE_IMPL'
   29 |   GAR_RETURN_IF_((result_name).has_error(), (result_name).error(), \
      |   ^
/Users/yaojun/db/incubator-graphar/cpp/src/graphar/status.h:31:7: note: expanded from macro 'GAR_RETURN_IF_'
   31 |       return (status);                       \
      |       ^
/Users/yaojun/db/incubator-graphar/cpp/src/graphar/arrow/chunk_reader.cc:841:5: warning: pass by value and use std::move [modernize-pass-by-value]
  841 |     const util::FilterOptions& options)
      |     ^~~~~~~~~~~~~~~~~~~~~~~~~~
      |     util::FilterOptions 
  842 |     : edge_info_(std::move(edge_info)),
  843 |       property_group_(std::move(property_group)),
  844 |       adj_list_type_(adj_list_type),
  845 |       prefix_(prefix),
  846 |       vertex_chunk_index_(0),
  847 |       chunk_index_(0),
  848 |       seek_offset_(0),
  849 |       schema_(nullptr),
  850 |       chunk_table_(nullptr),
  851 |       filter_options_(options),
      |                              
      |                       std::move( )
/Users/yaojun/db/incubator-graphar/cpp/src/graphar/arrow/chunk_reader.cc:906:5: warning: Potential leak of memory pointed to by field 'state_' [clang-analyzer-cplusplus.NewDeleteLeaks]
  906 |     GAR_ASSIGN_OR_RAISE(auto range,
      |     ^
/Users/yaojun/db/incubator-graphar/cpp/src/graphar/result.h:65:3: note: expanded from macro 'GAR_ASSIGN_OR_RAISE'
   65 |   GAR_ASSIGN_OR_RAISE_IMPL(             \
      |   ^
/Users/yaojun/db/incubator-graphar/cpp/src/graphar/result.h:29:3: note: expanded from macro 'GAR_ASSIGN_OR_RAISE_IMPL'
   29 |   GAR_RETURN_IF_((result_name).has_error(), (result_name).error(), \
      |   ^
/Users/yaojun/db/incubator-graphar/cpp/src/graphar/status.h:31:7: note: expanded from macro 'GAR_RETURN_IF_'
   31 |       return (status);                       \
      |       ^
/Users/yaojun/db/incubator-graphar/cpp/src/graphar/arrow/chunk_reader.cc:883:7: note: Assuming field 'adj_list_type_' is not equal to unordered_by_source
  883 |   if (adj_list_type_ != AdjListType::unordered_by_source &&
      |       ^~~~~~~~~~~~~~~~~~~~~~~~~~~~~~~~~~~~~~~~~~~~~~~~~~
/Users/yaojun/db/incubator-graphar/cpp/src/graphar/arrow/chunk_reader.cc:883:7: note: Left side of '&&' is true
/Users/yaojun/db/incubator-graphar/cpp/src/graphar/arrow/chunk_reader.cc:884:7: note: Assuming field 'adj_list_type_' is equal to ordered_by_source
  884 |       adj_list_type_ != AdjListType::ordered_by_source) {
      |       ^~~~~~~~~~~~~~~~~~~~~~~~~~~~~~~~~~~~~~~~~~~~~~~~
/Users/yaojun/db/incubator-graphar/cpp/src/graphar/arrow/chunk_reader.cc:883:3: note: Taking false branch
  883 |   if (adj_list_type_ != AdjListType::unordered_by_source &&
      |   ^
/Users/yaojun/db/incubator-graphar/cpp/src/graphar/arrow/chunk_reader.cc:891:7: note: Assuming 'new_vertex_chunk_index' is < field 'vertex_chunk_num_'
  891 |   if (new_vertex_chunk_index >= vertex_chunk_num_) {
      |       ^~~~~~~~~~~~~~~~~~~~~~~~~~~~~~~~~~~~~~~~~~~
/Users/yaojun/db/incubator-graphar/cpp/src/graphar/arrow/chunk_reader.cc:891:3: note: Taking false branch
  891 |   if (new_vertex_chunk_index >= vertex_chunk_num_) {
      |   ^
/Users/yaojun/db/incubator-graphar/cpp/src/graphar/arrow/chunk_reader.cc:897:7: note: Assuming field 'chunk_num_' is >= 0
  897 |   if (chunk_num_ < 0 || vertex_chunk_index_ != new_vertex_chunk_index) {
      |       ^~~~~~~~~~~~~~
/Users/yaojun/db/incubator-graphar/cpp/src/graphar/arrow/chunk_reader.cc:897:7: note: Left side of '||' is false
/Users/yaojun/db/incubator-graphar/cpp/src/graphar/arrow/chunk_reader.cc:897:25: note: Assuming 'new_vertex_chunk_index' is equal to field 'vertex_chunk_index_'
  897 |   if (chunk_num_ < 0 || vertex_chunk_index_ != new_vertex_chunk_index) {
      |                         ^~~~~~~~~~~~~~~~~~~~~~~~~~~~~~~~~~~~~~~~~~~~~
/Users/yaojun/db/incubator-graphar/cpp/src/graphar/arrow/chunk_reader.cc:897:3: note: Taking false branch
  897 |   if (chunk_num_ < 0 || vertex_chunk_index_ != new_vertex_chunk_index) {
      |   ^
/Users/yaojun/db/incubator-graphar/cpp/src/graphar/arrow/chunk_reader.cc:903:7: note: Field 'adj_list_type_' is not equal to unordered_by_source
  903 |   if (adj_list_type_ == AdjListType::unordered_by_source) {
      |       ^
/Users/yaojun/db/incubator-graphar/cpp/src/graphar/arrow/chunk_reader.cc:903:3: note: Taking false branch
  903 |   if (adj_list_type_ == AdjListType::unordered_by_source) {
      |   ^
/Users/yaojun/db/incubator-graphar/cpp/src/graphar/arrow/chunk_reader.cc:906:5: note: Taking true branch
  906 |     GAR_ASSIGN_OR_RAISE(auto range,
      |     ^
/Users/yaojun/db/incubator-graphar/cpp/src/graphar/result.h:65:3: note: expanded from macro 'GAR_ASSIGN_OR_RAISE'
   65 |   GAR_ASSIGN_OR_RAISE_IMPL(             \
      |   ^
/Users/yaojun/db/incubator-graphar/cpp/src/graphar/result.h:29:3: note: expanded from macro 'GAR_ASSIGN_OR_RAISE_IMPL'
   29 |   GAR_RETURN_IF_((result_name).has_error(), (result_name).error(), \
      |   ^
/Users/yaojun/db/incubator-graphar/cpp/src/graphar/status.h:30:5: note: expanded from macro 'GAR_RETURN_IF_'
   30 |     if (GAR_PREDICT_FALSE(condition)) {      \
      |     ^
/Users/yaojun/db/incubator-graphar/cpp/src/graphar/arrow/chunk_reader.cc:906:5: note: Calling 'result::error'
  906 |     GAR_ASSIGN_OR_RAISE(auto range,
      |     ^
/Users/yaojun/db/incubator-graphar/cpp/src/graphar/result.h:65:3: note: expanded from macro 'GAR_ASSIGN_OR_RAISE'
   65 |   GAR_ASSIGN_OR_RAISE_IMPL(             \
      |   ^~~~~~~~~~~~~~~~~~~~~~~~~~~~~~~~~~~~~~~
   66 |       GAR_ASSIGN_OR_RAISE_NAME(_error_or_value, __COUNTER__), lhs, rexpr);
      |       ~~~~~~~~~~~~~~~~~~~~~~~~~~~~~~~~~~~~~~~~~~~~~~~~~~~~~~~~~~~~~~~~~~~
/Users/yaojun/db/incubator-graphar/cpp/src/graphar/result.h:29:45: note: expanded from macro 'GAR_ASSIGN_OR_RAISE_IMPL'
   29 |   GAR_RETURN_IF_((result_name).has_error(), (result_name).error(), \
      |   ~~~~~~~~~~~~~~~~~~~~~~~~~~~~~~~~~~~~~~~~~~^~~~~~~~~~~~~~~~~~~~~~~~
   30 |                  GAR_STRINGIFY(rexpr));                            \
      |                  ~~~~~~~~~~~~~~~~~~~~~
/Users/yaojun/db/incubator-graphar/cpp/src/graphar/status.h:31:15: note: expanded from macro 'GAR_RETURN_IF_'
   31 |       return (status);                       \
      |               ^~~~~~
/Users/yaojun/db/incubator-graphar/cpp/thirdparty/result/result.hpp:4749:28: note: Field 'm_has_value' is false
 4749 |   return m_storage.storage.m_has_value
      |                            ^
/Users/yaojun/db/incubator-graphar/cpp/thirdparty/result/result.hpp:4749:10: note: '?' condition is false
 4749 |   return m_storage.storage.m_has_value
      |          ^
/Users/yaojun/db/incubator-graphar/cpp/thirdparty/result/result.hpp:4751:7: note: Calling copy constructor for 'Status'
 4751 |     : m_storage.storage.m_error;
      |       ^~~~~~~~~~~~~~~~~~~~~~~~~
/Users/yaojun/db/incubator-graphar/cpp/src/graphar/status.h:145:17: note: Assuming the condition is false
  145 |       : state_((s.state_ == nullptr) ? nullptr : new State(*s.state_)) {}
      |                 ^~~~~~~~~~~~~~~~~~~
/Users/yaojun/db/incubator-graphar/cpp/src/graphar/status.h:145:16: note: '?' condition is false
  145 |       : state_((s.state_ == nullptr) ? nullptr : new State(*s.state_)) {}
      |                ^
/Users/yaojun/db/incubator-graphar/cpp/src/graphar/status.h:145:50: note: Memory is allocated
  145 |       : state_((s.state_ == nullptr) ? nullptr : new State(*s.state_)) {}
      |                                                  ^~~~~~~~~~~~~~~~~~~~
/Users/yaojun/db/incubator-graphar/cpp/thirdparty/result/result.hpp:4751:7: note: Returning from copy constructor for 'Status'
 4751 |     : m_storage.storage.m_error;
      |       ^~~~~~~~~~~~~~~~~~~~~~~~~
/Users/yaojun/db/incubator-graphar/cpp/src/graphar/arrow/chunk_reader.cc:906:5: note: Returned allocated memory
  906 |     GAR_ASSIGN_OR_RAISE(auto range,
      |     ^
/Users/yaojun/db/incubator-graphar/cpp/src/graphar/result.h:65:3: note: expanded from macro 'GAR_ASSIGN_OR_RAISE'
   65 |   GAR_ASSIGN_OR_RAISE_IMPL(             \
      |   ^~~~~~~~~~~~~~~~~~~~~~~~~~~~~~~~~~~~~~~
   66 |       GAR_ASSIGN_OR_RAISE_NAME(_error_or_value, __COUNTER__), lhs, rexpr);
      |       ~~~~~~~~~~~~~~~~~~~~~~~~~~~~~~~~~~~~~~~~~~~~~~~~~~~~~~~~~~~~~~~~~~~
/Users/yaojun/db/incubator-graphar/cpp/src/graphar/result.h:29:45: note: expanded from macro 'GAR_ASSIGN_OR_RAISE_IMPL'
   29 |   GAR_RETURN_IF_((result_name).has_error(), (result_name).error(), \
      |   ~~~~~~~~~~~~~~~~~~~~~~~~~~~~~~~~~~~~~~~~~~^~~~~~~~~~~~~~~~~~~~~~~~
   30 |                  GAR_STRINGIFY(rexpr));                            \
      |                  ~~~~~~~~~~~~~~~~~~~~~
/Users/yaojun/db/incubator-graphar/cpp/src/graphar/status.h:31:15: note: expanded from macro 'GAR_RETURN_IF_'
   31 |       return (status);                       \
      |               ^~~~~~
/Users/yaojun/db/incubator-graphar/cpp/src/graphar/arrow/chunk_reader.cc:906:5: note: Potential leak of memory pointed to by field 'state_'
  906 |     GAR_ASSIGN_OR_RAISE(auto range,
      |     ^
/Users/yaojun/db/incubator-graphar/cpp/src/graphar/result.h:65:3: note: expanded from macro 'GAR_ASSIGN_OR_RAISE'
   65 |   GAR_ASSIGN_OR_RAISE_IMPL(             \
      |   ^
/Users/yaojun/db/incubator-graphar/cpp/src/graphar/result.h:29:3: note: expanded from macro 'GAR_ASSIGN_OR_RAISE_IMPL'
   29 |   GAR_RETURN_IF_((result_name).has_error(), (result_name).error(), \
      |   ^
/Users/yaojun/db/incubator-graphar/cpp/src/graphar/status.h:31:7: note: expanded from macro 'GAR_RETURN_IF_'
   31 |       return (status);                       \
      |       ^
/Users/yaojun/db/incubator-graphar/cpp/src/graphar/arrow/chunk_reader.cc:938:5: warning: Potential leak of memory pointed to by field 'state_' [clang-analyzer-cplusplus.NewDeleteLeaks]
  938 |     GAR_ASSIGN_OR_RAISE(auto range,
      |     ^
/Users/yaojun/db/incubator-graphar/cpp/src/graphar/result.h:65:3: note: expanded from macro 'GAR_ASSIGN_OR_RAISE'
   65 |   GAR_ASSIGN_OR_RAISE_IMPL(             \
      |   ^
/Users/yaojun/db/incubator-graphar/cpp/src/graphar/result.h:29:3: note: expanded from macro 'GAR_ASSIGN_OR_RAISE_IMPL'
   29 |   GAR_RETURN_IF_((result_name).has_error(), (result_name).error(), \
      |   ^
/Users/yaojun/db/incubator-graphar/cpp/src/graphar/status.h:31:7: note: expanded from macro 'GAR_RETURN_IF_'
   31 |       return (status);                       \
      |       ^
/Users/yaojun/db/incubator-graphar/cpp/src/graphar/arrow/chunk_reader.cc:915:7: note: Assuming field 'adj_list_type_' is not equal to unordered_by_dest
  915 |   if (adj_list_type_ != AdjListType::unordered_by_dest &&
      |       ^~~~~~~~~~~~~~~~~~~~~~~~~~~~~~~~~~~~~~~~~~~~~~~~
/Users/yaojun/db/incubator-graphar/cpp/src/graphar/arrow/chunk_reader.cc:915:7: note: Left side of '&&' is true
/Users/yaojun/db/incubator-graphar/cpp/src/graphar/arrow/chunk_reader.cc:916:7: note: Assuming field 'adj_list_type_' is equal to ordered_by_dest
  916 |       adj_list_type_ != AdjListType::ordered_by_dest) {
      |       ^~~~~~~~~~~~~~~~~~~~~~~~~~~~~~~~~~~~~~~~~~~~~~
/Users/yaojun/db/incubator-graphar/cpp/src/graphar/arrow/chunk_reader.cc:915:3: note: Taking false branch
  915 |   if (adj_list_type_ != AdjListType::unordered_by_dest &&
      |   ^
/Users/yaojun/db/incubator-graphar/cpp/src/graphar/arrow/chunk_reader.cc:923:7: note: Assuming 'new_vertex_chunk_index' is < field 'vertex_chunk_num_'
  923 |   if (new_vertex_chunk_index >= vertex_chunk_num_) {
      |       ^~~~~~~~~~~~~~~~~~~~~~~~~~~~~~~~~~~~~~~~~~~
/Users/yaojun/db/incubator-graphar/cpp/src/graphar/arrow/chunk_reader.cc:923:3: note: Taking false branch
  923 |   if (new_vertex_chunk_index >= vertex_chunk_num_) {
      |   ^
/Users/yaojun/db/incubator-graphar/cpp/src/graphar/arrow/chunk_reader.cc:929:7: note: Assuming field 'chunk_num_' is >= 0
  929 |   if (chunk_num_ < 0 || vertex_chunk_index_ != new_vertex_chunk_index) {
      |       ^~~~~~~~~~~~~~
/Users/yaojun/db/incubator-graphar/cpp/src/graphar/arrow/chunk_reader.cc:929:7: note: Left side of '||' is false
/Users/yaojun/db/incubator-graphar/cpp/src/graphar/arrow/chunk_reader.cc:929:25: note: Assuming 'new_vertex_chunk_index' is equal to field 'vertex_chunk_index_'
  929 |   if (chunk_num_ < 0 || vertex_chunk_index_ != new_vertex_chunk_index) {
      |                         ^~~~~~~~~~~~~~~~~~~~~~~~~~~~~~~~~~~~~~~~~~~~~
/Users/yaojun/db/incubator-graphar/cpp/src/graphar/arrow/chunk_reader.cc:929:3: note: Taking false branch
  929 |   if (chunk_num_ < 0 || vertex_chunk_index_ != new_vertex_chunk_index) {
      |   ^
/Users/yaojun/db/incubator-graphar/cpp/src/graphar/arrow/chunk_reader.cc:935:7: note: Field 'adj_list_type_' is not equal to unordered_by_dest
  935 |   if (adj_list_type_ == AdjListType::unordered_by_dest) {
      |       ^
/Users/yaojun/db/incubator-graphar/cpp/src/graphar/arrow/chunk_reader.cc:935:3: note: Taking false branch
  935 |   if (adj_list_type_ == AdjListType::unordered_by_dest) {
      |   ^
/Users/yaojun/db/incubator-graphar/cpp/src/graphar/arrow/chunk_reader.cc:938:5: note: Taking true branch
  938 |     GAR_ASSIGN_OR_RAISE(auto range,
      |     ^
/Users/yaojun/db/incubator-graphar/cpp/src/graphar/result.h:65:3: note: expanded from macro 'GAR_ASSIGN_OR_RAISE'
   65 |   GAR_ASSIGN_OR_RAISE_IMPL(             \
      |   ^
/Users/yaojun/db/incubator-graphar/cpp/src/graphar/result.h:29:3: note: expanded from macro 'GAR_ASSIGN_OR_RAISE_IMPL'
   29 |   GAR_RETURN_IF_((result_name).has_error(), (result_name).error(), \
      |   ^
/Users/yaojun/db/incubator-graphar/cpp/src/graphar/status.h:30:5: note: expanded from macro 'GAR_RETURN_IF_'
   30 |     if (GAR_PREDICT_FALSE(condition)) {      \
      |     ^
/Users/yaojun/db/incubator-graphar/cpp/src/graphar/arrow/chunk_reader.cc:938:5: note: Calling 'result::error'
  938 |     GAR_ASSIGN_OR_RAISE(auto range,
      |     ^
/Users/yaojun/db/incubator-graphar/cpp/src/graphar/result.h:65:3: note: expanded from macro 'GAR_ASSIGN_OR_RAISE'
   65 |   GAR_ASSIGN_OR_RAISE_IMPL(             \
      |   ^~~~~~~~~~~~~~~~~~~~~~~~~~~~~~~~~~~~~~~
   66 |       GAR_ASSIGN_OR_RAISE_NAME(_error_or_value, __COUNTER__), lhs, rexpr);
      |       ~~~~~~~~~~~~~~~~~~~~~~~~~~~~~~~~~~~~~~~~~~~~~~~~~~~~~~~~~~~~~~~~~~~
/Users/yaojun/db/incubator-graphar/cpp/src/graphar/result.h:29:45: note: expanded from macro 'GAR_ASSIGN_OR_RAISE_IMPL'
   29 |   GAR_RETURN_IF_((result_name).has_error(), (result_name).error(), \
      |   ~~~~~~~~~~~~~~~~~~~~~~~~~~~~~~~~~~~~~~~~~~^~~~~~~~~~~~~~~~~~~~~~~~
   30 |                  GAR_STRINGIFY(rexpr));                            \
      |                  ~~~~~~~~~~~~~~~~~~~~~
/Users/yaojun/db/incubator-graphar/cpp/src/graphar/status.h:31:15: note: expanded from macro 'GAR_RETURN_IF_'
   31 |       return (status);                       \
      |               ^~~~~~
/Users/yaojun/db/incubator-graphar/cpp/thirdparty/result/result.hpp:4749:28: note: Field 'm_has_value' is false
 4749 |   return m_storage.storage.m_has_value
      |                            ^
/Users/yaojun/db/incubator-graphar/cpp/thirdparty/result/result.hpp:4749:10: note: '?' condition is false
 4749 |   return m_storage.storage.m_has_value
      |          ^
/Users/yaojun/db/incubator-graphar/cpp/thirdparty/result/result.hpp:4751:7: note: Calling copy constructor for 'Status'
 4751 |     : m_storage.storage.m_error;
      |       ^~~~~~~~~~~~~~~~~~~~~~~~~
/Users/yaojun/db/incubator-graphar/cpp/src/graphar/status.h:145:17: note: Assuming the condition is false
  145 |       : state_((s.state_ == nullptr) ? nullptr : new State(*s.state_)) {}
      |                 ^~~~~~~~~~~~~~~~~~~
/Users/yaojun/db/incubator-graphar/cpp/src/graphar/status.h:145:16: note: '?' condition is false
  145 |       : state_((s.state_ == nullptr) ? nullptr : new State(*s.state_)) {}
      |                ^
/Users/yaojun/db/incubator-graphar/cpp/src/graphar/status.h:145:50: note: Memory is allocated
  145 |       : state_((s.state_ == nullptr) ? nullptr : new State(*s.state_)) {}
      |                                                  ^~~~~~~~~~~~~~~~~~~~
/Users/yaojun/db/incubator-graphar/cpp/thirdparty/result/result.hpp:4751:7: note: Returning from copy constructor for 'Status'
 4751 |     : m_storage.storage.m_error;
      |       ^~~~~~~~~~~~~~~~~~~~~~~~~
/Users/yaojun/db/incubator-graphar/cpp/src/graphar/arrow/chunk_reader.cc:938:5: note: Returned allocated memory
  938 |     GAR_ASSIGN_OR_RAISE(auto range,
      |     ^
/Users/yaojun/db/incubator-graphar/cpp/src/graphar/result.h:65:3: note: expanded from macro 'GAR_ASSIGN_OR_RAISE'
   65 |   GAR_ASSIGN_OR_RAISE_IMPL(             \
      |   ^~~~~~~~~~~~~~~~~~~~~~~~~~~~~~~~~~~~~~~
   66 |       GAR_ASSIGN_OR_RAISE_NAME(_error_or_value, __COUNTER__), lhs, rexpr);
      |       ~~~~~~~~~~~~~~~~~~~~~~~~~~~~~~~~~~~~~~~~~~~~~~~~~~~~~~~~~~~~~~~~~~~
/Users/yaojun/db/incubator-graphar/cpp/src/graphar/result.h:29:45: note: expanded from macro 'GAR_ASSIGN_OR_RAISE_IMPL'
   29 |   GAR_RETURN_IF_((result_name).has_error(), (result_name).error(), \
      |   ~~~~~~~~~~~~~~~~~~~~~~~~~~~~~~~~~~~~~~~~~~^~~~~~~~~~~~~~~~~~~~~~~~
   30 |                  GAR_STRINGIFY(rexpr));                            \
      |                  ~~~~~~~~~~~~~~~~~~~~~
/Users/yaojun/db/incubator-graphar/cpp/src/graphar/status.h:31:15: note: expanded from macro 'GAR_RETURN_IF_'
   31 |       return (status);                       \
      |               ^~~~~~
/Users/yaojun/db/incubator-graphar/cpp/src/graphar/arrow/chunk_reader.cc:938:5: note: Potential leak of memory pointed to by field 'state_'
  938 |     GAR_ASSIGN_OR_RAISE(auto range,
      |     ^
/Users/yaojun/db/incubator-graphar/cpp/src/graphar/result.h:65:3: note: expanded from macro 'GAR_ASSIGN_OR_RAISE'
   65 |   GAR_ASSIGN_OR_RAISE_IMPL(             \
      |   ^
/Users/yaojun/db/incubator-graphar/cpp/src/graphar/result.h:29:3: note: expanded from macro 'GAR_ASSIGN_OR_RAISE_IMPL'
   29 |   GAR_RETURN_IF_((result_name).has_error(), (result_name).error(), \
      |   ^
/Users/yaojun/db/incubator-graphar/cpp/src/graphar/status.h:31:7: note: expanded from macro 'GAR_RETURN_IF_'
   31 |       return (status);                       \
      |       ^
/Users/yaojun/db/incubator-graphar/cpp/src/graphar/arrow/chunk_reader.cc:1093:3: warning: Potential leak of memory pointed to by field 'state_' [clang-analyzer-cplusplus.NewDeleteLeaks]
 1093 |   GAR_ASSIGN_OR_RAISE(chunk_num_,
      |   ^
/Users/yaojun/db/incubator-graphar/cpp/src/graphar/result.h:65:3: note: expanded from macro 'GAR_ASSIGN_OR_RAISE'
   65 |   GAR_ASSIGN_OR_RAISE_IMPL(             \
      |   ^
/Users/yaojun/db/incubator-graphar/cpp/src/graphar/result.h:29:3: note: expanded from macro 'GAR_ASSIGN_OR_RAISE_IMPL'
   29 |   GAR_RETURN_IF_((result_name).has_error(), (result_name).error(), \
      |   ^
/Users/yaojun/db/incubator-graphar/cpp/src/graphar/status.h:31:7: note: expanded from macro 'GAR_RETURN_IF_'
   31 |       return (status);                       \
      |       ^
/Users/yaojun/db/incubator-graphar/cpp/src/graphar/arrow/chunk_reader.cc:1020:7: note: Assuming field 'chunk_num_' is < 0
 1020 |   if (chunk_num_ < 0 || vertex_chunk_index_ != vertex_chunk_index) {
      |       ^~~~~~~~~~~~~~
/Users/yaojun/db/incubator-graphar/cpp/src/graphar/arrow/chunk_reader.cc:1020:22: note: Left side of '||' is true
 1020 |   if (chunk_num_ < 0 || vertex_chunk_index_ != vertex_chunk_index) {
      |                      ^
/Users/yaojun/db/incubator-graphar/cpp/src/graphar/arrow/chunk_reader.cc:1022:23: note: Calling 'AdjListPropertyArrowChunkReader::initOrUpdateEdgeChunkNum'
 1022 |     GAR_RETURN_NOT_OK(initOrUpdateEdgeChunkNum());
      |                       ^
/Users/yaojun/db/incubator-graphar/cpp/src/graphar/status.h:38:66: note: expanded from macro 'GAR_RETURN_NOT_OK'
   38 |     ::graphar::Status __s = ::graphar::internal::GenericToStatus(status); \
      |                                                                  ^~~~~~
/Users/yaojun/db/incubator-graphar/cpp/src/graphar/arrow/chunk_reader.cc:1093:3: note: Taking true branch
 1093 |   GAR_ASSIGN_OR_RAISE(chunk_num_,
      |   ^
/Users/yaojun/db/incubator-graphar/cpp/src/graphar/result.h:65:3: note: expanded from macro 'GAR_ASSIGN_OR_RAISE'
   65 |   GAR_ASSIGN_OR_RAISE_IMPL(             \
      |   ^
/Users/yaojun/db/incubator-graphar/cpp/src/graphar/result.h:29:3: note: expanded from macro 'GAR_ASSIGN_OR_RAISE_IMPL'
   29 |   GAR_RETURN_IF_((result_name).has_error(), (result_name).error(), \
      |   ^
/Users/yaojun/db/incubator-graphar/cpp/src/graphar/status.h:30:5: note: expanded from macro 'GAR_RETURN_IF_'
   30 |     if (GAR_PREDICT_FALSE(condition)) {      \
      |     ^
/Users/yaojun/db/incubator-graphar/cpp/src/graphar/arrow/chunk_reader.cc:1093:3: note: Calling 'result::error'
 1093 |   GAR_ASSIGN_OR_RAISE(chunk_num_,
      |   ^
/Users/yaojun/db/incubator-graphar/cpp/src/graphar/result.h:65:3: note: expanded from macro 'GAR_ASSIGN_OR_RAISE'
   65 |   GAR_ASSIGN_OR_RAISE_IMPL(             \
      |   ^~~~~~~~~~~~~~~~~~~~~~~~~~~~~~~~~~~~~~~
   66 |       GAR_ASSIGN_OR_RAISE_NAME(_error_or_value, __COUNTER__), lhs, rexpr);
      |       ~~~~~~~~~~~~~~~~~~~~~~~~~~~~~~~~~~~~~~~~~~~~~~~~~~~~~~~~~~~~~~~~~~~
/Users/yaojun/db/incubator-graphar/cpp/src/graphar/result.h:29:45: note: expanded from macro 'GAR_ASSIGN_OR_RAISE_IMPL'
   29 |   GAR_RETURN_IF_((result_name).has_error(), (result_name).error(), \
      |   ~~~~~~~~~~~~~~~~~~~~~~~~~~~~~~~~~~~~~~~~~~^~~~~~~~~~~~~~~~~~~~~~~~
   30 |                  GAR_STRINGIFY(rexpr));                            \
      |                  ~~~~~~~~~~~~~~~~~~~~~
/Users/yaojun/db/incubator-graphar/cpp/src/graphar/status.h:31:15: note: expanded from macro 'GAR_RETURN_IF_'
   31 |       return (status);                       \
      |               ^~~~~~
/Users/yaojun/db/incubator-graphar/cpp/thirdparty/result/result.hpp:4749:28: note: Field 'm_has_value' is false
 4749 |   return m_storage.storage.m_has_value
      |                            ^
/Users/yaojun/db/incubator-graphar/cpp/thirdparty/result/result.hpp:4749:10: note: '?' condition is false
 4749 |   return m_storage.storage.m_has_value
      |          ^
/Users/yaojun/db/incubator-graphar/cpp/thirdparty/result/result.hpp:4751:7: note: Calling copy constructor for 'Status'
 4751 |     : m_storage.storage.m_error;
      |       ^~~~~~~~~~~~~~~~~~~~~~~~~
/Users/yaojun/db/incubator-graphar/cpp/src/graphar/status.h:145:17: note: Assuming the condition is false
  145 |       : state_((s.state_ == nullptr) ? nullptr : new State(*s.state_)) {}
      |                 ^~~~~~~~~~~~~~~~~~~
/Users/yaojun/db/incubator-graphar/cpp/src/graphar/status.h:145:16: note: '?' condition is false
  145 |       : state_((s.state_ == nullptr) ? nullptr : new State(*s.state_)) {}
      |                ^
/Users/yaojun/db/incubator-graphar/cpp/src/graphar/status.h:145:50: note: Memory is allocated
  145 |       : state_((s.state_ == nullptr) ? nullptr : new State(*s.state_)) {}
      |                                                  ^~~~~~~~~~~~~~~~~~~~
/Users/yaojun/db/incubator-graphar/cpp/thirdparty/result/result.hpp:4751:7: note: Returning from copy constructor for 'Status'
 4751 |     : m_storage.storage.m_error;
      |       ^~~~~~~~~~~~~~~~~~~~~~~~~
/Users/yaojun/db/incubator-graphar/cpp/src/graphar/arrow/chunk_reader.cc:1093:3: note: Returned allocated memory
 1093 |   GAR_ASSIGN_OR_RAISE(chunk_num_,
      |   ^
/Users/yaojun/db/incubator-graphar/cpp/src/graphar/result.h:65:3: note: expanded from macro 'GAR_ASSIGN_OR_RAISE'
   65 |   GAR_ASSIGN_OR_RAISE_IMPL(             \
      |   ^~~~~~~~~~~~~~~~~~~~~~~~~~~~~~~~~~~~~~~
   66 |       GAR_ASSIGN_OR_RAISE_NAME(_error_or_value, __COUNTER__), lhs, rexpr);
      |       ~~~~~~~~~~~~~~~~~~~~~~~~~~~~~~~~~~~~~~~~~~~~~~~~~~~~~~~~~~~~~~~~~~~
/Users/yaojun/db/incubator-graphar/cpp/src/graphar/result.h:29:45: note: expanded from macro 'GAR_ASSIGN_OR_RAISE_IMPL'
   29 |   GAR_RETURN_IF_((result_name).has_error(), (result_name).error(), \
      |   ~~~~~~~~~~~~~~~~~~~~~~~~~~~~~~~~~~~~~~~~~~^~~~~~~~~~~~~~~~~~~~~~~~
   30 |                  GAR_STRINGIFY(rexpr));                            \
      |                  ~~~~~~~~~~~~~~~~~~~~~
/Users/yaojun/db/incubator-graphar/cpp/src/graphar/status.h:31:15: note: expanded from macro 'GAR_RETURN_IF_'
   31 |       return (status);                       \
      |               ^~~~~~
/Users/yaojun/db/incubator-graphar/cpp/src/graphar/arrow/chunk_reader.cc:1093:3: note: Potential leak of memory pointed to by field 'state_'
 1093 |   GAR_ASSIGN_OR_RAISE(chunk_num_,
      |   ^
/Users/yaojun/db/incubator-graphar/cpp/src/graphar/result.h:65:3: note: expanded from macro 'GAR_ASSIGN_OR_RAISE'
   65 |   GAR_ASSIGN_OR_RAISE_IMPL(             \
      |   ^
/Users/yaojun/db/incubator-graphar/cpp/src/graphar/result.h:29:3: note: expanded from macro 'GAR_ASSIGN_OR_RAISE_IMPL'
   29 |   GAR_RETURN_IF_((result_name).has_error(), (result_name).error(), \
      |   ^
/Users/yaojun/db/incubator-graphar/cpp/src/graphar/status.h:31:7: note: expanded from macro 'GAR_RETURN_IF_'
   31 |       return (status);                       \
      |       ^
/Users/yaojun/db/incubator-graphar/cpp/src/graphar/chunk_info_writer.cc:48:57: warning: statement should be inside braces [google-readability-braces-around-statements]
   48 |   if (validate_level == ValidateLevel::default_validate)
      |                                                         ^
      |                                                          {
   49 |     validate_level = validate_level_;
      |                                      
/Users/yaojun/db/incubator-graphar/cpp/src/graphar/chunk_info_writer.cc:51:52: warning: statement should be inside braces [google-readability-braces-around-statements]
   51 |   if (validate_level == ValidateLevel::no_validate)
      |                                                    ^
      |                                                     {
   52 |     return Status::OK();
      |                         
/Users/yaojun/db/incubator-graphar/cpp/src/graphar/chunk_info_writer.cc:69:3: warning: Potential leak of memory pointed to by field 'state_' [clang-analyzer-cplusplus.NewDeleteLeaks]
   69 |   GAR_ASSIGN_OR_RAISE(auto suffix,
      |   ^
/Users/yaojun/db/incubator-graphar/cpp/src/graphar/result.h:65:3: note: expanded from macro 'GAR_ASSIGN_OR_RAISE'
   65 |   GAR_ASSIGN_OR_RAISE_IMPL(             \
      |   ^
/Users/yaojun/db/incubator-graphar/cpp/src/graphar/result.h:29:3: note: expanded from macro 'GAR_ASSIGN_OR_RAISE_IMPL'
   29 |   GAR_RETURN_IF_((result_name).has_error(), (result_name).error(), \
      |   ^
/Users/yaojun/db/incubator-graphar/cpp/src/graphar/status.h:31:7: note: expanded from macro 'GAR_RETURN_IF_'
   31 |       return (status);                       \
      |       ^
/Users/yaojun/db/incubator-graphar/cpp/src/graphar/chunk_info_writer.cc:68:3: note: Taking false branch
   68 |   GAR_RETURN_NOT_OK(validate(property_group, chunk_index, validate_level));
      |   ^
/Users/yaojun/db/incubator-graphar/cpp/src/graphar/status.h:39:5: note: expanded from macro 'GAR_RETURN_NOT_OK'
   39 |     GAR_RETURN_IF_(!__s.ok(), __s, GAR_STRINGIFY(status));                \
      |     ^
/Users/yaojun/db/incubator-graphar/cpp/src/graphar/status.h:30:5: note: expanded from macro 'GAR_RETURN_IF_'
   30 |     if (GAR_PREDICT_FALSE(condition)) {      \
      |     ^
/Users/yaojun/db/incubator-graphar/cpp/src/graphar/chunk_info_writer.cc:68:3: note: Loop condition is false.  Exiting loop
   68 |   GAR_RETURN_NOT_OK(validate(property_group, chunk_index, validate_level));
      |   ^
/Users/yaojun/db/incubator-graphar/cpp/src/graphar/status.h:39:5: note: expanded from macro 'GAR_RETURN_NOT_OK'
   39 |     GAR_RETURN_IF_(!__s.ok(), __s, GAR_STRINGIFY(status));                \
      |     ^
/Users/yaojun/db/incubator-graphar/cpp/src/graphar/status.h:29:3: note: expanded from macro 'GAR_RETURN_IF_'
   29 |   do {                                       \
      |   ^
/Users/yaojun/db/incubator-graphar/cpp/src/graphar/chunk_info_writer.cc:68:3: note: Loop condition is false.  Exiting loop
   68 |   GAR_RETURN_NOT_OK(validate(property_group, chunk_index, validate_level));
      |   ^
/Users/yaojun/db/incubator-graphar/cpp/src/graphar/status.h:37:3: note: expanded from macro 'GAR_RETURN_NOT_OK'
   37 |   do {                                                                    \
      |   ^
/Users/yaojun/db/incubator-graphar/cpp/src/graphar/chunk_info_writer.cc:69:3: note: Taking true branch
   69 |   GAR_ASSIGN_OR_RAISE(auto suffix,
      |   ^
/Users/yaojun/db/incubator-graphar/cpp/src/graphar/result.h:65:3: note: expanded from macro 'GAR_ASSIGN_OR_RAISE'
   65 |   GAR_ASSIGN_OR_RAISE_IMPL(             \
      |   ^
/Users/yaojun/db/incubator-graphar/cpp/src/graphar/result.h:29:3: note: expanded from macro 'GAR_ASSIGN_OR_RAISE_IMPL'
   29 |   GAR_RETURN_IF_((result_name).has_error(), (result_name).error(), \
      |   ^
/Users/yaojun/db/incubator-graphar/cpp/src/graphar/status.h:30:5: note: expanded from macro 'GAR_RETURN_IF_'
   30 |     if (GAR_PREDICT_FALSE(condition)) {      \
      |     ^
/Users/yaojun/db/incubator-graphar/cpp/src/graphar/chunk_info_writer.cc:69:3: note: Calling 'result::error'
   69 |   GAR_ASSIGN_OR_RAISE(auto suffix,
      |   ^
/Users/yaojun/db/incubator-graphar/cpp/src/graphar/result.h:65:3: note: expanded from macro 'GAR_ASSIGN_OR_RAISE'
   65 |   GAR_ASSIGN_OR_RAISE_IMPL(             \
      |   ^~~~~~~~~~~~~~~~~~~~~~~~~~~~~~~~~~~~~~~
   66 |       GAR_ASSIGN_OR_RAISE_NAME(_error_or_value, __COUNTER__), lhs, rexpr);
      |       ~~~~~~~~~~~~~~~~~~~~~~~~~~~~~~~~~~~~~~~~~~~~~~~~~~~~~~~~~~~~~~~~~~~
/Users/yaojun/db/incubator-graphar/cpp/src/graphar/result.h:29:45: note: expanded from macro 'GAR_ASSIGN_OR_RAISE_IMPL'
   29 |   GAR_RETURN_IF_((result_name).has_error(), (result_name).error(), \
      |   ~~~~~~~~~~~~~~~~~~~~~~~~~~~~~~~~~~~~~~~~~~^~~~~~~~~~~~~~~~~~~~~~~~
   30 |                  GAR_STRINGIFY(rexpr));                            \
      |                  ~~~~~~~~~~~~~~~~~~~~~
/Users/yaojun/db/incubator-graphar/cpp/src/graphar/status.h:31:15: note: expanded from macro 'GAR_RETURN_IF_'
   31 |       return (status);                       \
      |               ^~~~~~
/Users/yaojun/db/incubator-graphar/cpp/thirdparty/result/result.hpp:4749:28: note: Field 'm_has_value' is false
 4749 |   return m_storage.storage.m_has_value
      |                            ^
/Users/yaojun/db/incubator-graphar/cpp/thirdparty/result/result.hpp:4749:10: note: '?' condition is false
 4749 |   return m_storage.storage.m_has_value
      |          ^
/Users/yaojun/db/incubator-graphar/cpp/thirdparty/result/result.hpp:4751:7: note: Calling copy constructor for 'Status'
 4751 |     : m_storage.storage.m_error;
      |       ^~~~~~~~~~~~~~~~~~~~~~~~~
/Users/yaojun/db/incubator-graphar/cpp/src/graphar/status.h:145:17: note: Assuming the condition is false
  145 |       : state_((s.state_ == nullptr) ? nullptr : new State(*s.state_)) {}
      |                 ^~~~~~~~~~~~~~~~~~~
/Users/yaojun/db/incubator-graphar/cpp/src/graphar/status.h:145:16: note: '?' condition is false
  145 |       : state_((s.state_ == nullptr) ? nullptr : new State(*s.state_)) {}
      |                ^
/Users/yaojun/db/incubator-graphar/cpp/src/graphar/status.h:145:50: note: Memory is allocated
  145 |       : state_((s.state_ == nullptr) ? nullptr : new State(*s.state_)) {}
      |                                                  ^~~~~~~~~~~~~~~~~~~~
/Users/yaojun/db/incubator-graphar/cpp/thirdparty/result/result.hpp:4751:7: note: Returning from copy constructor for 'Status'
 4751 |     : m_storage.storage.m_error;
      |       ^~~~~~~~~~~~~~~~~~~~~~~~~
/Users/yaojun/db/incubator-graphar/cpp/src/graphar/chunk_info_writer.cc:69:3: note: Returned allocated memory
   69 |   GAR_ASSIGN_OR_RAISE(auto suffix,
      |   ^
/Users/yaojun/db/incubator-graphar/cpp/src/graphar/result.h:65:3: note: expanded from macro 'GAR_ASSIGN_OR_RAISE'
   65 |   GAR_ASSIGN_OR_RAISE_IMPL(             \
      |   ^~~~~~~~~~~~~~~~~~~~~~~~~~~~~~~~~~~~~~~
   66 |       GAR_ASSIGN_OR_RAISE_NAME(_error_or_value, __COUNTER__), lhs, rexpr);
      |       ~~~~~~~~~~~~~~~~~~~~~~~~~~~~~~~~~~~~~~~~~~~~~~~~~~~~~~~~~~~~~~~~~~~
/Users/yaojun/db/incubator-graphar/cpp/src/graphar/result.h:29:45: note: expanded from macro 'GAR_ASSIGN_OR_RAISE_IMPL'
   29 |   GAR_RETURN_IF_((result_name).has_error(), (result_name).error(), \
      |   ~~~~~~~~~~~~~~~~~~~~~~~~~~~~~~~~~~~~~~~~~~^~~~~~~~~~~~~~~~~~~~~~~~
   30 |                  GAR_STRINGIFY(rexpr));                            \
      |                  ~~~~~~~~~~~~~~~~~~~~~
/Users/yaojun/db/incubator-graphar/cpp/src/graphar/status.h:31:15: note: expanded from macro 'GAR_RETURN_IF_'
   31 |       return (status);                       \
      |               ^~~~~~
/Users/yaojun/db/incubator-graphar/cpp/src/graphar/chunk_info_writer.cc:69:3: note: Potential leak of memory pointed to by field 'state_'
   69 |   GAR_ASSIGN_OR_RAISE(auto suffix,
      |   ^
/Users/yaojun/db/incubator-graphar/cpp/src/graphar/result.h:65:3: note: expanded from macro 'GAR_ASSIGN_OR_RAISE'
   65 |   GAR_ASSIGN_OR_RAISE_IMPL(             \
      |   ^
/Users/yaojun/db/incubator-graphar/cpp/src/graphar/result.h:29:3: note: expanded from macro 'GAR_ASSIGN_OR_RAISE_IMPL'
   29 |   GAR_RETURN_IF_((result_name).has_error(), (result_name).error(), \
      |   ^
/Users/yaojun/db/incubator-graphar/cpp/src/graphar/status.h:31:7: note: expanded from macro 'GAR_RETURN_IF_'
   31 |       return (status);                       \
      |       ^
/Users/yaojun/db/incubator-graphar/cpp/src/graphar/chunk_info_writer.cc:111:57: warning: statement should be inside braces [google-readability-braces-around-statements]
  111 |   if (validate_level == ValidateLevel::default_validate)
      |                                                         ^
      |                                                          {
  112 |     validate_level = validate_level_;
      |                                      
/Users/yaojun/db/incubator-graphar/cpp/src/graphar/chunk_info_writer.cc:114:52: warning: statement should be inside braces [google-readability-braces-around-statements]
  114 |   if (validate_level == ValidateLevel::no_validate)
      |                                                    ^
      |                                                     {
  115 |     return Status::OK();
      |                         
/Users/yaojun/db/incubator-graphar/cpp/src/graphar/chunk_info_writer.cc:137:57: warning: statement should be inside braces [google-readability-braces-around-statements]
  137 |   if (validate_level == ValidateLevel::default_validate)
      |                                                         ^
      |                                                          {
  138 |     validate_level = validate_level_;
      |                                      
/Users/yaojun/db/incubator-graphar/cpp/src/graphar/chunk_info_writer.cc:140:52: warning: statement should be inside braces [google-readability-braces-around-statements]
  140 |   if (validate_level == ValidateLevel::no_validate)
      |                                                    ^
      |                                                     {
  141 |     return Status::OK();
      |                         
/Users/yaojun/db/incubator-graphar/cpp/src/graphar/chunk_info_writer.cc:156:3: warning: Potential leak of memory pointed to by field 'state_' [clang-analyzer-cplusplus.NewDeleteLeaks]
  156 |   GAR_ASSIGN_OR_RAISE(
      |   ^
/Users/yaojun/db/incubator-graphar/cpp/src/graphar/result.h:65:3: note: expanded from macro 'GAR_ASSIGN_OR_RAISE'
   65 |   GAR_ASSIGN_OR_RAISE_IMPL(             \
      |   ^
/Users/yaojun/db/incubator-graphar/cpp/src/graphar/result.h:29:3: note: expanded from macro 'GAR_ASSIGN_OR_RAISE_IMPL'
   29 |   GAR_RETURN_IF_((result_name).has_error(), (result_name).error(), \
      |   ^
/Users/yaojun/db/incubator-graphar/cpp/src/graphar/status.h:31:7: note: expanded from macro 'GAR_RETURN_IF_'
   31 |       return (status);                       \
      |       ^
/Users/yaojun/db/incubator-graphar/cpp/src/graphar/chunk_info_writer.cc:155:3: note: Taking false branch
  155 |   GAR_RETURN_NOT_OK(validate(vertex_chunk_index, chunk_index, validate_level));
      |   ^
/Users/yaojun/db/incubator-graphar/cpp/src/graphar/status.h:39:5: note: expanded from macro 'GAR_RETURN_NOT_OK'
   39 |     GAR_RETURN_IF_(!__s.ok(), __s, GAR_STRINGIFY(status));                \
      |     ^
/Users/yaojun/db/incubator-graphar/cpp/src/graphar/status.h:30:5: note: expanded from macro 'GAR_RETURN_IF_'
   30 |     if (GAR_PREDICT_FALSE(condition)) {      \
      |     ^
/Users/yaojun/db/incubator-graphar/cpp/src/graphar/chunk_info_writer.cc:155:3: note: Loop condition is false.  Exiting loop
  155 |   GAR_RETURN_NOT_OK(validate(vertex_chunk_index, chunk_index, validate_level));
      |   ^
/Users/yaojun/db/incubator-graphar/cpp/src/graphar/status.h:39:5: note: expanded from macro 'GAR_RETURN_NOT_OK'
   39 |     GAR_RETURN_IF_(!__s.ok(), __s, GAR_STRINGIFY(status));                \
      |     ^
/Users/yaojun/db/incubator-graphar/cpp/src/graphar/status.h:29:3: note: expanded from macro 'GAR_RETURN_IF_'
   29 |   do {                                       \
      |   ^
/Users/yaojun/db/incubator-graphar/cpp/src/graphar/chunk_info_writer.cc:155:3: note: Loop condition is false.  Exiting loop
  155 |   GAR_RETURN_NOT_OK(validate(vertex_chunk_index, chunk_index, validate_level));
      |   ^
/Users/yaojun/db/incubator-graphar/cpp/src/graphar/status.h:37:3: note: expanded from macro 'GAR_RETURN_NOT_OK'
   37 |   do {                                                                    \
      |   ^
/Users/yaojun/db/incubator-graphar/cpp/src/graphar/chunk_info_writer.cc:156:3: note: Taking true branch
  156 |   GAR_ASSIGN_OR_RAISE(
      |   ^
/Users/yaojun/db/incubator-graphar/cpp/src/graphar/result.h:65:3: note: expanded from macro 'GAR_ASSIGN_OR_RAISE'
   65 |   GAR_ASSIGN_OR_RAISE_IMPL(             \
      |   ^
/Users/yaojun/db/incubator-graphar/cpp/src/graphar/result.h:29:3: note: expanded from macro 'GAR_ASSIGN_OR_RAISE_IMPL'
   29 |   GAR_RETURN_IF_((result_name).has_error(), (result_name).error(), \
      |   ^
/Users/yaojun/db/incubator-graphar/cpp/src/graphar/status.h:30:5: note: expanded from macro 'GAR_RETURN_IF_'
   30 |     if (GAR_PREDICT_FALSE(condition)) {      \
      |     ^
/Users/yaojun/db/incubator-graphar/cpp/src/graphar/chunk_info_writer.cc:156:3: note: Calling 'result::error'
  156 |   GAR_ASSIGN_OR_RAISE(
      |   ^
/Users/yaojun/db/incubator-graphar/cpp/src/graphar/result.h:65:3: note: expanded from macro 'GAR_ASSIGN_OR_RAISE'
   65 |   GAR_ASSIGN_OR_RAISE_IMPL(             \
      |   ^~~~~~~~~~~~~~~~~~~~~~~~~~~~~~~~~~~~~~~
   66 |       GAR_ASSIGN_OR_RAISE_NAME(_error_or_value, __COUNTER__), lhs, rexpr);
      |       ~~~~~~~~~~~~~~~~~~~~~~~~~~~~~~~~~~~~~~~~~~~~~~~~~~~~~~~~~~~~~~~~~~~
/Users/yaojun/db/incubator-graphar/cpp/src/graphar/result.h:29:45: note: expanded from macro 'GAR_ASSIGN_OR_RAISE_IMPL'
   29 |   GAR_RETURN_IF_((result_name).has_error(), (result_name).error(), \
      |   ~~~~~~~~~~~~~~~~~~~~~~~~~~~~~~~~~~~~~~~~~~^~~~~~~~~~~~~~~~~~~~~~~~
   30 |                  GAR_STRINGIFY(rexpr));                            \
      |                  ~~~~~~~~~~~~~~~~~~~~~
/Users/yaojun/db/incubator-graphar/cpp/src/graphar/status.h:31:15: note: expanded from macro 'GAR_RETURN_IF_'
   31 |       return (status);                       \
      |               ^~~~~~
/Users/yaojun/db/incubator-graphar/cpp/thirdparty/result/result.hpp:4749:28: note: Field 'm_has_value' is false
 4749 |   return m_storage.storage.m_has_value
      |                            ^
/Users/yaojun/db/incubator-graphar/cpp/thirdparty/result/result.hpp:4749:10: note: '?' condition is false
 4749 |   return m_storage.storage.m_has_value
      |          ^
/Users/yaojun/db/incubator-graphar/cpp/thirdparty/result/result.hpp:4751:7: note: Calling copy constructor for 'Status'
 4751 |     : m_storage.storage.m_error;
      |       ^~~~~~~~~~~~~~~~~~~~~~~~~
/Users/yaojun/db/incubator-graphar/cpp/src/graphar/status.h:145:17: note: Assuming the condition is false
  145 |       : state_((s.state_ == nullptr) ? nullptr : new State(*s.state_)) {}
      |                 ^~~~~~~~~~~~~~~~~~~
/Users/yaojun/db/incubator-graphar/cpp/src/graphar/status.h:145:16: note: '?' condition is false
  145 |       : state_((s.state_ == nullptr) ? nullptr : new State(*s.state_)) {}
      |                ^
/Users/yaojun/db/incubator-graphar/cpp/src/graphar/status.h:145:50: note: Memory is allocated
  145 |       : state_((s.state_ == nullptr) ? nullptr : new State(*s.state_)) {}
      |                                                  ^~~~~~~~~~~~~~~~~~~~
/Users/yaojun/db/incubator-graphar/cpp/thirdparty/result/result.hpp:4751:7: note: Returning from copy constructor for 'Status'
 4751 |     : m_storage.storage.m_error;
      |       ^~~~~~~~~~~~~~~~~~~~~~~~~
/Users/yaojun/db/incubator-graphar/cpp/src/graphar/chunk_info_writer.cc:156:3: note: Returned allocated memory
  156 |   GAR_ASSIGN_OR_RAISE(
      |   ^
/Users/yaojun/db/incubator-graphar/cpp/src/graphar/result.h:65:3: note: expanded from macro 'GAR_ASSIGN_OR_RAISE'
   65 |   GAR_ASSIGN_OR_RAISE_IMPL(             \
      |   ^~~~~~~~~~~~~~~~~~~~~~~~~~~~~~~~~~~~~~~
   66 |       GAR_ASSIGN_OR_RAISE_NAME(_error_or_value, __COUNTER__), lhs, rexpr);
      |       ~~~~~~~~~~~~~~~~~~~~~~~~~~~~~~~~~~~~~~~~~~~~~~~~~~~~~~~~~~~~~~~~~~~
/Users/yaojun/db/incubator-graphar/cpp/src/graphar/result.h:29:45: note: expanded from macro 'GAR_ASSIGN_OR_RAISE_IMPL'
   29 |   GAR_RETURN_IF_((result_name).has_error(), (result_name).error(), \
      |   ~~~~~~~~~~~~~~~~~~~~~~~~~~~~~~~~~~~~~~~~~~^~~~~~~~~~~~~~~~~~~~~~~~
   30 |                  GAR_STRINGIFY(rexpr));                            \
      |                  ~~~~~~~~~~~~~~~~~~~~~
/Users/yaojun/db/incubator-graphar/cpp/src/graphar/status.h:31:15: note: expanded from macro 'GAR_RETURN_IF_'
   31 |       return (status);                       \
      |               ^~~~~~
/Users/yaojun/db/incubator-graphar/cpp/src/graphar/chunk_info_writer.cc:156:3: note: Potential leak of memory pointed to by field 'state_'
  156 |   GAR_ASSIGN_OR_RAISE(
      |   ^
/Users/yaojun/db/incubator-graphar/cpp/src/graphar/result.h:65:3: note: expanded from macro 'GAR_ASSIGN_OR_RAISE'
   65 |   GAR_ASSIGN_OR_RAISE_IMPL(             \
      |   ^
/Users/yaojun/db/incubator-graphar/cpp/src/graphar/result.h:29:3: note: expanded from macro 'GAR_ASSIGN_OR_RAISE_IMPL'
   29 |   GAR_RETURN_IF_((result_name).has_error(), (result_name).error(), \
      |   ^
/Users/yaojun/db/incubator-graphar/cpp/src/graphar/status.h:31:7: note: expanded from macro 'GAR_RETURN_IF_'
   31 |       return (status);                       \
      |       ^
/Users/yaojun/db/incubator-graphar/cpp/src/graphar/chunk_info_writer.cc:167:3: warning: Potential leak of memory pointed to by field 'state_' [clang-analyzer-cplusplus.NewDeleteLeaks]
  167 |   GAR_ASSIGN_OR_RAISE(auto suffix, edge_info_->GetAdjListOffsetFilePath(
      |   ^
/Users/yaojun/db/incubator-graphar/cpp/src/graphar/result.h:65:3: note: expanded from macro 'GAR_ASSIGN_OR_RAISE'
   65 |   GAR_ASSIGN_OR_RAISE_IMPL(             \
      |   ^
/Users/yaojun/db/incubator-graphar/cpp/src/graphar/result.h:29:3: note: expanded from macro 'GAR_ASSIGN_OR_RAISE_IMPL'
   29 |   GAR_RETURN_IF_((result_name).has_error(), (result_name).error(), \
      |   ^
/Users/yaojun/db/incubator-graphar/cpp/src/graphar/status.h:31:7: note: expanded from macro 'GAR_RETURN_IF_'
   31 |       return (status);                       \
      |       ^
/Users/yaojun/db/incubator-graphar/cpp/src/graphar/chunk_info_writer.cc:166:3: note: Taking false branch
  166 |   GAR_RETURN_NOT_OK(validate(vertex_chunk_index, 0, validate_level));
      |   ^
/Users/yaojun/db/incubator-graphar/cpp/src/graphar/status.h:39:5: note: expanded from macro 'GAR_RETURN_NOT_OK'
   39 |     GAR_RETURN_IF_(!__s.ok(), __s, GAR_STRINGIFY(status));                \
      |     ^
/Users/yaojun/db/incubator-graphar/cpp/src/graphar/status.h:30:5: note: expanded from macro 'GAR_RETURN_IF_'
   30 |     if (GAR_PREDICT_FALSE(condition)) {      \
      |     ^
/Users/yaojun/db/incubator-graphar/cpp/src/graphar/chunk_info_writer.cc:166:3: note: Loop condition is false.  Exiting loop
  166 |   GAR_RETURN_NOT_OK(validate(vertex_chunk_index, 0, validate_level));
      |   ^
/Users/yaojun/db/incubator-graphar/cpp/src/graphar/status.h:39:5: note: expanded from macro 'GAR_RETURN_NOT_OK'
   39 |     GAR_RETURN_IF_(!__s.ok(), __s, GAR_STRINGIFY(status));                \
      |     ^
/Users/yaojun/db/incubator-graphar/cpp/src/graphar/status.h:29:3: note: expanded from macro 'GAR_RETURN_IF_'
   29 |   do {                                       \
      |   ^
/Users/yaojun/db/incubator-graphar/cpp/src/graphar/chunk_info_writer.cc:166:3: note: Loop condition is false.  Exiting loop
  166 |   GAR_RETURN_NOT_OK(validate(vertex_chunk_index, 0, validate_level));
      |   ^
/Users/yaojun/db/incubator-graphar/cpp/src/graphar/status.h:37:3: note: expanded from macro 'GAR_RETURN_NOT_OK'
   37 |   do {                                                                    \
      |   ^
/Users/yaojun/db/incubator-graphar/cpp/src/graphar/chunk_info_writer.cc:167:3: note: Taking true branch
  167 |   GAR_ASSIGN_OR_RAISE(auto suffix, edge_info_->GetAdjListOffsetFilePath(
      |   ^
/Users/yaojun/db/incubator-graphar/cpp/src/graphar/result.h:65:3: note: expanded from macro 'GAR_ASSIGN_OR_RAISE'
   65 |   GAR_ASSIGN_OR_RAISE_IMPL(             \
      |   ^
/Users/yaojun/db/incubator-graphar/cpp/src/graphar/result.h:29:3: note: expanded from macro 'GAR_ASSIGN_OR_RAISE_IMPL'
   29 |   GAR_RETURN_IF_((result_name).has_error(), (result_name).error(), \
      |   ^
/Users/yaojun/db/incubator-graphar/cpp/src/graphar/status.h:30:5: note: expanded from macro 'GAR_RETURN_IF_'
   30 |     if (GAR_PREDICT_FALSE(condition)) {      \
      |     ^
/Users/yaojun/db/incubator-graphar/cpp/src/graphar/chunk_info_writer.cc:167:3: note: Calling 'result::error'
  167 |   GAR_ASSIGN_OR_RAISE(auto suffix, edge_info_->GetAdjListOffsetFilePath(
      |   ^
/Users/yaojun/db/incubator-graphar/cpp/src/graphar/result.h:65:3: note: expanded from macro 'GAR_ASSIGN_OR_RAISE'
   65 |   GAR_ASSIGN_OR_RAISE_IMPL(             \
      |   ^~~~~~~~~~~~~~~~~~~~~~~~~~~~~~~~~~~~~~~
   66 |       GAR_ASSIGN_OR_RAISE_NAME(_error_or_value, __COUNTER__), lhs, rexpr);
      |       ~~~~~~~~~~~~~~~~~~~~~~~~~~~~~~~~~~~~~~~~~~~~~~~~~~~~~~~~~~~~~~~~~~~
/Users/yaojun/db/incubator-graphar/cpp/src/graphar/result.h:29:45: note: expanded from macro 'GAR_ASSIGN_OR_RAISE_IMPL'
   29 |   GAR_RETURN_IF_((result_name).has_error(), (result_name).error(), \
      |   ~~~~~~~~~~~~~~~~~~~~~~~~~~~~~~~~~~~~~~~~~~^~~~~~~~~~~~~~~~~~~~~~~~
   30 |                  GAR_STRINGIFY(rexpr));                            \
      |                  ~~~~~~~~~~~~~~~~~~~~~
/Users/yaojun/db/incubator-graphar/cpp/src/graphar/status.h:31:15: note: expanded from macro 'GAR_RETURN_IF_'
   31 |       return (status);                       \
      |               ^~~~~~
/Users/yaojun/db/incubator-graphar/cpp/thirdparty/result/result.hpp:4749:28: note: Field 'm_has_value' is false
 4749 |   return m_storage.storage.m_has_value
      |                            ^
/Users/yaojun/db/incubator-graphar/cpp/thirdparty/result/result.hpp:4749:10: note: '?' condition is false
 4749 |   return m_storage.storage.m_has_value
      |          ^
/Users/yaojun/db/incubator-graphar/cpp/thirdparty/result/result.hpp:4751:7: note: Calling copy constructor for 'Status'
 4751 |     : m_storage.storage.m_error;
      |       ^~~~~~~~~~~~~~~~~~~~~~~~~
/Users/yaojun/db/incubator-graphar/cpp/src/graphar/status.h:145:17: note: Assuming the condition is false
  145 |       : state_((s.state_ == nullptr) ? nullptr : new State(*s.state_)) {}
      |                 ^~~~~~~~~~~~~~~~~~~
/Users/yaojun/db/incubator-graphar/cpp/src/graphar/status.h:145:16: note: '?' condition is false
  145 |       : state_((s.state_ == nullptr) ? nullptr : new State(*s.state_)) {}
      |                ^
/Users/yaojun/db/incubator-graphar/cpp/src/graphar/status.h:145:50: note: Memory is allocated
  145 |       : state_((s.state_ == nullptr) ? nullptr : new State(*s.state_)) {}
      |                                                  ^~~~~~~~~~~~~~~~~~~~
/Users/yaojun/db/incubator-graphar/cpp/thirdparty/result/result.hpp:4751:7: note: Returning from copy constructor for 'Status'
 4751 |     : m_storage.storage.m_error;
      |       ^~~~~~~~~~~~~~~~~~~~~~~~~
/Users/yaojun/db/incubator-graphar/cpp/src/graphar/chunk_info_writer.cc:167:3: note: Returned allocated memory
  167 |   GAR_ASSIGN_OR_RAISE(auto suffix, edge_info_->GetAdjListOffsetFilePath(
      |   ^
/Users/yaojun/db/incubator-graphar/cpp/src/graphar/result.h:65:3: note: expanded from macro 'GAR_ASSIGN_OR_RAISE'
   65 |   GAR_ASSIGN_OR_RAISE_IMPL(             \
      |   ^~~~~~~~~~~~~~~~~~~~~~~~~~~~~~~~~~~~~~~
   66 |       GAR_ASSIGN_OR_RAISE_NAME(_error_or_value, __COUNTER__), lhs, rexpr);
      |       ~~~~~~~~~~~~~~~~~~~~~~~~~~~~~~~~~~~~~~~~~~~~~~~~~~~~~~~~~~~~~~~~~~~
/Users/yaojun/db/incubator-graphar/cpp/src/graphar/result.h:29:45: note: expanded from macro 'GAR_ASSIGN_OR_RAISE_IMPL'
   29 |   GAR_RETURN_IF_((result_name).has_error(), (result_name).error(), \
      |   ~~~~~~~~~~~~~~~~~~~~~~~~~~~~~~~~~~~~~~~~~~^~~~~~~~~~~~~~~~~~~~~~~~
   30 |                  GAR_STRINGIFY(rexpr));                            \
      |                  ~~~~~~~~~~~~~~~~~~~~~
/Users/yaojun/db/incubator-graphar/cpp/src/graphar/status.h:31:15: note: expanded from macro 'GAR_RETURN_IF_'
   31 |       return (status);                       \
      |               ^~~~~~
/Users/yaojun/db/incubator-graphar/cpp/src/graphar/chunk_info_writer.cc:167:3: note: Potential leak of memory pointed to by field 'state_'
  167 |   GAR_ASSIGN_OR_RAISE(auto suffix, edge_info_->GetAdjListOffsetFilePath(
      |   ^
/Users/yaojun/db/incubator-graphar/cpp/src/graphar/result.h:65:3: note: expanded from macro 'GAR_ASSIGN_OR_RAISE'
   65 |   GAR_ASSIGN_OR_RAISE_IMPL(             \
      |   ^
/Users/yaojun/db/incubator-graphar/cpp/src/graphar/result.h:29:3: note: expanded from macro 'GAR_ASSIGN_OR_RAISE_IMPL'
   29 |   GAR_RETURN_IF_((result_name).has_error(), (result_name).error(), \
      |   ^
/Users/yaojun/db/incubator-graphar/cpp/src/graphar/status.h:31:7: note: expanded from macro 'GAR_RETURN_IF_'
   31 |       return (status);                       \
      |       ^
/Users/yaojun/db/incubator-graphar/cpp/src/graphar/chunk_info_writer.cc:180:3: warning: Potential leak of memory pointed to by field 'state_' [clang-analyzer-cplusplus.NewDeleteLeaks]
  180 |   GAR_ASSIGN_OR_RAISE(auto suffix, edge_info_->GetPropertyFilePath(
      |   ^
/Users/yaojun/db/incubator-graphar/cpp/src/graphar/result.h:65:3: note: expanded from macro 'GAR_ASSIGN_OR_RAISE'
   65 |   GAR_ASSIGN_OR_RAISE_IMPL(             \
      |   ^
/Users/yaojun/db/incubator-graphar/cpp/src/graphar/result.h:29:3: note: expanded from macro 'GAR_ASSIGN_OR_RAISE_IMPL'
   29 |   GAR_RETURN_IF_((result_name).has_error(), (result_name).error(), \
      |   ^
/Users/yaojun/db/incubator-graphar/cpp/src/graphar/status.h:31:7: note: expanded from macro 'GAR_RETURN_IF_'
   31 |       return (status);                       \
      |       ^
/Users/yaojun/db/incubator-graphar/cpp/src/graphar/chunk_info_writer.cc:178:3: note: Taking false branch
  178 |   GAR_RETURN_NOT_OK(validate(property_group, vertex_chunk_index, chunk_index,
      |   ^
/Users/yaojun/db/incubator-graphar/cpp/src/graphar/status.h:39:5: note: expanded from macro 'GAR_RETURN_NOT_OK'
   39 |     GAR_RETURN_IF_(!__s.ok(), __s, GAR_STRINGIFY(status));                \
      |     ^
/Users/yaojun/db/incubator-graphar/cpp/src/graphar/status.h:30:5: note: expanded from macro 'GAR_RETURN_IF_'
   30 |     if (GAR_PREDICT_FALSE(condition)) {      \
      |     ^
/Users/yaojun/db/incubator-graphar/cpp/src/graphar/chunk_info_writer.cc:178:3: note: Loop condition is false.  Exiting loop
  178 |   GAR_RETURN_NOT_OK(validate(property_group, vertex_chunk_index, chunk_index,
      |   ^
/Users/yaojun/db/incubator-graphar/cpp/src/graphar/status.h:39:5: note: expanded from macro 'GAR_RETURN_NOT_OK'
   39 |     GAR_RETURN_IF_(!__s.ok(), __s, GAR_STRINGIFY(status));                \
      |     ^
/Users/yaojun/db/incubator-graphar/cpp/src/graphar/status.h:29:3: note: expanded from macro 'GAR_RETURN_IF_'
   29 |   do {                                       \
      |   ^
/Users/yaojun/db/incubator-graphar/cpp/src/graphar/chunk_info_writer.cc:178:3: note: Loop condition is false.  Exiting loop
  178 |   GAR_RETURN_NOT_OK(validate(property_group, vertex_chunk_index, chunk_index,
      |   ^
/Users/yaojun/db/incubator-graphar/cpp/src/graphar/status.h:37:3: note: expanded from macro 'GAR_RETURN_NOT_OK'
   37 |   do {                                                                    \
      |   ^
/Users/yaojun/db/incubator-graphar/cpp/src/graphar/chunk_info_writer.cc:180:3: note: Taking true branch
  180 |   GAR_ASSIGN_OR_RAISE(auto suffix, edge_info_->GetPropertyFilePath(
      |   ^
/Users/yaojun/db/incubator-graphar/cpp/src/graphar/result.h:65:3: note: expanded from macro 'GAR_ASSIGN_OR_RAISE'
   65 |   GAR_ASSIGN_OR_RAISE_IMPL(             \
      |   ^
/Users/yaojun/db/incubator-graphar/cpp/src/graphar/result.h:29:3: note: expanded from macro 'GAR_ASSIGN_OR_RAISE_IMPL'
   29 |   GAR_RETURN_IF_((result_name).has_error(), (result_name).error(), \
      |   ^
/Users/yaojun/db/incubator-graphar/cpp/src/graphar/status.h:30:5: note: expanded from macro 'GAR_RETURN_IF_'
   30 |     if (GAR_PREDICT_FALSE(condition)) {      \
      |     ^
/Users/yaojun/db/incubator-graphar/cpp/src/graphar/chunk_info_writer.cc:180:3: note: Calling 'result::error'
  180 |   GAR_ASSIGN_OR_RAISE(auto suffix, edge_info_->GetPropertyFilePath(
      |   ^
/Users/yaojun/db/incubator-graphar/cpp/src/graphar/result.h:65:3: note: expanded from macro 'GAR_ASSIGN_OR_RAISE'
   65 |   GAR_ASSIGN_OR_RAISE_IMPL(             \
      |   ^~~~~~~~~~~~~~~~~~~~~~~~~~~~~~~~~~~~~~~
   66 |       GAR_ASSIGN_OR_RAISE_NAME(_error_or_value, __COUNTER__), lhs, rexpr);
      |       ~~~~~~~~~~~~~~~~~~~~~~~~~~~~~~~~~~~~~~~~~~~~~~~~~~~~~~~~~~~~~~~~~~~
/Users/yaojun/db/incubator-graphar/cpp/src/graphar/result.h:29:45: note: expanded from macro 'GAR_ASSIGN_OR_RAISE_IMPL'
   29 |   GAR_RETURN_IF_((result_name).has_error(), (result_name).error(), \
      |   ~~~~~~~~~~~~~~~~~~~~~~~~~~~~~~~~~~~~~~~~~~^~~~~~~~~~~~~~~~~~~~~~~~
   30 |                  GAR_STRINGIFY(rexpr));                            \
      |                  ~~~~~~~~~~~~~~~~~~~~~
/Users/yaojun/db/incubator-graphar/cpp/src/graphar/status.h:31:15: note: expanded from macro 'GAR_RETURN_IF_'
   31 |       return (status);                       \
      |               ^~~~~~
/Users/yaojun/db/incubator-graphar/cpp/thirdparty/result/result.hpp:4749:28: note: Field 'm_has_value' is false
 4749 |   return m_storage.storage.m_has_value
      |                            ^
/Users/yaojun/db/incubator-graphar/cpp/thirdparty/result/result.hpp:4749:10: note: '?' condition is false
 4749 |   return m_storage.storage.m_has_value
      |          ^
/Users/yaojun/db/incubator-graphar/cpp/thirdparty/result/result.hpp:4751:7: note: Calling copy constructor for 'Status'
 4751 |     : m_storage.storage.m_error;
      |       ^~~~~~~~~~~~~~~~~~~~~~~~~
/Users/yaojun/db/incubator-graphar/cpp/src/graphar/status.h:145:17: note: Assuming the condition is false
  145 |       : state_((s.state_ == nullptr) ? nullptr : new State(*s.state_)) {}
      |                 ^~~~~~~~~~~~~~~~~~~
/Users/yaojun/db/incubator-graphar/cpp/src/graphar/status.h:145:16: note: '?' condition is false
  145 |       : state_((s.state_ == nullptr) ? nullptr : new State(*s.state_)) {}
      |                ^
/Users/yaojun/db/incubator-graphar/cpp/src/graphar/status.h:145:50: note: Memory is allocated
  145 |       : state_((s.state_ == nullptr) ? nullptr : new State(*s.state_)) {}
      |                                                  ^~~~~~~~~~~~~~~~~~~~
/Users/yaojun/db/incubator-graphar/cpp/thirdparty/result/result.hpp:4751:7: note: Returning from copy constructor for 'Status'
 4751 |     : m_storage.storage.m_error;
      |       ^~~~~~~~~~~~~~~~~~~~~~~~~
/Users/yaojun/db/incubator-graphar/cpp/src/graphar/chunk_info_writer.cc:180:3: note: Returned allocated memory
  180 |   GAR_ASSIGN_OR_RAISE(auto suffix, edge_info_->GetPropertyFilePath(
      |   ^
/Users/yaojun/db/incubator-graphar/cpp/src/graphar/result.h:65:3: note: expanded from macro 'GAR_ASSIGN_OR_RAISE'
   65 |   GAR_ASSIGN_OR_RAISE_IMPL(             \
      |   ^~~~~~~~~~~~~~~~~~~~~~~~~~~~~~~~~~~~~~~
   66 |       GAR_ASSIGN_OR_RAISE_NAME(_error_or_value, __COUNTER__), lhs, rexpr);
      |       ~~~~~~~~~~~~~~~~~~~~~~~~~~~~~~~~~~~~~~~~~~~~~~~~~~~~~~~~~~~~~~~~~~~
/Users/yaojun/db/incubator-graphar/cpp/src/graphar/result.h:29:45: note: expanded from macro 'GAR_ASSIGN_OR_RAISE_IMPL'
   29 |   GAR_RETURN_IF_((result_name).has_error(), (result_name).error(), \
      |   ~~~~~~~~~~~~~~~~~~~~~~~~~~~~~~~~~~~~~~~~~~^~~~~~~~~~~~~~~~~~~~~~~~
   30 |                  GAR_STRINGIFY(rexpr));                            \
      |                  ~~~~~~~~~~~~~~~~~~~~~
/Users/yaojun/db/incubator-graphar/cpp/src/graphar/status.h:31:15: note: expanded from macro 'GAR_RETURN_IF_'
   31 |       return (status);                       \
      |               ^~~~~~
/Users/yaojun/db/incubator-graphar/cpp/src/graphar/chunk_info_writer.cc:180:3: note: Potential leak of memory pointed to by field 'state_'
  180 |   GAR_ASSIGN_OR_RAISE(auto suffix, edge_info_->GetPropertyFilePath(
      |   ^
/Users/yaojun/db/incubator-graphar/cpp/src/graphar/result.h:65:3: note: expanded from macro 'GAR_ASSIGN_OR_RAISE'
   65 |   GAR_ASSIGN_OR_RAISE_IMPL(             \
      |   ^
/Users/yaojun/db/incubator-graphar/cpp/src/graphar/result.h:29:3: note: expanded from macro 'GAR_ASSIGN_OR_RAISE_IMPL'
   29 |   GAR_RETURN_IF_((result_name).has_error(), (result_name).error(), \
      |   ^
/Users/yaojun/db/incubator-graphar/cpp/src/graphar/status.h:31:7: note: expanded from macro 'GAR_RETURN_IF_'
   31 |       return (status);                       \
      |       ^
/Users/yaojun/db/incubator-graphar/cpp/src/graphar/high-level/edges_builder.h:121:8: warning: use default member initializer for 'empty_' [modernize-use-default-member-init]
   54 |   bool empty_;
      |        ^     
      |              {true}
/Users/yaojun/db/incubator-graphar/cpp/src/graphar/high-level/edges_builder.h:169:51: warning: pass by value and use std::move [modernize-pass-by-value]
  169 |       const std::shared_ptr<EdgeInfo>& edge_info, const std::string& prefix,
      |                                                   ^~~~~~~~~~~~~~~~~~
      |                                                   std::string 
  170 |       AdjListType adj_list_type, IdType num_vertices,
  171 |       std::shared_ptr<WriterOptions> writerOptions = nullptr,
  172 |       const ValidateLevel& validate_level = ValidateLevel::no_validate)
  173 |       : edge_info_(std::move(edge_info)),
  174 |         prefix_(prefix),
      |                       
      |                 std::move( )
/Users/yaojun/db/incubator-graphar/cpp/src/graphar/high-level/edges_builder.h:171:7: warning: pass by value and use std::move [modernize-pass-by-value]
  171 |       std::shared_ptr<WriterOptions> writerOptions = nullptr,
      |       ^
  172 |       const ValidateLevel& validate_level = ValidateLevel::no_validate)
  173 |       : edge_info_(std::move(edge_info)),
  174 |         prefix_(prefix),
  175 |         adj_list_type_(adj_list_type),
  176 |         num_vertices_(num_vertices),
  177 |         writer_options_(writerOptions),
      |                                      
      |                         std::move(   )
/Users/yaojun/db/incubator-graphar/cpp/src/graphar/high-level/vertices_builder.cc:35:57: warning: statement should be inside braces [google-readability-braces-around-statements]
   35 |   if (validate_level == ValidateLevel::default_validate)
      |                                                         ^
      |                                                          {
   36 |     validate_level = validate_level_;
      |                                      
/Users/yaojun/db/incubator-graphar/cpp/src/graphar/high-level/vertices_builder.cc:38:52: warning: statement should be inside braces [google-readability-braces-around-statements]
   38 |   if (validate_level == ValidateLevel::no_validate)
      |                                                    ^
      |                                                     {
   39 |     return Status::OK();
      |                         
/Users/yaojun/db/incubator-graphar/cpp/src/graphar/util.h:31:10: error: 'arrow/api.h' file not found [clang-diagnostic-error]
   31 | #include "arrow/api.h"
      |          ^~~~~~~~~~~~~
/Users/yaojun/db/incubator-graphar/maven-projects/java/src/main/cpp/ffi/jni_org_apache_graphar_arrow_ArrowTableStatic.cc:20:10: error: 'arrow/api.h' file not found [clang-diagnostic-error]
   20 | #include "arrow/api.h"
      |          ^~~~~~~~~~~~~
[1/8] Processing file /Users/yaojun/db/incubator-graphar/cpp/src/graphar/filesystem.cc.
9938 warnings generated.
[2/8] Processing file /Users/yaojun/db/incubator-graphar/python/src/bindings/cli_binding.cc.
16388 warnings and 1 error generated.
Error while processing /Users/yaojun/db/incubator-graphar/python/src/bindings/cli_binding.cc.
[3/8] Processing file /Users/yaojun/db/incubator-graphar/python/src/bindings/graph_info_binding.cc.
22169 warnings and 2 errors generated.
Error while processing /Users/yaojun/db/incubator-graphar/python/src/bindings/graph_info_binding.cc.
[4/8] Processing file /Users/yaojun/db/incubator-graphar/python/src/bindings/high_level_binding.cc.
28501 warnings and 3 errors generated.
Error while processing /Users/yaojun/db/incubator-graphar/python/src/bindings/high_level_binding.cc.
[5/8] Processing file /Users/yaojun/db/incubator-graphar/python/src/bindings/types_binding.cc.
37482 warnings and 4 errors generated.
Error while processing /Users/yaojun/db/incubator-graphar/python/src/bindings/types_binding.cc.
[6/8] Processing file /Users/yaojun/db/incubator-graphar/cpp/src/graphar/util.cc.
46539 warnings and 4 errors generated.
Error while processing /Users/yaojun/db/incubator-graphar/cpp/src/graphar/util.cc.
[7/8] Processing file /Users/yaojun/db/incubator-graphar/cpp/src/graphar/filesystem.h.
55943 warnings and 4 errors generated.
Error while processing /Users/yaojun/db/incubator-graphar/cpp/src/graphar/filesystem.h.
[8/8] Processing file /Users/yaojun/db/incubator-graphar/cpp/src/graphar/api/arrow_reader.h.
65872 warnings and 4 errors generated.
Error while processing /Users/yaojun/db/incubator-graphar/cpp/src/graphar/api/arrow_reader.h.
/Users/yaojun/db/incubator-graphar/cpp/src/graphar/filesystem.cc:333:13: warning: use '= default' to define a trivial destructor [modernize-use-equals-default]
  333 | FileSystem::~FileSystem() {}
      |             ^             ~~
      |                           = default;
/Users/yaojun/db/incubator-graphar/cpp/src/graphar/filesystem.h:65:23: warning: pass by value and use std::move [modernize-pass-by-value]
   24 |   explicit FileSystem(std::shared_ptr<arrow::fs::FileSystem> arrow_fs)
      |                       ^
   25 |       : arrow_fs_(arrow_fs) {}
      |                           
      |                   std::move( )
/Users/yaojun/db/incubator-graphar/python/src/bindings/cli_binding.cc:32:3: warning: missing username/bug in TODO [google-readability-todo]
   32 |   // TODO: check all the result values
      |   ^~~~~~~~~~~~~~~~~~~~~~~~~~~~~~~~~~~~
      |   // TODO(yaojun): check all the result values
/Users/yaojun/db/incubator-graphar/python/src/bindings/cli_binding.cc:120:5: warning: missing username/bug in TODO [google-readability-todo]
  120 |     // TODO: file may not exist
      |     ^~~~~~~~~~~~~~~~~~~~~~~~~~~
      |     // TODO(yaojun): file may not exist
/Users/yaojun/db/incubator-graphar/python/src/bindings/cli_binding.cc:131:3: warning: missing username/bug in TODO [google-readability-todo]
  131 |   // TODO: change to unordered_set
      |   ^~~~~~~~~~~~~~~~~~~~~~~~~~~~~~~~
      |   // TODO(yaojun): change to unordered_set
/Users/yaojun/db/incubator-graphar/python/src/bindings/cli_binding.cc:142:3: warning: missing username/bug in TODO [google-readability-todo]
  142 |   // TODO: change to unordered_set
      |   ^~~~~~~~~~~~~~~~~~~~~~~~~~~~~~~~
      |   // TODO(yaojun): change to unordered_set
/Users/yaojun/db/incubator-graphar/python/src/bindings/high_level_binding.cc:89:14: warning: missing username/bug in TODO [google-readability-todo]
   89 |              // TODO: Implement proper end checking
      |              ^~~~~~~~~~~~~~~~~~~~~~~~~~~~~~~~~~~~~~
      |              // TODO(yaojun): Implement proper end checking
/Users/yaojun/db/incubator-graphar/python/src/bindings/high_level_binding.cc:144:14: warning: missing username/bug in TODO [google-readability-todo]
  144 |              // TODO: Implement proper end checking
      |              ^~~~~~~~~~~~~~~~~~~~~~~~~~~~~~~~~~~~~~
      |              // TODO(yaojun): Implement proper end checking
/Users/yaojun/db/incubator-graphar/python/src/bindings/high_level_binding.cc:243:3: warning: missing username/bug in TODO [google-readability-todo]
  243 |   // TODO add csv_option_builder parquet_option_builder orc_option_builder
      |   ^~~~~~~~~~~~~~~~~~~~~~~~~~~~~~~~~~~~~~~~~~~~~~~~~~~~~~~~~~~~~~~~~~~~~~~~
      |   // TODO(yaojun): add csv_option_builder parquet_option_builder orc_option_builder
/opt/homebrew/include/pybind11/detail/common.h:274:10: error: 'Python.h' file not found [clang-diagnostic-error]
  274 | #include <Python.h>
      |          ^~~~~~~~~~
[1/8] Processing file /Users/yaojun/db/incubator-graphar/python/src/bindings/importer.h.
10541 warnings and 1 error generated.
Error while processing /Users/yaojun/db/incubator-graphar/python/src/bindings/importer.h.
[2/8] Processing file /Users/yaojun/db/incubator-graphar/cpp/src/graphar/general_params.h.
10541 warnings and 1 error generated.
Error while processing /Users/yaojun/db/incubator-graphar/cpp/src/graphar/general_params.h.
[3/8] Processing file /Users/yaojun/db/incubator-graphar/cpp/src/graphar/chunk_info_reader.h.
16536 warnings and 1 error generated.
Error while processing /Users/yaojun/db/incubator-graphar/cpp/src/graphar/chunk_info_reader.h.
[4/8] Processing file /Users/yaojun/db/incubator-graphar/cpp/src/graphar/version_parser.h.
23339 warnings and 1 error generated.
Error while processing /Users/yaojun/db/incubator-graphar/cpp/src/graphar/version_parser.h.
[5/8] Processing file /Users/yaojun/db/incubator-graphar/python/src/bindings/utils/import_util.h.
33587 warnings and 6 errors generated.
Error while processing /Users/yaojun/db/incubator-graphar/python/src/bindings/utils/import_util.h.
[6/8] Processing file /Users/yaojun/db/incubator-graphar/cpp/src/graphar/graph_info.h.
39579 warnings and 6 errors generated.
Error while processing /Users/yaojun/db/incubator-graphar/cpp/src/graphar/graph_info.h.
[7/8] Processing file /Users/yaojun/db/incubator-graphar/cpp/src/graphar/writer_util.cc.
48215 warnings and 6 errors generated.
Error while processing /Users/yaojun/db/incubator-graphar/cpp/src/graphar/writer_util.cc.
[8/8] Processing file /Users/yaojun/db/incubator-graphar/cpp/src/graphar/api/arrow_writer.h.
58024 warnings and 6 errors generated.
Error while processing /Users/yaojun/db/incubator-graphar/cpp/src/graphar/api/arrow_writer.h.
/Users/yaojun/db/incubator-graphar/cpp/src/graphar/chunk_info_reader.h:33:3: warning: use '= default' to define a trivial destructor [modernize-use-equals-default]
   33 |   ~VertexPropertyChunkInfoReader() {}
      |   ^                                ~~
      |                                    = default;
/Users/yaojun/db/incubator-graphar/cpp/src/graphar/chunk_info_reader.h:121:3: warning: use '= default' to define a trivial destructor [modernize-use-equals-default]
  121 |   ~AdjListChunkInfoReader() {}
      |   ^                         ~~
      |                             = default;
/Users/yaojun/db/incubator-graphar/cpp/src/graphar/chunk_info_reader.h:207:3: warning: use '= default' to define a trivial destructor [modernize-use-equals-default]
  207 |   ~AdjListOffsetChunkInfoReader() {}
      |   ^                               ~~
      |                                   = default;
/Users/yaojun/db/incubator-graphar/cpp/src/graphar/graph_info.h:45:21: warning: pass by value and use std::move [modernize-pass-by-value]
   25 |   explicit Property(const std::string& name,
      |                     ^~~~~~~~~~~~~~~~~~
      |                     std::string 
   26 |                     const std::shared_ptr<DataType>& type = nullptr,
   27 |                     bool is_primary = false, bool is_nullable = true,
   28 |                     Cardinality cardinality = Cardinality::SINGLE)
   29 |       : name(name),
      |                  
      |              std::move( )
/Users/yaojun/db/incubator-graphar/python/src/bindings/importer.h:260:7: warning: missing username/bug in TODO [google-readability-todo]
  260 |       // TODO: add prefix parameter in config
      |       ^~~~~~~~~~~~~~~~~~~~~~~~~~~~~~~~~~~~~~~
      |       // TODO(yaojun): add prefix parameter in config
/Users/yaojun/db/incubator-graphar/python/src/bindings/importer.h:304:9: warning: missing username/bug in TODO [google-readability-todo]
  304 |         // TODO: whether need to check duplicate values for primary key?
      |         ^~~~~~~~~~~~~~~~~~~~~~~~~~~~~~~~~~~~~~~~~~~~~~~~~~~~~~~~~~~~~~~~
      |         // TODO(yaojun): whether need to check duplicate values for primary key?
/Users/yaojun/db/incubator-graphar/python/src/bindings/importer.h:313:9: warning: missing username/bug in TODO [google-readability-todo]
  313 |         // TODO: check this
      |         ^~~~~~~~~~~~~~~~~~~
      |         // TODO(yaojun): check this
/Users/yaojun/db/incubator-graphar/python/src/bindings/importer.h:325:5: warning: missing username/bug in TODO [google-readability-todo]
  325 |     // TODO: check all fields in props
      |     ^~~~~~~~~~~~~~~~~~~~~~~~~~~~~~~~~~
      |     // TODO(yaojun): check all fields in props
/Users/yaojun/db/incubator-graphar/python/src/bindings/importer.h:326:5: warning: missing username/bug in TODO [google-readability-todo]
  326 |     // TODO: add start_index in config
      |     ^~~~~~~~~~~~~~~~~~~~~~~~~~~~~~~~~~
      |     // TODO(yaojun): add start_index in config
/Users/yaojun/db/incubator-graphar/python/src/bindings/importer.h:361:7: warning: missing username/bug in TODO [google-readability-todo]
  361 |       // TODO: add prefix parameter in config
      |       ^~~~~~~~~~~~~~~~~~~~~~~~~~~~~~~~~~~~~~~
      |       // TODO(yaojun): add prefix parameter in config
/Users/yaojun/db/incubator-graphar/python/src/bindings/importer.h:368:7: warning: missing username/bug in TODO [google-readability-todo]
  368 |       // TODO: add prefix parameter in config
      |       ^~~~~~~~~~~~~~~~~~~~~~~~~~~~~~~~~~~~~~~
      |       // TODO(yaojun): add prefix parameter in config
/Users/yaojun/db/incubator-graphar/python/src/bindings/importer.h:375:5: warning: missing username/bug in TODO [google-readability-todo]
  375 |     // TODO: add directed parameter in config
      |     ^~~~~~~~~~~~~~~~~~~~~~~~~~~~~~~~~~~~~~~~~
      |     // TODO(yaojun): add directed parameter in config
/Users/yaojun/db/incubator-graphar/python/src/bindings/importer.h:378:5: warning: missing username/bug in TODO [google-readability-todo]
  378 |     // TODO: whether prefix has default value?
      |     ^~~~~~~~~~~~~~~~~~~~~~~~~~~~~~~~~~~~~~~~~~
      |     // TODO(yaojun): whether prefix has default value?
/Users/yaojun/db/incubator-graphar/python/src/bindings/importer.h:435:11: warning: missing username/bug in TODO [google-readability-todo]
  435 |           // TODO: is needed?
      |           ^~~~~~~~~~~~~~~~~~~
      |           // TODO(yaojun): is needed?
/Users/yaojun/db/incubator-graphar/python/src/bindings/importer.h:459:7: warning: missing username/bug in TODO [google-readability-todo]
  459 |       // TODO: check all fields in props
      |       ^~~~~~~~~~~~~~~~~~~~~~~~~~~~~~~~~~
      |       // TODO(yaojun): check all fields in props
/Users/yaojun/db/incubator-graphar/python/src/bindings/utils/import_util.h:215:28: error: unused variable 'read_options' [clang-diagnostic-unused-variable]
  215 |   arrow::json::ReadOptions read_options = arrow::json::ReadOptions::Defaults();
      |                            ^~~~~~~~~~~~
/Users/yaojun/db/incubator-graphar/python/src/bindings/utils/import_util.h:240:3: warning: missing username/bug in TODO [google-readability-todo]
  240 |   // TODO: must be equal
      |   ^~~~~~~~~~~~~~~~~~~~~~
      |   // TODO(yaojun): must be equal
/Users/yaojun/db/incubator-graphar/python/src/bindings/utils/import_util.h:254:3: warning: missing username/bug in TODO [google-readability-todo]
  254 |   // TODO: use explicit schema
      |   ^~~~~~~~~~~~~~~~~~~~~~~~~~~~
      |   // TODO(yaojun): use explicit schema
/Users/yaojun/db/incubator-graphar/python/src/bindings/utils/import_util.h:255:3: warning: missing username/bug in TODO [google-readability-todo]
  255 |   // TODO: use switch case
      |   ^~~~~~~~~~~~~~~~~~~~~~~~
      |   // TODO(yaojun): use switch case
/Users/yaojun/db/incubator-graphar/python/src/bindings/utils/import_util.h:297:12: error: unused variable 'name_changed' [clang-diagnostic-unused-variable]
  297 |       bool name_changed = (new_name != original_name);
      |            ^~~~~~~~~~~~
/Users/yaojun/db/incubator-graphar/python/src/bindings/utils/import_util.h:445:39: error: no type named 'TypeToArrowType' in namespace 'graphar' [clang-diagnostic-error]
  445 |   using ArrayType = typename graphar::TypeToArrowType<type>::ArrayType;
      |                     ~~~~~~~~~~~~~~~~~~^~~~~~~~~~~~~~~
/Users/yaojun/db/incubator-graphar/python/src/bindings/utils/import_util.h:445:54: error: expected ';' after alias declaration [clang-diagnostic-error]
  445 |   using ArrayType = typename graphar::TypeToArrowType<type>::ArrayType;
      |                                                      ^
      |                                                      ;
/Users/yaojun/db/incubator-graphar/python/src/bindings/utils/import_util.h:446:43: error: use of undeclared identifier 'ArrayType' [clang-diagnostic-error]
  446 |   auto column = std::dynamic_pointer_cast<ArrayType>(array);
      |                                           ^
/opt/homebrew/include/pybind11/detail/common.h:274:10: error: 'Python.h' file not found [clang-diagnostic-error]
  274 | #include <Python.h>
      |          ^~~~~~~~~~
[1/8] Processing file /Users/yaojun/db/incubator-graphar/cpp/src/graphar/version_parser.cc.
7074 warnings generated.
[2/8] Processing file /Users/yaojun/db/incubator-graphar/cpp/src/graphar/graph_info.cc.
17608 warnings generated.
[3/8] Processing file /Users/yaojun/db/incubator-graphar/cpp/src/graphar/status.h.
23050 warnings generated.
[4/8] Processing file /Users/yaojun/db/incubator-graphar/cpp/src/graphar/api/info.h.
32856 warnings generated.
[5/8] Processing file /Users/yaojun/db/incubator-graphar/cpp/src/graphar/label.cc.
39811 warnings generated.
[6/8] Processing file /Users/yaojun/db/incubator-graphar/cpp/src/graphar/chunk_info_reader.cc.
49660 warnings generated.
[7/8] Processing file /Users/yaojun/db/incubator-graphar/cpp/src/graphar/high-level/graph_reader.h.
59562 warnings generated.
[8/8] Processing file /Users/yaojun/db/incubator-graphar/cpp/src/graphar/types.cc.
67352 warnings generated.
/Users/yaojun/db/incubator-graphar/cpp/src/graphar/chunk_info_reader.cc:150:5: warning: Potential leak of memory pointed to by field 'state_' [clang-analyzer-cplusplus.NewDeleteLeaks]
  150 |     GAR_ASSIGN_OR_RAISE(
      |     ^
/Users/yaojun/db/incubator-graphar/cpp/src/graphar/result.h:65:3: note: expanded from macro 'GAR_ASSIGN_OR_RAISE'
   65 |   GAR_ASSIGN_OR_RAISE_IMPL(             \
      |   ^
/Users/yaojun/db/incubator-graphar/cpp/src/graphar/result.h:29:3: note: expanded from macro 'GAR_ASSIGN_OR_RAISE_IMPL'
   29 |   GAR_RETURN_IF_((result_name).has_error(), (result_name).error(), \
      |   ^
/Users/yaojun/db/incubator-graphar/cpp/src/graphar/status.h:31:7: note: expanded from macro 'GAR_RETURN_IF_'
   31 |       return (status);                       \
      |       ^
/Users/yaojun/db/incubator-graphar/cpp/src/graphar/chunk_info_reader.cc:134:7: note: Assuming field 'adj_list_type_' is equal to unordered_by_source
  134 |   if (adj_list_type_ != AdjListType::unordered_by_source &&
      |       ^~~~~~~~~~~~~~~~~~~~~~~~~~~~~~~~~~~~~~~~~~~~~~~~~~
/Users/yaojun/db/incubator-graphar/cpp/src/graphar/chunk_info_reader.cc:134:58: note: Left side of '&&' is false
  134 |   if (adj_list_type_ != AdjListType::unordered_by_source &&
      |                                                          ^
/Users/yaojun/db/incubator-graphar/cpp/src/graphar/chunk_info_reader.cc:142:7: note: Assuming 'new_vertex_chunk_index' is < field 'vertex_chunk_num_'
  142 |   if (new_vertex_chunk_index >= vertex_chunk_num_) {
      |       ^~~~~~~~~~~~~~~~~~~~~~~~~~~~~~~~~~~~~~~~~~~
/Users/yaojun/db/incubator-graphar/cpp/src/graphar/chunk_info_reader.cc:142:3: note: Taking false branch
  142 |   if (new_vertex_chunk_index >= vertex_chunk_num_) {
      |   ^
/Users/yaojun/db/incubator-graphar/cpp/src/graphar/chunk_info_reader.cc:148:7: note: Assuming 'new_vertex_chunk_index' is not equal to field 'vertex_chunk_index_'
  148 |   if (vertex_chunk_index_ != new_vertex_chunk_index) {
      |       ^~~~~~~~~~~~~~~~~~~~~~~~~~~~~~~~~~~~~~~~~~~~~
/Users/yaojun/db/incubator-graphar/cpp/src/graphar/chunk_info_reader.cc:148:3: note: Taking true branch
  148 |   if (vertex_chunk_index_ != new_vertex_chunk_index) {
      |   ^
/Users/yaojun/db/incubator-graphar/cpp/src/graphar/chunk_info_reader.cc:150:5: note: Taking true branch
  150 |     GAR_ASSIGN_OR_RAISE(
      |     ^
/Users/yaojun/db/incubator-graphar/cpp/src/graphar/result.h:65:3: note: expanded from macro 'GAR_ASSIGN_OR_RAISE'
   65 |   GAR_ASSIGN_OR_RAISE_IMPL(             \
      |   ^
/Users/yaojun/db/incubator-graphar/cpp/src/graphar/result.h:29:3: note: expanded from macro 'GAR_ASSIGN_OR_RAISE_IMPL'
   29 |   GAR_RETURN_IF_((result_name).has_error(), (result_name).error(), \
      |   ^
/Users/yaojun/db/incubator-graphar/cpp/src/graphar/status.h:30:5: note: expanded from macro 'GAR_RETURN_IF_'
   30 |     if (GAR_PREDICT_FALSE(condition)) {      \
      |     ^
/Users/yaojun/db/incubator-graphar/cpp/src/graphar/chunk_info_reader.cc:150:5: note: Calling 'result::error'
  150 |     GAR_ASSIGN_OR_RAISE(
      |     ^
/Users/yaojun/db/incubator-graphar/cpp/src/graphar/result.h:65:3: note: expanded from macro 'GAR_ASSIGN_OR_RAISE'
   65 |   GAR_ASSIGN_OR_RAISE_IMPL(             \
      |   ^~~~~~~~~~~~~~~~~~~~~~~~~~~~~~~~~~~~~~~
   66 |       GAR_ASSIGN_OR_RAISE_NAME(_error_or_value, __COUNTER__), lhs, rexpr);
      |       ~~~~~~~~~~~~~~~~~~~~~~~~~~~~~~~~~~~~~~~~~~~~~~~~~~~~~~~~~~~~~~~~~~~
/Users/yaojun/db/incubator-graphar/cpp/src/graphar/result.h:29:45: note: expanded from macro 'GAR_ASSIGN_OR_RAISE_IMPL'
   29 |   GAR_RETURN_IF_((result_name).has_error(), (result_name).error(), \
      |   ~~~~~~~~~~~~~~~~~~~~~~~~~~~~~~~~~~~~~~~~~~^~~~~~~~~~~~~~~~~~~~~~~~
   30 |                  GAR_STRINGIFY(rexpr));                            \
      |                  ~~~~~~~~~~~~~~~~~~~~~
/Users/yaojun/db/incubator-graphar/cpp/src/graphar/status.h:31:15: note: expanded from macro 'GAR_RETURN_IF_'
   31 |       return (status);                       \
      |               ^~~~~~
/Users/yaojun/db/incubator-graphar/cpp/thirdparty/result/result.hpp:4749:28: note: Field 'm_has_value' is false
 4749 |   return m_storage.storage.m_has_value
      |                            ^
/Users/yaojun/db/incubator-graphar/cpp/thirdparty/result/result.hpp:4749:10: note: '?' condition is false
 4749 |   return m_storage.storage.m_has_value
      |          ^
/Users/yaojun/db/incubator-graphar/cpp/thirdparty/result/result.hpp:4751:7: note: Calling copy constructor for 'Status'
 4751 |     : m_storage.storage.m_error;
      |       ^~~~~~~~~~~~~~~~~~~~~~~~~
/Users/yaojun/db/incubator-graphar/cpp/src/graphar/status.h:145:17: note: Assuming the condition is false
  145 |       : state_((s.state_ == nullptr) ? nullptr : new State(*s.state_)) {}
      |                 ^~~~~~~~~~~~~~~~~~~
/Users/yaojun/db/incubator-graphar/cpp/src/graphar/status.h:145:16: note: '?' condition is false
  145 |       : state_((s.state_ == nullptr) ? nullptr : new State(*s.state_)) {}
      |                ^
/Users/yaojun/db/incubator-graphar/cpp/src/graphar/status.h:145:50: note: Memory is allocated
  145 |       : state_((s.state_ == nullptr) ? nullptr : new State(*s.state_)) {}
      |                                                  ^~~~~~~~~~~~~~~~~~~~
/Users/yaojun/db/incubator-graphar/cpp/thirdparty/result/result.hpp:4751:7: note: Returning from copy constructor for 'Status'
 4751 |     : m_storage.storage.m_error;
      |       ^~~~~~~~~~~~~~~~~~~~~~~~~
/Users/yaojun/db/incubator-graphar/cpp/src/graphar/chunk_info_reader.cc:150:5: note: Returned allocated memory
  150 |     GAR_ASSIGN_OR_RAISE(
      |     ^
/Users/yaojun/db/incubator-graphar/cpp/src/graphar/result.h:65:3: note: expanded from macro 'GAR_ASSIGN_OR_RAISE'
   65 |   GAR_ASSIGN_OR_RAISE_IMPL(             \
      |   ^~~~~~~~~~~~~~~~~~~~~~~~~~~~~~~~~~~~~~~
   66 |       GAR_ASSIGN_OR_RAISE_NAME(_error_or_value, __COUNTER__), lhs, rexpr);
      |       ~~~~~~~~~~~~~~~~~~~~~~~~~~~~~~~~~~~~~~~~~~~~~~~~~~~~~~~~~~~~~~~~~~~
/Users/yaojun/db/incubator-graphar/cpp/src/graphar/result.h:29:45: note: expanded from macro 'GAR_ASSIGN_OR_RAISE_IMPL'
   29 |   GAR_RETURN_IF_((result_name).has_error(), (result_name).error(), \
      |   ~~~~~~~~~~~~~~~~~~~~~~~~~~~~~~~~~~~~~~~~~~^~~~~~~~~~~~~~~~~~~~~~~~
   30 |                  GAR_STRINGIFY(rexpr));                            \
      |                  ~~~~~~~~~~~~~~~~~~~~~
/Users/yaojun/db/incubator-graphar/cpp/src/graphar/status.h:31:15: note: expanded from macro 'GAR_RETURN_IF_'
   31 |       return (status);                       \
      |               ^~~~~~
/Users/yaojun/db/incubator-graphar/cpp/src/graphar/chunk_info_reader.cc:150:5: note: Potential leak of memory pointed to by field 'state_'
  150 |     GAR_ASSIGN_OR_RAISE(
      |     ^
/Users/yaojun/db/incubator-graphar/cpp/src/graphar/result.h:65:3: note: expanded from macro 'GAR_ASSIGN_OR_RAISE'
   65 |   GAR_ASSIGN_OR_RAISE_IMPL(             \
      |   ^
/Users/yaojun/db/incubator-graphar/cpp/src/graphar/result.h:29:3: note: expanded from macro 'GAR_ASSIGN_OR_RAISE_IMPL'
   29 |   GAR_RETURN_IF_((result_name).has_error(), (result_name).error(), \
      |   ^
/Users/yaojun/db/incubator-graphar/cpp/src/graphar/status.h:31:7: note: expanded from macro 'GAR_RETURN_IF_'
   31 |       return (status);                       \
      |       ^
/Users/yaojun/db/incubator-graphar/cpp/src/graphar/chunk_info_reader.cc:158:5: warning: Potential leak of memory pointed to by field 'state_' [clang-analyzer-cplusplus.NewDeleteLeaks]
  158 |     GAR_ASSIGN_OR_RAISE(auto offset_pair,
      |     ^
/Users/yaojun/db/incubator-graphar/cpp/src/graphar/result.h:65:3: note: expanded from macro 'GAR_ASSIGN_OR_RAISE'
   65 |   GAR_ASSIGN_OR_RAISE_IMPL(             \
      |   ^
/Users/yaojun/db/incubator-graphar/cpp/src/graphar/result.h:29:3: note: expanded from macro 'GAR_ASSIGN_OR_RAISE_IMPL'
   29 |   GAR_RETURN_IF_((result_name).has_error(), (result_name).error(), \
      |   ^
/Users/yaojun/db/incubator-graphar/cpp/src/graphar/status.h:31:7: note: expanded from macro 'GAR_RETURN_IF_'
   31 |       return (status);                       \
      |       ^
/Users/yaojun/db/incubator-graphar/cpp/src/graphar/chunk_info_reader.cc:134:7: note: Assuming field 'adj_list_type_' is not equal to unordered_by_source
  134 |   if (adj_list_type_ != AdjListType::unordered_by_source &&
      |       ^~~~~~~~~~~~~~~~~~~~~~~~~~~~~~~~~~~~~~~~~~~~~~~~~~
/Users/yaojun/db/incubator-graphar/cpp/src/graphar/chunk_info_reader.cc:134:7: note: Left side of '&&' is true
/Users/yaojun/db/incubator-graphar/cpp/src/graphar/chunk_info_reader.cc:135:7: note: Assuming field 'adj_list_type_' is equal to ordered_by_source
  135 |       adj_list_type_ != AdjListType::ordered_by_source) {
      |       ^~~~~~~~~~~~~~~~~~~~~~~~~~~~~~~~~~~~~~~~~~~~~~~~
/Users/yaojun/db/incubator-graphar/cpp/src/graphar/chunk_info_reader.cc:134:3: note: Taking false branch
  134 |   if (adj_list_type_ != AdjListType::unordered_by_source &&
      |   ^
/Users/yaojun/db/incubator-graphar/cpp/src/graphar/chunk_info_reader.cc:142:7: note: Assuming 'new_vertex_chunk_index' is < field 'vertex_chunk_num_'
  142 |   if (new_vertex_chunk_index >= vertex_chunk_num_) {
      |       ^~~~~~~~~~~~~~~~~~~~~~~~~~~~~~~~~~~~~~~~~~~
/Users/yaojun/db/incubator-graphar/cpp/src/graphar/chunk_info_reader.cc:142:3: note: Taking false branch
  142 |   if (new_vertex_chunk_index >= vertex_chunk_num_) {
      |   ^
/Users/yaojun/db/incubator-graphar/cpp/src/graphar/chunk_info_reader.cc:148:7: note: Assuming 'new_vertex_chunk_index' is equal to field 'vertex_chunk_index_'
  148 |   if (vertex_chunk_index_ != new_vertex_chunk_index) {
      |       ^~~~~~~~~~~~~~~~~~~~~~~~~~~~~~~~~~~~~~~~~~~~~
/Users/yaojun/db/incubator-graphar/cpp/src/graphar/chunk_info_reader.cc:148:3: note: Taking false branch
  148 |   if (vertex_chunk_index_ != new_vertex_chunk_index) {
      |   ^
/Users/yaojun/db/incubator-graphar/cpp/src/graphar/chunk_info_reader.cc:155:7: note: Field 'adj_list_type_' is not equal to unordered_by_source
  155 |   if (adj_list_type_ == AdjListType::unordered_by_source) {
      |       ^
/Users/yaojun/db/incubator-graphar/cpp/src/graphar/chunk_info_reader.cc:155:3: note: Taking false branch
  155 |   if (adj_list_type_ == AdjListType::unordered_by_source) {
      |   ^
/Users/yaojun/db/incubator-graphar/cpp/src/graphar/chunk_info_reader.cc:158:5: note: Taking true branch
  158 |     GAR_ASSIGN_OR_RAISE(auto offset_pair,
      |     ^
/Users/yaojun/db/incubator-graphar/cpp/src/graphar/result.h:65:3: note: expanded from macro 'GAR_ASSIGN_OR_RAISE'
   65 |   GAR_ASSIGN_OR_RAISE_IMPL(             \
      |   ^
/Users/yaojun/db/incubator-graphar/cpp/src/graphar/result.h:29:3: note: expanded from macro 'GAR_ASSIGN_OR_RAISE_IMPL'
   29 |   GAR_RETURN_IF_((result_name).has_error(), (result_name).error(), \
      |   ^
/Users/yaojun/db/incubator-graphar/cpp/src/graphar/status.h:30:5: note: expanded from macro 'GAR_RETURN_IF_'
   30 |     if (GAR_PREDICT_FALSE(condition)) {      \
      |     ^
/Users/yaojun/db/incubator-graphar/cpp/src/graphar/chunk_info_reader.cc:158:5: note: Calling 'result::error'
  158 |     GAR_ASSIGN_OR_RAISE(auto offset_pair,
      |     ^
/Users/yaojun/db/incubator-graphar/cpp/src/graphar/result.h:65:3: note: expanded from macro 'GAR_ASSIGN_OR_RAISE'
   65 |   GAR_ASSIGN_OR_RAISE_IMPL(             \
      |   ^~~~~~~~~~~~~~~~~~~~~~~~~~~~~~~~~~~~~~~
   66 |       GAR_ASSIGN_OR_RAISE_NAME(_error_or_value, __COUNTER__), lhs, rexpr);
      |       ~~~~~~~~~~~~~~~~~~~~~~~~~~~~~~~~~~~~~~~~~~~~~~~~~~~~~~~~~~~~~~~~~~~
/Users/yaojun/db/incubator-graphar/cpp/src/graphar/result.h:29:45: note: expanded from macro 'GAR_ASSIGN_OR_RAISE_IMPL'
   29 |   GAR_RETURN_IF_((result_name).has_error(), (result_name).error(), \
      |   ~~~~~~~~~~~~~~~~~~~~~~~~~~~~~~~~~~~~~~~~~~^~~~~~~~~~~~~~~~~~~~~~~~
   30 |                  GAR_STRINGIFY(rexpr));                            \
      |                  ~~~~~~~~~~~~~~~~~~~~~
/Users/yaojun/db/incubator-graphar/cpp/src/graphar/status.h:31:15: note: expanded from macro 'GAR_RETURN_IF_'
   31 |       return (status);                       \
      |               ^~~~~~
/Users/yaojun/db/incubator-graphar/cpp/thirdparty/result/result.hpp:4749:28: note: Field 'm_has_value' is false
 4749 |   return m_storage.storage.m_has_value
      |                            ^
/Users/yaojun/db/incubator-graphar/cpp/thirdparty/result/result.hpp:4749:10: note: '?' condition is false
 4749 |   return m_storage.storage.m_has_value
      |          ^
/Users/yaojun/db/incubator-graphar/cpp/thirdparty/result/result.hpp:4751:7: note: Calling copy constructor for 'Status'
 4751 |     : m_storage.storage.m_error;
      |       ^~~~~~~~~~~~~~~~~~~~~~~~~
/Users/yaojun/db/incubator-graphar/cpp/src/graphar/status.h:145:17: note: Assuming the condition is false
  145 |       : state_((s.state_ == nullptr) ? nullptr : new State(*s.state_)) {}
      |                 ^~~~~~~~~~~~~~~~~~~
/Users/yaojun/db/incubator-graphar/cpp/src/graphar/status.h:145:16: note: '?' condition is false
  145 |       : state_((s.state_ == nullptr) ? nullptr : new State(*s.state_)) {}
      |                ^
/Users/yaojun/db/incubator-graphar/cpp/src/graphar/status.h:145:50: note: Memory is allocated
  145 |       : state_((s.state_ == nullptr) ? nullptr : new State(*s.state_)) {}
      |                                                  ^~~~~~~~~~~~~~~~~~~~
/Users/yaojun/db/incubator-graphar/cpp/thirdparty/result/result.hpp:4751:7: note: Returning from copy constructor for 'Status'
 4751 |     : m_storage.storage.m_error;
      |       ^~~~~~~~~~~~~~~~~~~~~~~~~
/Users/yaojun/db/incubator-graphar/cpp/src/graphar/chunk_info_reader.cc:158:5: note: Returned allocated memory
  158 |     GAR_ASSIGN_OR_RAISE(auto offset_pair,
      |     ^
/Users/yaojun/db/incubator-graphar/cpp/src/graphar/result.h:65:3: note: expanded from macro 'GAR_ASSIGN_OR_RAISE'
   65 |   GAR_ASSIGN_OR_RAISE_IMPL(             \
      |   ^~~~~~~~~~~~~~~~~~~~~~~~~~~~~~~~~~~~~~~
   66 |       GAR_ASSIGN_OR_RAISE_NAME(_error_or_value, __COUNTER__), lhs, rexpr);
      |       ~~~~~~~~~~~~~~~~~~~~~~~~~~~~~~~~~~~~~~~~~~~~~~~~~~~~~~~~~~~~~~~~~~~
/Users/yaojun/db/incubator-graphar/cpp/src/graphar/result.h:29:45: note: expanded from macro 'GAR_ASSIGN_OR_RAISE_IMPL'
   29 |   GAR_RETURN_IF_((result_name).has_error(), (result_name).error(), \
      |   ~~~~~~~~~~~~~~~~~~~~~~~~~~~~~~~~~~~~~~~~~~^~~~~~~~~~~~~~~~~~~~~~~~
   30 |                  GAR_STRINGIFY(rexpr));                            \
      |                  ~~~~~~~~~~~~~~~~~~~~~
/Users/yaojun/db/incubator-graphar/cpp/src/graphar/status.h:31:15: note: expanded from macro 'GAR_RETURN_IF_'
   31 |       return (status);                       \
      |               ^~~~~~
/Users/yaojun/db/incubator-graphar/cpp/src/graphar/chunk_info_reader.cc:158:5: note: Potential leak of memory pointed to by field 'state_'
  158 |     GAR_ASSIGN_OR_RAISE(auto offset_pair,
      |     ^
/Users/yaojun/db/incubator-graphar/cpp/src/graphar/result.h:65:3: note: expanded from macro 'GAR_ASSIGN_OR_RAISE'
   65 |   GAR_ASSIGN_OR_RAISE_IMPL(             \
      |   ^
/Users/yaojun/db/incubator-graphar/cpp/src/graphar/result.h:29:3: note: expanded from macro 'GAR_ASSIGN_OR_RAISE_IMPL'
   29 |   GAR_RETURN_IF_((result_name).has_error(), (result_name).error(), \
      |   ^
/Users/yaojun/db/incubator-graphar/cpp/src/graphar/status.h:31:7: note: expanded from macro 'GAR_RETURN_IF_'
   31 |       return (status);                       \
      |       ^
/Users/yaojun/db/incubator-graphar/cpp/src/graphar/chunk_info_reader.cc:183:5: warning: Potential leak of memory pointed to by field 'state_' [clang-analyzer-cplusplus.NewDeleteLeaks]
  183 |     GAR_ASSIGN_OR_RAISE(
      |     ^
/Users/yaojun/db/incubator-graphar/cpp/src/graphar/result.h:65:3: note: expanded from macro 'GAR_ASSIGN_OR_RAISE'
   65 |   GAR_ASSIGN_OR_RAISE_IMPL(             \
      |   ^
/Users/yaojun/db/incubator-graphar/cpp/src/graphar/result.h:29:3: note: expanded from macro 'GAR_ASSIGN_OR_RAISE_IMPL'
   29 |   GAR_RETURN_IF_((result_name).has_error(), (result_name).error(), \
      |   ^
/Users/yaojun/db/incubator-graphar/cpp/src/graphar/status.h:31:7: note: expanded from macro 'GAR_RETURN_IF_'
   31 |       return (status);                       \
      |       ^
/Users/yaojun/db/incubator-graphar/cpp/src/graphar/chunk_info_reader.cc:167:7: note: Assuming field 'adj_list_type_' is equal to unordered_by_dest
  167 |   if (adj_list_type_ != AdjListType::unordered_by_dest &&
      |       ^~~~~~~~~~~~~~~~~~~~~~~~~~~~~~~~~~~~~~~~~~~~~~~~
/Users/yaojun/db/incubator-graphar/cpp/src/graphar/chunk_info_reader.cc:167:56: note: Left side of '&&' is false
  167 |   if (adj_list_type_ != AdjListType::unordered_by_dest &&
      |                                                        ^
/Users/yaojun/db/incubator-graphar/cpp/src/graphar/chunk_info_reader.cc:175:7: note: Assuming 'new_vertex_chunk_index' is < field 'vertex_chunk_num_'
  175 |   if (new_vertex_chunk_index >= vertex_chunk_num_) {
      |       ^~~~~~~~~~~~~~~~~~~~~~~~~~~~~~~~~~~~~~~~~~~
/Users/yaojun/db/incubator-graphar/cpp/src/graphar/chunk_info_reader.cc:175:3: note: Taking false branch
  175 |   if (new_vertex_chunk_index >= vertex_chunk_num_) {
      |   ^
/Users/yaojun/db/incubator-graphar/cpp/src/graphar/chunk_info_reader.cc:181:7: note: Assuming 'new_vertex_chunk_index' is not equal to field 'vertex_chunk_index_'
  181 |   if (vertex_chunk_index_ != new_vertex_chunk_index) {
      |       ^~~~~~~~~~~~~~~~~~~~~~~~~~~~~~~~~~~~~~~~~~~~~
/Users/yaojun/db/incubator-graphar/cpp/src/graphar/chunk_info_reader.cc:181:3: note: Taking true branch
  181 |   if (vertex_chunk_index_ != new_vertex_chunk_index) {
      |   ^
/Users/yaojun/db/incubator-graphar/cpp/src/graphar/chunk_info_reader.cc:183:5: note: Taking true branch
  183 |     GAR_ASSIGN_OR_RAISE(
      |     ^
/Users/yaojun/db/incubator-graphar/cpp/src/graphar/result.h:65:3: note: expanded from macro 'GAR_ASSIGN_OR_RAISE'
   65 |   GAR_ASSIGN_OR_RAISE_IMPL(             \
      |   ^
/Users/yaojun/db/incubator-graphar/cpp/src/graphar/result.h:29:3: note: expanded from macro 'GAR_ASSIGN_OR_RAISE_IMPL'
   29 |   GAR_RETURN_IF_((result_name).has_error(), (result_name).error(), \
      |   ^
/Users/yaojun/db/incubator-graphar/cpp/src/graphar/status.h:30:5: note: expanded from macro 'GAR_RETURN_IF_'
   30 |     if (GAR_PREDICT_FALSE(condition)) {      \
      |     ^
/Users/yaojun/db/incubator-graphar/cpp/src/graphar/chunk_info_reader.cc:183:5: note: Calling 'result::error'
  183 |     GAR_ASSIGN_OR_RAISE(
      |     ^
/Users/yaojun/db/incubator-graphar/cpp/src/graphar/result.h:65:3: note: expanded from macro 'GAR_ASSIGN_OR_RAISE'
   65 |   GAR_ASSIGN_OR_RAISE_IMPL(             \
      |   ^~~~~~~~~~~~~~~~~~~~~~~~~~~~~~~~~~~~~~~
   66 |       GAR_ASSIGN_OR_RAISE_NAME(_error_or_value, __COUNTER__), lhs, rexpr);
      |       ~~~~~~~~~~~~~~~~~~~~~~~~~~~~~~~~~~~~~~~~~~~~~~~~~~~~~~~~~~~~~~~~~~~
/Users/yaojun/db/incubator-graphar/cpp/src/graphar/result.h:29:45: note: expanded from macro 'GAR_ASSIGN_OR_RAISE_IMPL'
   29 |   GAR_RETURN_IF_((result_name).has_error(), (result_name).error(), \
      |   ~~~~~~~~~~~~~~~~~~~~~~~~~~~~~~~~~~~~~~~~~~^~~~~~~~~~~~~~~~~~~~~~~~
   30 |                  GAR_STRINGIFY(rexpr));                            \
      |                  ~~~~~~~~~~~~~~~~~~~~~
/Users/yaojun/db/incubator-graphar/cpp/src/graphar/status.h:31:15: note: expanded from macro 'GAR_RETURN_IF_'
   31 |       return (status);                       \
      |               ^~~~~~
/Users/yaojun/db/incubator-graphar/cpp/thirdparty/result/result.hpp:4749:28: note: Field 'm_has_value' is false
 4749 |   return m_storage.storage.m_has_value
      |                            ^
/Users/yaojun/db/incubator-graphar/cpp/thirdparty/result/result.hpp:4749:10: note: '?' condition is false
 4749 |   return m_storage.storage.m_has_value
      |          ^
/Users/yaojun/db/incubator-graphar/cpp/thirdparty/result/result.hpp:4751:7: note: Calling copy constructor for 'Status'
 4751 |     : m_storage.storage.m_error;
      |       ^~~~~~~~~~~~~~~~~~~~~~~~~
/Users/yaojun/db/incubator-graphar/cpp/src/graphar/status.h:145:17: note: Assuming the condition is false
  145 |       : state_((s.state_ == nullptr) ? nullptr : new State(*s.state_)) {}
      |                 ^~~~~~~~~~~~~~~~~~~
/Users/yaojun/db/incubator-graphar/cpp/src/graphar/status.h:145:16: note: '?' condition is false
  145 |       : state_((s.state_ == nullptr) ? nullptr : new State(*s.state_)) {}
      |                ^
/Users/yaojun/db/incubator-graphar/cpp/src/graphar/status.h:145:50: note: Memory is allocated
  145 |       : state_((s.state_ == nullptr) ? nullptr : new State(*s.state_)) {}
      |                                                  ^~~~~~~~~~~~~~~~~~~~
/Users/yaojun/db/incubator-graphar/cpp/thirdparty/result/result.hpp:4751:7: note: Returning from copy constructor for 'Status'
 4751 |     : m_storage.storage.m_error;
      |       ^~~~~~~~~~~~~~~~~~~~~~~~~
/Users/yaojun/db/incubator-graphar/cpp/src/graphar/chunk_info_reader.cc:183:5: note: Returned allocated memory
  183 |     GAR_ASSIGN_OR_RAISE(
      |     ^
/Users/yaojun/db/incubator-graphar/cpp/src/graphar/result.h:65:3: note: expanded from macro 'GAR_ASSIGN_OR_RAISE'
   65 |   GAR_ASSIGN_OR_RAISE_IMPL(             \
      |   ^~~~~~~~~~~~~~~~~~~~~~~~~~~~~~~~~~~~~~~
   66 |       GAR_ASSIGN_OR_RAISE_NAME(_error_or_value, __COUNTER__), lhs, rexpr);
      |       ~~~~~~~~~~~~~~~~~~~~~~~~~~~~~~~~~~~~~~~~~~~~~~~~~~~~~~~~~~~~~~~~~~~
/Users/yaojun/db/incubator-graphar/cpp/src/graphar/result.h:29:45: note: expanded from macro 'GAR_ASSIGN_OR_RAISE_IMPL'
   29 |   GAR_RETURN_IF_((result_name).has_error(), (result_name).error(), \
      |   ~~~~~~~~~~~~~~~~~~~~~~~~~~~~~~~~~~~~~~~~~~^~~~~~~~~~~~~~~~~~~~~~~~
   30 |                  GAR_STRINGIFY(rexpr));                            \
      |                  ~~~~~~~~~~~~~~~~~~~~~
/Users/yaojun/db/incubator-graphar/cpp/src/graphar/status.h:31:15: note: expanded from macro 'GAR_RETURN_IF_'
   31 |       return (status);                       \
      |               ^~~~~~
/Users/yaojun/db/incubator-graphar/cpp/src/graphar/chunk_info_reader.cc:183:5: note: Potential leak of memory pointed to by field 'state_'
  183 |     GAR_ASSIGN_OR_RAISE(
      |     ^
/Users/yaojun/db/incubator-graphar/cpp/src/graphar/result.h:65:3: note: expanded from macro 'GAR_ASSIGN_OR_RAISE'
   65 |   GAR_ASSIGN_OR_RAISE_IMPL(             \
      |   ^
/Users/yaojun/db/incubator-graphar/cpp/src/graphar/result.h:29:3: note: expanded from macro 'GAR_ASSIGN_OR_RAISE_IMPL'
   29 |   GAR_RETURN_IF_((result_name).has_error(), (result_name).error(), \
      |   ^
/Users/yaojun/db/incubator-graphar/cpp/src/graphar/status.h:31:7: note: expanded from macro 'GAR_RETURN_IF_'
   31 |       return (status);                       \
      |       ^
/Users/yaojun/db/incubator-graphar/cpp/src/graphar/chunk_info_reader.cc:191:5: warning: Potential leak of memory pointed to by field 'state_' [clang-analyzer-cplusplus.NewDeleteLeaks]
  191 |     GAR_ASSIGN_OR_RAISE(auto range,
      |     ^
/Users/yaojun/db/incubator-graphar/cpp/src/graphar/result.h:65:3: note: expanded from macro 'GAR_ASSIGN_OR_RAISE'
   65 |   GAR_ASSIGN_OR_RAISE_IMPL(             \
      |   ^
/Users/yaojun/db/incubator-graphar/cpp/src/graphar/result.h:29:3: note: expanded from macro 'GAR_ASSIGN_OR_RAISE_IMPL'
   29 |   GAR_RETURN_IF_((result_name).has_error(), (result_name).error(), \
      |   ^
/Users/yaojun/db/incubator-graphar/cpp/src/graphar/status.h:31:7: note: expanded from macro 'GAR_RETURN_IF_'
   31 |       return (status);                       \
      |       ^
/Users/yaojun/db/incubator-graphar/cpp/src/graphar/chunk_info_reader.cc:167:7: note: Assuming field 'adj_list_type_' is not equal to unordered_by_dest
  167 |   if (adj_list_type_ != AdjListType::unordered_by_dest &&
      |       ^~~~~~~~~~~~~~~~~~~~~~~~~~~~~~~~~~~~~~~~~~~~~~~~
/Users/yaojun/db/incubator-graphar/cpp/src/graphar/chunk_info_reader.cc:167:7: note: Left side of '&&' is true
/Users/yaojun/db/incubator-graphar/cpp/src/graphar/chunk_info_reader.cc:168:7: note: Assuming field 'adj_list_type_' is equal to ordered_by_dest
  168 |       adj_list_type_ != AdjListType::ordered_by_dest) {
      |       ^~~~~~~~~~~~~~~~~~~~~~~~~~~~~~~~~~~~~~~~~~~~~~
/Users/yaojun/db/incubator-graphar/cpp/src/graphar/chunk_info_reader.cc:167:3: note: Taking false branch
  167 |   if (adj_list_type_ != AdjListType::unordered_by_dest &&
      |   ^
/Users/yaojun/db/incubator-graphar/cpp/src/graphar/chunk_info_reader.cc:175:7: note: Assuming 'new_vertex_chunk_index' is < field 'vertex_chunk_num_'
  175 |   if (new_vertex_chunk_index >= vertex_chunk_num_) {
      |       ^~~~~~~~~~~~~~~~~~~~~~~~~~~~~~~~~~~~~~~~~~~
/Users/yaojun/db/incubator-graphar/cpp/src/graphar/chunk_info_reader.cc:175:3: note: Taking false branch
  175 |   if (new_vertex_chunk_index >= vertex_chunk_num_) {
      |   ^
/Users/yaojun/db/incubator-graphar/cpp/src/graphar/chunk_info_reader.cc:181:7: note: Assuming 'new_vertex_chunk_index' is equal to field 'vertex_chunk_index_'
  181 |   if (vertex_chunk_index_ != new_vertex_chunk_index) {
      |       ^~~~~~~~~~~~~~~~~~~~~~~~~~~~~~~~~~~~~~~~~~~~~
/Users/yaojun/db/incubator-graphar/cpp/src/graphar/chunk_info_reader.cc:181:3: note: Taking false branch
  181 |   if (vertex_chunk_index_ != new_vertex_chunk_index) {
      |   ^
/Users/yaojun/db/incubator-graphar/cpp/src/graphar/chunk_info_reader.cc:188:7: note: Field 'adj_list_type_' is not equal to unordered_by_dest
  188 |   if (adj_list_type_ == AdjListType::unordered_by_dest) {
      |       ^
/Users/yaojun/db/incubator-graphar/cpp/src/graphar/chunk_info_reader.cc:188:3: note: Taking false branch
  188 |   if (adj_list_type_ == AdjListType::unordered_by_dest) {
      |   ^
/Users/yaojun/db/incubator-graphar/cpp/src/graphar/chunk_info_reader.cc:191:5: note: Taking true branch
  191 |     GAR_ASSIGN_OR_RAISE(auto range,
      |     ^
/Users/yaojun/db/incubator-graphar/cpp/src/graphar/result.h:65:3: note: expanded from macro 'GAR_ASSIGN_OR_RAISE'
   65 |   GAR_ASSIGN_OR_RAISE_IMPL(             \
      |   ^
/Users/yaojun/db/incubator-graphar/cpp/src/graphar/result.h:29:3: note: expanded from macro 'GAR_ASSIGN_OR_RAISE_IMPL'
   29 |   GAR_RETURN_IF_((result_name).has_error(), (result_name).error(), \
      |   ^
/Users/yaojun/db/incubator-graphar/cpp/src/graphar/status.h:30:5: note: expanded from macro 'GAR_RETURN_IF_'
   30 |     if (GAR_PREDICT_FALSE(condition)) {      \
      |     ^
/Users/yaojun/db/incubator-graphar/cpp/src/graphar/chunk_info_reader.cc:191:5: note: Calling 'result::error'
  191 |     GAR_ASSIGN_OR_RAISE(auto range,
      |     ^
/Users/yaojun/db/incubator-graphar/cpp/src/graphar/result.h:65:3: note: expanded from macro 'GAR_ASSIGN_OR_RAISE'
   65 |   GAR_ASSIGN_OR_RAISE_IMPL(             \
      |   ^~~~~~~~~~~~~~~~~~~~~~~~~~~~~~~~~~~~~~~
   66 |       GAR_ASSIGN_OR_RAISE_NAME(_error_or_value, __COUNTER__), lhs, rexpr);
      |       ~~~~~~~~~~~~~~~~~~~~~~~~~~~~~~~~~~~~~~~~~~~~~~~~~~~~~~~~~~~~~~~~~~~
/Users/yaojun/db/incubator-graphar/cpp/src/graphar/result.h:29:45: note: expanded from macro 'GAR_ASSIGN_OR_RAISE_IMPL'
   29 |   GAR_RETURN_IF_((result_name).has_error(), (result_name).error(), \
      |   ~~~~~~~~~~~~~~~~~~~~~~~~~~~~~~~~~~~~~~~~~~^~~~~~~~~~~~~~~~~~~~~~~~
   30 |                  GAR_STRINGIFY(rexpr));                            \
      |                  ~~~~~~~~~~~~~~~~~~~~~
/Users/yaojun/db/incubator-graphar/cpp/src/graphar/status.h:31:15: note: expanded from macro 'GAR_RETURN_IF_'
   31 |       return (status);                       \
      |               ^~~~~~
/Users/yaojun/db/incubator-graphar/cpp/thirdparty/result/result.hpp:4749:28: note: Field 'm_has_value' is false
 4749 |   return m_storage.storage.m_has_value
      |                            ^
/Users/yaojun/db/incubator-graphar/cpp/thirdparty/result/result.hpp:4749:10: note: '?' condition is false
 4749 |   return m_storage.storage.m_has_value
      |          ^
/Users/yaojun/db/incubator-graphar/cpp/thirdparty/result/result.hpp:4751:7: note: Calling copy constructor for 'Status'
 4751 |     : m_storage.storage.m_error;
      |       ^~~~~~~~~~~~~~~~~~~~~~~~~
/Users/yaojun/db/incubator-graphar/cpp/src/graphar/status.h:145:17: note: Assuming the condition is false
  145 |       : state_((s.state_ == nullptr) ? nullptr : new State(*s.state_)) {}
      |                 ^~~~~~~~~~~~~~~~~~~
/Users/yaojun/db/incubator-graphar/cpp/src/graphar/status.h:145:16: note: '?' condition is false
  145 |       : state_((s.state_ == nullptr) ? nullptr : new State(*s.state_)) {}
      |                ^
/Users/yaojun/db/incubator-graphar/cpp/src/graphar/status.h:145:50: note: Memory is allocated
  145 |       : state_((s.state_ == nullptr) ? nullptr : new State(*s.state_)) {}
      |                                                  ^~~~~~~~~~~~~~~~~~~~
/Users/yaojun/db/incubator-graphar/cpp/thirdparty/result/result.hpp:4751:7: note: Returning from copy constructor for 'Status'
 4751 |     : m_storage.storage.m_error;
      |       ^~~~~~~~~~~~~~~~~~~~~~~~~
/Users/yaojun/db/incubator-graphar/cpp/src/graphar/chunk_info_reader.cc:191:5: note: Returned allocated memory
  191 |     GAR_ASSIGN_OR_RAISE(auto range,
      |     ^
/Users/yaojun/db/incubator-graphar/cpp/src/graphar/result.h:65:3: note: expanded from macro 'GAR_ASSIGN_OR_RAISE'
   65 |   GAR_ASSIGN_OR_RAISE_IMPL(             \
      |   ^~~~~~~~~~~~~~~~~~~~~~~~~~~~~~~~~~~~~~~
   66 |       GAR_ASSIGN_OR_RAISE_NAME(_error_or_value, __COUNTER__), lhs, rexpr);
      |       ~~~~~~~~~~~~~~~~~~~~~~~~~~~~~~~~~~~~~~~~~~~~~~~~~~~~~~~~~~~~~~~~~~~
/Users/yaojun/db/incubator-graphar/cpp/src/graphar/result.h:29:45: note: expanded from macro 'GAR_ASSIGN_OR_RAISE_IMPL'
   29 |   GAR_RETURN_IF_((result_name).has_error(), (result_name).error(), \
      |   ~~~~~~~~~~~~~~~~~~~~~~~~~~~~~~~~~~~~~~~~~~^~~~~~~~~~~~~~~~~~~~~~~~
   30 |                  GAR_STRINGIFY(rexpr));                            \
      |                  ~~~~~~~~~~~~~~~~~~~~~
/Users/yaojun/db/incubator-graphar/cpp/src/graphar/status.h:31:15: note: expanded from macro 'GAR_RETURN_IF_'
   31 |       return (status);                       \
      |               ^~~~~~
/Users/yaojun/db/incubator-graphar/cpp/src/graphar/chunk_info_reader.cc:191:5: note: Potential leak of memory pointed to by field 'state_'
  191 |     GAR_ASSIGN_OR_RAISE(auto range,
      |     ^
/Users/yaojun/db/incubator-graphar/cpp/src/graphar/result.h:65:3: note: expanded from macro 'GAR_ASSIGN_OR_RAISE'
   65 |   GAR_ASSIGN_OR_RAISE_IMPL(             \
      |   ^
/Users/yaojun/db/incubator-graphar/cpp/src/graphar/result.h:29:3: note: expanded from macro 'GAR_ASSIGN_OR_RAISE_IMPL'
   29 |   GAR_RETURN_IF_((result_name).has_error(), (result_name).error(), \
      |   ^
/Users/yaojun/db/incubator-graphar/cpp/src/graphar/status.h:31:7: note: expanded from macro 'GAR_RETURN_IF_'
   31 |       return (status);                       \
      |       ^
/Users/yaojun/db/incubator-graphar/cpp/src/graphar/chunk_info_reader.cc:378:5: warning: Potential leak of memory pointed to by field 'state_' [clang-analyzer-cplusplus.NewDeleteLeaks]
  378 |     GAR_ASSIGN_OR_RAISE(
      |     ^
/Users/yaojun/db/incubator-graphar/cpp/src/graphar/result.h:65:3: note: expanded from macro 'GAR_ASSIGN_OR_RAISE'
   65 |   GAR_ASSIGN_OR_RAISE_IMPL(             \
      |   ^
/Users/yaojun/db/incubator-graphar/cpp/src/graphar/result.h:29:3: note: expanded from macro 'GAR_ASSIGN_OR_RAISE_IMPL'
   29 |   GAR_RETURN_IF_((result_name).has_error(), (result_name).error(), \
      |   ^
/Users/yaojun/db/incubator-graphar/cpp/src/graphar/status.h:31:7: note: expanded from macro 'GAR_RETURN_IF_'
   31 |       return (status);                       \
      |       ^
/Users/yaojun/db/incubator-graphar/cpp/src/graphar/chunk_info_reader.cc:362:7: note: Assuming field 'adj_list_type_' is equal to unordered_by_source
  362 |   if (adj_list_type_ != AdjListType::unordered_by_source &&
      |       ^~~~~~~~~~~~~~~~~~~~~~~~~~~~~~~~~~~~~~~~~~~~~~~~~~
/Users/yaojun/db/incubator-graphar/cpp/src/graphar/chunk_info_reader.cc:362:58: note: Left side of '&&' is false
  362 |   if (adj_list_type_ != AdjListType::unordered_by_source &&
      |                                                          ^
/Users/yaojun/db/incubator-graphar/cpp/src/graphar/chunk_info_reader.cc:370:7: note: Assuming 'new_vertex_chunk_index' is < field 'vertex_chunk_num_'
  370 |   if (new_vertex_chunk_index >= vertex_chunk_num_) {
      |       ^~~~~~~~~~~~~~~~~~~~~~~~~~~~~~~~~~~~~~~~~~~
/Users/yaojun/db/incubator-graphar/cpp/src/graphar/chunk_info_reader.cc:370:3: note: Taking false branch
  370 |   if (new_vertex_chunk_index >= vertex_chunk_num_) {
      |   ^
/Users/yaojun/db/incubator-graphar/cpp/src/graphar/chunk_info_reader.cc:376:7: note: Assuming 'new_vertex_chunk_index' is not equal to field 'vertex_chunk_index_'
  376 |   if (vertex_chunk_index_ != new_vertex_chunk_index) {
      |       ^~~~~~~~~~~~~~~~~~~~~~~~~~~~~~~~~~~~~~~~~~~~~
/Users/yaojun/db/incubator-graphar/cpp/src/graphar/chunk_info_reader.cc:376:3: note: Taking true branch
  376 |   if (vertex_chunk_index_ != new_vertex_chunk_index) {
      |   ^
/Users/yaojun/db/incubator-graphar/cpp/src/graphar/chunk_info_reader.cc:378:5: note: Taking true branch
  378 |     GAR_ASSIGN_OR_RAISE(
      |     ^
/Users/yaojun/db/incubator-graphar/cpp/src/graphar/result.h:65:3: note: expanded from macro 'GAR_ASSIGN_OR_RAISE'
   65 |   GAR_ASSIGN_OR_RAISE_IMPL(             \
      |   ^
/Users/yaojun/db/incubator-graphar/cpp/src/graphar/result.h:29:3: note: expanded from macro 'GAR_ASSIGN_OR_RAISE_IMPL'
   29 |   GAR_RETURN_IF_((result_name).has_error(), (result_name).error(), \
      |   ^
/Users/yaojun/db/incubator-graphar/cpp/src/graphar/status.h:30:5: note: expanded from macro 'GAR_RETURN_IF_'
   30 |     if (GAR_PREDICT_FALSE(condition)) {      \
      |     ^
/Users/yaojun/db/incubator-graphar/cpp/src/graphar/chunk_info_reader.cc:378:5: note: Calling 'result::error'
  378 |     GAR_ASSIGN_OR_RAISE(
      |     ^
/Users/yaojun/db/incubator-graphar/cpp/src/graphar/result.h:65:3: note: expanded from macro 'GAR_ASSIGN_OR_RAISE'
   65 |   GAR_ASSIGN_OR_RAISE_IMPL(             \
      |   ^~~~~~~~~~~~~~~~~~~~~~~~~~~~~~~~~~~~~~~
   66 |       GAR_ASSIGN_OR_RAISE_NAME(_error_or_value, __COUNTER__), lhs, rexpr);
      |       ~~~~~~~~~~~~~~~~~~~~~~~~~~~~~~~~~~~~~~~~~~~~~~~~~~~~~~~~~~~~~~~~~~~
/Users/yaojun/db/incubator-graphar/cpp/src/graphar/result.h:29:45: note: expanded from macro 'GAR_ASSIGN_OR_RAISE_IMPL'
   29 |   GAR_RETURN_IF_((result_name).has_error(), (result_name).error(), \
      |   ~~~~~~~~~~~~~~~~~~~~~~~~~~~~~~~~~~~~~~~~~~^~~~~~~~~~~~~~~~~~~~~~~~
   30 |                  GAR_STRINGIFY(rexpr));                            \
      |                  ~~~~~~~~~~~~~~~~~~~~~
/Users/yaojun/db/incubator-graphar/cpp/src/graphar/status.h:31:15: note: expanded from macro 'GAR_RETURN_IF_'
   31 |       return (status);                       \
      |               ^~~~~~
/Users/yaojun/db/incubator-graphar/cpp/thirdparty/result/result.hpp:4749:28: note: Field 'm_has_value' is false
 4749 |   return m_storage.storage.m_has_value
      |                            ^
/Users/yaojun/db/incubator-graphar/cpp/thirdparty/result/result.hpp:4749:10: note: '?' condition is false
 4749 |   return m_storage.storage.m_has_value
      |          ^
/Users/yaojun/db/incubator-graphar/cpp/thirdparty/result/result.hpp:4751:7: note: Calling copy constructor for 'Status'
 4751 |     : m_storage.storage.m_error;
      |       ^~~~~~~~~~~~~~~~~~~~~~~~~
/Users/yaojun/db/incubator-graphar/cpp/src/graphar/status.h:145:17: note: Assuming the condition is false
  145 |       : state_((s.state_ == nullptr) ? nullptr : new State(*s.state_)) {}
      |                 ^~~~~~~~~~~~~~~~~~~
/Users/yaojun/db/incubator-graphar/cpp/src/graphar/status.h:145:16: note: '?' condition is false
  145 |       : state_((s.state_ == nullptr) ? nullptr : new State(*s.state_)) {}
      |                ^
/Users/yaojun/db/incubator-graphar/cpp/src/graphar/status.h:145:50: note: Memory is allocated
  145 |       : state_((s.state_ == nullptr) ? nullptr : new State(*s.state_)) {}
      |                                                  ^~~~~~~~~~~~~~~~~~~~
/Users/yaojun/db/incubator-graphar/cpp/thirdparty/result/result.hpp:4751:7: note: Returning from copy constructor for 'Status'
 4751 |     : m_storage.storage.m_error;
      |       ^~~~~~~~~~~~~~~~~~~~~~~~~
/Users/yaojun/db/incubator-graphar/cpp/src/graphar/chunk_info_reader.cc:378:5: note: Returned allocated memory
  378 |     GAR_ASSIGN_OR_RAISE(
      |     ^
/Users/yaojun/db/incubator-graphar/cpp/src/graphar/result.h:65:3: note: expanded from macro 'GAR_ASSIGN_OR_RAISE'
   65 |   GAR_ASSIGN_OR_RAISE_IMPL(             \
      |   ^~~~~~~~~~~~~~~~~~~~~~~~~~~~~~~~~~~~~~~
   66 |       GAR_ASSIGN_OR_RAISE_NAME(_error_or_value, __COUNTER__), lhs, rexpr);
      |       ~~~~~~~~~~~~~~~~~~~~~~~~~~~~~~~~~~~~~~~~~~~~~~~~~~~~~~~~~~~~~~~~~~~
/Users/yaojun/db/incubator-graphar/cpp/src/graphar/result.h:29:45: note: expanded from macro 'GAR_ASSIGN_OR_RAISE_IMPL'
   29 |   GAR_RETURN_IF_((result_name).has_error(), (result_name).error(), \
      |   ~~~~~~~~~~~~~~~~~~~~~~~~~~~~~~~~~~~~~~~~~~^~~~~~~~~~~~~~~~~~~~~~~~
   30 |                  GAR_STRINGIFY(rexpr));                            \
      |                  ~~~~~~~~~~~~~~~~~~~~~
/Users/yaojun/db/incubator-graphar/cpp/src/graphar/status.h:31:15: note: expanded from macro 'GAR_RETURN_IF_'
   31 |       return (status);                       \
      |               ^~~~~~
/Users/yaojun/db/incubator-graphar/cpp/src/graphar/chunk_info_reader.cc:378:5: note: Potential leak of memory pointed to by field 'state_'
  378 |     GAR_ASSIGN_OR_RAISE(
      |     ^
/Users/yaojun/db/incubator-graphar/cpp/src/graphar/result.h:65:3: note: expanded from macro 'GAR_ASSIGN_OR_RAISE'
   65 |   GAR_ASSIGN_OR_RAISE_IMPL(             \
      |   ^
/Users/yaojun/db/incubator-graphar/cpp/src/graphar/result.h:29:3: note: expanded from macro 'GAR_ASSIGN_OR_RAISE_IMPL'
   29 |   GAR_RETURN_IF_((result_name).has_error(), (result_name).error(), \
      |   ^
/Users/yaojun/db/incubator-graphar/cpp/src/graphar/status.h:31:7: note: expanded from macro 'GAR_RETURN_IF_'
   31 |       return (status);                       \
      |       ^
/Users/yaojun/db/incubator-graphar/cpp/src/graphar/chunk_info_reader.cc:385:5: warning: Potential leak of memory pointed to by field 'state_' [clang-analyzer-cplusplus.NewDeleteLeaks]
  385 |     GAR_ASSIGN_OR_RAISE(auto range,
      |     ^
/Users/yaojun/db/incubator-graphar/cpp/src/graphar/result.h:65:3: note: expanded from macro 'GAR_ASSIGN_OR_RAISE'
   65 |   GAR_ASSIGN_OR_RAISE_IMPL(             \
      |   ^
/Users/yaojun/db/incubator-graphar/cpp/src/graphar/result.h:29:3: note: expanded from macro 'GAR_ASSIGN_OR_RAISE_IMPL'
   29 |   GAR_RETURN_IF_((result_name).has_error(), (result_name).error(), \
      |   ^
/Users/yaojun/db/incubator-graphar/cpp/src/graphar/status.h:31:7: note: expanded from macro 'GAR_RETURN_IF_'
   31 |       return (status);                       \
      |       ^
/Users/yaojun/db/incubator-graphar/cpp/src/graphar/chunk_info_reader.cc:362:7: note: Assuming field 'adj_list_type_' is not equal to unordered_by_source
  362 |   if (adj_list_type_ != AdjListType::unordered_by_source &&
      |       ^~~~~~~~~~~~~~~~~~~~~~~~~~~~~~~~~~~~~~~~~~~~~~~~~~
/Users/yaojun/db/incubator-graphar/cpp/src/graphar/chunk_info_reader.cc:362:7: note: Left side of '&&' is true
/Users/yaojun/db/incubator-graphar/cpp/src/graphar/chunk_info_reader.cc:363:7: note: Assuming field 'adj_list_type_' is equal to ordered_by_source
  363 |       adj_list_type_ != AdjListType::ordered_by_source) {
      |       ^~~~~~~~~~~~~~~~~~~~~~~~~~~~~~~~~~~~~~~~~~~~~~~~
/Users/yaojun/db/incubator-graphar/cpp/src/graphar/chunk_info_reader.cc:362:3: note: Taking false branch
  362 |   if (adj_list_type_ != AdjListType::unordered_by_source &&
      |   ^
/Users/yaojun/db/incubator-graphar/cpp/src/graphar/chunk_info_reader.cc:370:7: note: Assuming 'new_vertex_chunk_index' is < field 'vertex_chunk_num_'
  370 |   if (new_vertex_chunk_index >= vertex_chunk_num_) {
      |       ^~~~~~~~~~~~~~~~~~~~~~~~~~~~~~~~~~~~~~~~~~~
/Users/yaojun/db/incubator-graphar/cpp/src/graphar/chunk_info_reader.cc:370:3: note: Taking false branch
  370 |   if (new_vertex_chunk_index >= vertex_chunk_num_) {
      |   ^
/Users/yaojun/db/incubator-graphar/cpp/src/graphar/chunk_info_reader.cc:376:7: note: Assuming 'new_vertex_chunk_index' is equal to field 'vertex_chunk_index_'
  376 |   if (vertex_chunk_index_ != new_vertex_chunk_index) {
      |       ^~~~~~~~~~~~~~~~~~~~~~~~~~~~~~~~~~~~~~~~~~~~~
/Users/yaojun/db/incubator-graphar/cpp/src/graphar/chunk_info_reader.cc:376:3: note: Taking false branch
  376 |   if (vertex_chunk_index_ != new_vertex_chunk_index) {
      |   ^
/Users/yaojun/db/incubator-graphar/cpp/src/graphar/chunk_info_reader.cc:382:7: note: Field 'adj_list_type_' is not equal to unordered_by_source
  382 |   if (adj_list_type_ == AdjListType::unordered_by_source) {
      |       ^
/Users/yaojun/db/incubator-graphar/cpp/src/graphar/chunk_info_reader.cc:382:3: note: Taking false branch
  382 |   if (adj_list_type_ == AdjListType::unordered_by_source) {
      |   ^
/Users/yaojun/db/incubator-graphar/cpp/src/graphar/chunk_info_reader.cc:385:5: note: Taking true branch
  385 |     GAR_ASSIGN_OR_RAISE(auto range,
      |     ^
/Users/yaojun/db/incubator-graphar/cpp/src/graphar/result.h:65:3: note: expanded from macro 'GAR_ASSIGN_OR_RAISE'
   65 |   GAR_ASSIGN_OR_RAISE_IMPL(             \
      |   ^
/Users/yaojun/db/incubator-graphar/cpp/src/graphar/result.h:29:3: note: expanded from macro 'GAR_ASSIGN_OR_RAISE_IMPL'
   29 |   GAR_RETURN_IF_((result_name).has_error(), (result_name).error(), \
      |   ^
/Users/yaojun/db/incubator-graphar/cpp/src/graphar/status.h:30:5: note: expanded from macro 'GAR_RETURN_IF_'
   30 |     if (GAR_PREDICT_FALSE(condition)) {      \
      |     ^
/Users/yaojun/db/incubator-graphar/cpp/src/graphar/chunk_info_reader.cc:385:5: note: Calling 'result::error'
  385 |     GAR_ASSIGN_OR_RAISE(auto range,
      |     ^
/Users/yaojun/db/incubator-graphar/cpp/src/graphar/result.h:65:3: note: expanded from macro 'GAR_ASSIGN_OR_RAISE'
   65 |   GAR_ASSIGN_OR_RAISE_IMPL(             \
      |   ^~~~~~~~~~~~~~~~~~~~~~~~~~~~~~~~~~~~~~~
   66 |       GAR_ASSIGN_OR_RAISE_NAME(_error_or_value, __COUNTER__), lhs, rexpr);
      |       ~~~~~~~~~~~~~~~~~~~~~~~~~~~~~~~~~~~~~~~~~~~~~~~~~~~~~~~~~~~~~~~~~~~
/Users/yaojun/db/incubator-graphar/cpp/src/graphar/result.h:29:45: note: expanded from macro 'GAR_ASSIGN_OR_RAISE_IMPL'
   29 |   GAR_RETURN_IF_((result_name).has_error(), (result_name).error(), \
      |   ~~~~~~~~~~~~~~~~~~~~~~~~~~~~~~~~~~~~~~~~~~^~~~~~~~~~~~~~~~~~~~~~~~
   30 |                  GAR_STRINGIFY(rexpr));                            \
      |                  ~~~~~~~~~~~~~~~~~~~~~
/Users/yaojun/db/incubator-graphar/cpp/src/graphar/status.h:31:15: note: expanded from macro 'GAR_RETURN_IF_'
   31 |       return (status);                       \
      |               ^~~~~~
/Users/yaojun/db/incubator-graphar/cpp/thirdparty/result/result.hpp:4749:28: note: Field 'm_has_value' is false
 4749 |   return m_storage.storage.m_has_value
      |                            ^
/Users/yaojun/db/incubator-graphar/cpp/thirdparty/result/result.hpp:4749:10: note: '?' condition is false
 4749 |   return m_storage.storage.m_has_value
      |          ^
/Users/yaojun/db/incubator-graphar/cpp/thirdparty/result/result.hpp:4751:7: note: Calling copy constructor for 'Status'
 4751 |     : m_storage.storage.m_error;
      |       ^~~~~~~~~~~~~~~~~~~~~~~~~
/Users/yaojun/db/incubator-graphar/cpp/src/graphar/status.h:145:17: note: Assuming the condition is false
  145 |       : state_((s.state_ == nullptr) ? nullptr : new State(*s.state_)) {}
      |                 ^~~~~~~~~~~~~~~~~~~
/Users/yaojun/db/incubator-graphar/cpp/src/graphar/status.h:145:16: note: '?' condition is false
  145 |       : state_((s.state_ == nullptr) ? nullptr : new State(*s.state_)) {}
      |                ^
/Users/yaojun/db/incubator-graphar/cpp/src/graphar/status.h:145:50: note: Memory is allocated
  145 |       : state_((s.state_ == nullptr) ? nullptr : new State(*s.state_)) {}
      |                                                  ^~~~~~~~~~~~~~~~~~~~
/Users/yaojun/db/incubator-graphar/cpp/thirdparty/result/result.hpp:4751:7: note: Returning from copy constructor for 'Status'
 4751 |     : m_storage.storage.m_error;
      |       ^~~~~~~~~~~~~~~~~~~~~~~~~
/Users/yaojun/db/incubator-graphar/cpp/src/graphar/chunk_info_reader.cc:385:5: note: Returned allocated memory
  385 |     GAR_ASSIGN_OR_RAISE(auto range,
      |     ^
/Users/yaojun/db/incubator-graphar/cpp/src/graphar/result.h:65:3: note: expanded from macro 'GAR_ASSIGN_OR_RAISE'
   65 |   GAR_ASSIGN_OR_RAISE_IMPL(             \
      |   ^~~~~~~~~~~~~~~~~~~~~~~~~~~~~~~~~~~~~~~
   66 |       GAR_ASSIGN_OR_RAISE_NAME(_error_or_value, __COUNTER__), lhs, rexpr);
      |       ~~~~~~~~~~~~~~~~~~~~~~~~~~~~~~~~~~~~~~~~~~~~~~~~~~~~~~~~~~~~~~~~~~~
/Users/yaojun/db/incubator-graphar/cpp/src/graphar/result.h:29:45: note: expanded from macro 'GAR_ASSIGN_OR_RAISE_IMPL'
   29 |   GAR_RETURN_IF_((result_name).has_error(), (result_name).error(), \
      |   ~~~~~~~~~~~~~~~~~~~~~~~~~~~~~~~~~~~~~~~~~~^~~~~~~~~~~~~~~~~~~~~~~~
   30 |                  GAR_STRINGIFY(rexpr));                            \
      |                  ~~~~~~~~~~~~~~~~~~~~~
/Users/yaojun/db/incubator-graphar/cpp/src/graphar/status.h:31:15: note: expanded from macro 'GAR_RETURN_IF_'
   31 |       return (status);                       \
      |               ^~~~~~
/Users/yaojun/db/incubator-graphar/cpp/src/graphar/chunk_info_reader.cc:385:5: note: Potential leak of memory pointed to by field 'state_'
  385 |     GAR_ASSIGN_OR_RAISE(auto range,
      |     ^
/Users/yaojun/db/incubator-graphar/cpp/src/graphar/result.h:65:3: note: expanded from macro 'GAR_ASSIGN_OR_RAISE'
   65 |   GAR_ASSIGN_OR_RAISE_IMPL(             \
      |   ^
/Users/yaojun/db/incubator-graphar/cpp/src/graphar/result.h:29:3: note: expanded from macro 'GAR_ASSIGN_OR_RAISE_IMPL'
   29 |   GAR_RETURN_IF_((result_name).has_error(), (result_name).error(), \
      |   ^
/Users/yaojun/db/incubator-graphar/cpp/src/graphar/status.h:31:7: note: expanded from macro 'GAR_RETURN_IF_'
   31 |       return (status);                       \
      |       ^
/Users/yaojun/db/incubator-graphar/cpp/src/graphar/chunk_info_reader.cc:410:5: warning: Potential leak of memory pointed to by field 'state_' [clang-analyzer-cplusplus.NewDeleteLeaks]
  410 |     GAR_ASSIGN_OR_RAISE(
      |     ^
/Users/yaojun/db/incubator-graphar/cpp/src/graphar/result.h:65:3: note: expanded from macro 'GAR_ASSIGN_OR_RAISE'
   65 |   GAR_ASSIGN_OR_RAISE_IMPL(             \
      |   ^
/Users/yaojun/db/incubator-graphar/cpp/src/graphar/result.h:29:3: note: expanded from macro 'GAR_ASSIGN_OR_RAISE_IMPL'
   29 |   GAR_RETURN_IF_((result_name).has_error(), (result_name).error(), \
      |   ^
/Users/yaojun/db/incubator-graphar/cpp/src/graphar/status.h:31:7: note: expanded from macro 'GAR_RETURN_IF_'
   31 |       return (status);                       \
      |       ^
/Users/yaojun/db/incubator-graphar/cpp/src/graphar/chunk_info_reader.cc:394:7: note: Assuming field 'adj_list_type_' is equal to unordered_by_dest
  394 |   if (adj_list_type_ != AdjListType::unordered_by_dest &&
      |       ^~~~~~~~~~~~~~~~~~~~~~~~~~~~~~~~~~~~~~~~~~~~~~~~
/Users/yaojun/db/incubator-graphar/cpp/src/graphar/chunk_info_reader.cc:394:56: note: Left side of '&&' is false
  394 |   if (adj_list_type_ != AdjListType::unordered_by_dest &&
      |                                                        ^
/Users/yaojun/db/incubator-graphar/cpp/src/graphar/chunk_info_reader.cc:402:7: note: Assuming 'new_vertex_chunk_index' is < field 'vertex_chunk_num_'
  402 |   if (new_vertex_chunk_index >= vertex_chunk_num_) {
      |       ^~~~~~~~~~~~~~~~~~~~~~~~~~~~~~~~~~~~~~~~~~~
/Users/yaojun/db/incubator-graphar/cpp/src/graphar/chunk_info_reader.cc:402:3: note: Taking false branch
  402 |   if (new_vertex_chunk_index >= vertex_chunk_num_) {
      |   ^
/Users/yaojun/db/incubator-graphar/cpp/src/graphar/chunk_info_reader.cc:408:7: note: Assuming 'new_vertex_chunk_index' is not equal to field 'vertex_chunk_index_'
  408 |   if (vertex_chunk_index_ != new_vertex_chunk_index) {
      |       ^~~~~~~~~~~~~~~~~~~~~~~~~~~~~~~~~~~~~~~~~~~~~
/Users/yaojun/db/incubator-graphar/cpp/src/graphar/chunk_info_reader.cc:408:3: note: Taking true branch
  408 |   if (vertex_chunk_index_ != new_vertex_chunk_index) {
      |   ^
/Users/yaojun/db/incubator-graphar/cpp/src/graphar/chunk_info_reader.cc:410:5: note: Taking true branch
  410 |     GAR_ASSIGN_OR_RAISE(
      |     ^
/Users/yaojun/db/incubator-graphar/cpp/src/graphar/result.h:65:3: note: expanded from macro 'GAR_ASSIGN_OR_RAISE'
   65 |   GAR_ASSIGN_OR_RAISE_IMPL(             \
      |   ^
/Users/yaojun/db/incubator-graphar/cpp/src/graphar/result.h:29:3: note: expanded from macro 'GAR_ASSIGN_OR_RAISE_IMPL'
   29 |   GAR_RETURN_IF_((result_name).has_error(), (result_name).error(), \
      |   ^
/Users/yaojun/db/incubator-graphar/cpp/src/graphar/status.h:30:5: note: expanded from macro 'GAR_RETURN_IF_'
   30 |     if (GAR_PREDICT_FALSE(condition)) {      \
      |     ^
/Users/yaojun/db/incubator-graphar/cpp/src/graphar/chunk_info_reader.cc:410:5: note: Calling 'result::error'
  410 |     GAR_ASSIGN_OR_RAISE(
      |     ^
/Users/yaojun/db/incubator-graphar/cpp/src/graphar/result.h:65:3: note: expanded from macro 'GAR_ASSIGN_OR_RAISE'
   65 |   GAR_ASSIGN_OR_RAISE_IMPL(             \
      |   ^~~~~~~~~~~~~~~~~~~~~~~~~~~~~~~~~~~~~~~
   66 |       GAR_ASSIGN_OR_RAISE_NAME(_error_or_value, __COUNTER__), lhs, rexpr);
      |       ~~~~~~~~~~~~~~~~~~~~~~~~~~~~~~~~~~~~~~~~~~~~~~~~~~~~~~~~~~~~~~~~~~~
/Users/yaojun/db/incubator-graphar/cpp/src/graphar/result.h:29:45: note: expanded from macro 'GAR_ASSIGN_OR_RAISE_IMPL'
   29 |   GAR_RETURN_IF_((result_name).has_error(), (result_name).error(), \
      |   ~~~~~~~~~~~~~~~~~~~~~~~~~~~~~~~~~~~~~~~~~~^~~~~~~~~~~~~~~~~~~~~~~~
   30 |                  GAR_STRINGIFY(rexpr));                            \
      |                  ~~~~~~~~~~~~~~~~~~~~~
/Users/yaojun/db/incubator-graphar/cpp/src/graphar/status.h:31:15: note: expanded from macro 'GAR_RETURN_IF_'
   31 |       return (status);                       \
      |               ^~~~~~
/Users/yaojun/db/incubator-graphar/cpp/thirdparty/result/result.hpp:4749:28: note: Field 'm_has_value' is false
 4749 |   return m_storage.storage.m_has_value
      |                            ^
/Users/yaojun/db/incubator-graphar/cpp/thirdparty/result/result.hpp:4749:10: note: '?' condition is false
 4749 |   return m_storage.storage.m_has_value
      |          ^
/Users/yaojun/db/incubator-graphar/cpp/thirdparty/result/result.hpp:4751:7: note: Calling copy constructor for 'Status'
 4751 |     : m_storage.storage.m_error;
      |       ^~~~~~~~~~~~~~~~~~~~~~~~~
/Users/yaojun/db/incubator-graphar/cpp/src/graphar/status.h:145:17: note: Assuming the condition is false
  145 |       : state_((s.state_ == nullptr) ? nullptr : new State(*s.state_)) {}
      |                 ^~~~~~~~~~~~~~~~~~~
/Users/yaojun/db/incubator-graphar/cpp/src/graphar/status.h:145:16: note: '?' condition is false
  145 |       : state_((s.state_ == nullptr) ? nullptr : new State(*s.state_)) {}
      |                ^
/Users/yaojun/db/incubator-graphar/cpp/src/graphar/status.h:145:50: note: Memory is allocated
  145 |       : state_((s.state_ == nullptr) ? nullptr : new State(*s.state_)) {}
      |                                                  ^~~~~~~~~~~~~~~~~~~~
/Users/yaojun/db/incubator-graphar/cpp/thirdparty/result/result.hpp:4751:7: note: Returning from copy constructor for 'Status'
 4751 |     : m_storage.storage.m_error;
      |       ^~~~~~~~~~~~~~~~~~~~~~~~~
/Users/yaojun/db/incubator-graphar/cpp/src/graphar/chunk_info_reader.cc:410:5: note: Returned allocated memory
  410 |     GAR_ASSIGN_OR_RAISE(
      |     ^
/Users/yaojun/db/incubator-graphar/cpp/src/graphar/result.h:65:3: note: expanded from macro 'GAR_ASSIGN_OR_RAISE'
   65 |   GAR_ASSIGN_OR_RAISE_IMPL(             \
      |   ^~~~~~~~~~~~~~~~~~~~~~~~~~~~~~~~~~~~~~~
   66 |       GAR_ASSIGN_OR_RAISE_NAME(_error_or_value, __COUNTER__), lhs, rexpr);
      |       ~~~~~~~~~~~~~~~~~~~~~~~~~~~~~~~~~~~~~~~~~~~~~~~~~~~~~~~~~~~~~~~~~~~
/Users/yaojun/db/incubator-graphar/cpp/src/graphar/result.h:29:45: note: expanded from macro 'GAR_ASSIGN_OR_RAISE_IMPL'
   29 |   GAR_RETURN_IF_((result_name).has_error(), (result_name).error(), \
      |   ~~~~~~~~~~~~~~~~~~~~~~~~~~~~~~~~~~~~~~~~~~^~~~~~~~~~~~~~~~~~~~~~~~
   30 |                  GAR_STRINGIFY(rexpr));                            \
      |                  ~~~~~~~~~~~~~~~~~~~~~
/Users/yaojun/db/incubator-graphar/cpp/src/graphar/status.h:31:15: note: expanded from macro 'GAR_RETURN_IF_'
   31 |       return (status);                       \
      |               ^~~~~~
/Users/yaojun/db/incubator-graphar/cpp/src/graphar/chunk_info_reader.cc:410:5: note: Potential leak of memory pointed to by field 'state_'
  410 |     GAR_ASSIGN_OR_RAISE(
      |     ^
/Users/yaojun/db/incubator-graphar/cpp/src/graphar/result.h:65:3: note: expanded from macro 'GAR_ASSIGN_OR_RAISE'
   65 |   GAR_ASSIGN_OR_RAISE_IMPL(             \
      |   ^
/Users/yaojun/db/incubator-graphar/cpp/src/graphar/result.h:29:3: note: expanded from macro 'GAR_ASSIGN_OR_RAISE_IMPL'
   29 |   GAR_RETURN_IF_((result_name).has_error(), (result_name).error(), \
      |   ^
/Users/yaojun/db/incubator-graphar/cpp/src/graphar/status.h:31:7: note: expanded from macro 'GAR_RETURN_IF_'
   31 |       return (status);                       \
      |       ^
/Users/yaojun/db/incubator-graphar/cpp/src/graphar/chunk_info_reader.cc:418:5: warning: Potential leak of memory pointed to by field 'state_' [clang-analyzer-cplusplus.NewDeleteLeaks]
  418 |     GAR_ASSIGN_OR_RAISE(auto range,
      |     ^
/Users/yaojun/db/incubator-graphar/cpp/src/graphar/result.h:65:3: note: expanded from macro 'GAR_ASSIGN_OR_RAISE'
   65 |   GAR_ASSIGN_OR_RAISE_IMPL(             \
      |   ^
/Users/yaojun/db/incubator-graphar/cpp/src/graphar/result.h:29:3: note: expanded from macro 'GAR_ASSIGN_OR_RAISE_IMPL'
   29 |   GAR_RETURN_IF_((result_name).has_error(), (result_name).error(), \
      |   ^
/Users/yaojun/db/incubator-graphar/cpp/src/graphar/status.h:31:7: note: expanded from macro 'GAR_RETURN_IF_'
   31 |       return (status);                       \
      |       ^
/Users/yaojun/db/incubator-graphar/cpp/src/graphar/chunk_info_reader.cc:394:7: note: Assuming field 'adj_list_type_' is not equal to unordered_by_dest
  394 |   if (adj_list_type_ != AdjListType::unordered_by_dest &&
      |       ^~~~~~~~~~~~~~~~~~~~~~~~~~~~~~~~~~~~~~~~~~~~~~~~
/Users/yaojun/db/incubator-graphar/cpp/src/graphar/chunk_info_reader.cc:394:7: note: Left side of '&&' is true
/Users/yaojun/db/incubator-graphar/cpp/src/graphar/chunk_info_reader.cc:395:7: note: Assuming field 'adj_list_type_' is equal to ordered_by_dest
  395 |       adj_list_type_ != AdjListType::ordered_by_dest) {
      |       ^~~~~~~~~~~~~~~~~~~~~~~~~~~~~~~~~~~~~~~~~~~~~~
/Users/yaojun/db/incubator-graphar/cpp/src/graphar/chunk_info_reader.cc:394:3: note: Taking false branch
  394 |   if (adj_list_type_ != AdjListType::unordered_by_dest &&
      |   ^
/Users/yaojun/db/incubator-graphar/cpp/src/graphar/chunk_info_reader.cc:402:7: note: Assuming 'new_vertex_chunk_index' is < field 'vertex_chunk_num_'
  402 |   if (new_vertex_chunk_index >= vertex_chunk_num_) {
      |       ^~~~~~~~~~~~~~~~~~~~~~~~~~~~~~~~~~~~~~~~~~~
/Users/yaojun/db/incubator-graphar/cpp/src/graphar/chunk_info_reader.cc:402:3: note: Taking false branch
  402 |   if (new_vertex_chunk_index >= vertex_chunk_num_) {
      |   ^
/Users/yaojun/db/incubator-graphar/cpp/src/graphar/chunk_info_reader.cc:408:7: note: Assuming 'new_vertex_chunk_index' is equal to field 'vertex_chunk_index_'
  408 |   if (vertex_chunk_index_ != new_vertex_chunk_index) {
      |       ^~~~~~~~~~~~~~~~~~~~~~~~~~~~~~~~~~~~~~~~~~~~~
/Users/yaojun/db/incubator-graphar/cpp/src/graphar/chunk_info_reader.cc:408:3: note: Taking false branch
  408 |   if (vertex_chunk_index_ != new_vertex_chunk_index) {
      |   ^
/Users/yaojun/db/incubator-graphar/cpp/src/graphar/chunk_info_reader.cc:415:7: note: Field 'adj_list_type_' is not equal to unordered_by_dest
  415 |   if (adj_list_type_ == AdjListType::unordered_by_dest) {
      |       ^
/Users/yaojun/db/incubator-graphar/cpp/src/graphar/chunk_info_reader.cc:415:3: note: Taking false branch
  415 |   if (adj_list_type_ == AdjListType::unordered_by_dest) {
      |   ^
/Users/yaojun/db/incubator-graphar/cpp/src/graphar/chunk_info_reader.cc:418:5: note: Taking true branch
  418 |     GAR_ASSIGN_OR_RAISE(auto range,
      |     ^
/Users/yaojun/db/incubator-graphar/cpp/src/graphar/result.h:65:3: note: expanded from macro 'GAR_ASSIGN_OR_RAISE'
   65 |   GAR_ASSIGN_OR_RAISE_IMPL(             \
      |   ^
/Users/yaojun/db/incubator-graphar/cpp/src/graphar/result.h:29:3: note: expanded from macro 'GAR_ASSIGN_OR_RAISE_IMPL'
   29 |   GAR_RETURN_IF_((result_name).has_error(), (result_name).error(), \
      |   ^
/Users/yaojun/db/incubator-graphar/cpp/src/graphar/status.h:30:5: note: expanded from macro 'GAR_RETURN_IF_'
   30 |     if (GAR_PREDICT_FALSE(condition)) {      \
      |     ^
/Users/yaojun/db/incubator-graphar/cpp/src/graphar/chunk_info_reader.cc:418:5: note: Calling 'result::error'
  418 |     GAR_ASSIGN_OR_RAISE(auto range,
      |     ^
/Users/yaojun/db/incubator-graphar/cpp/src/graphar/result.h:65:3: note: expanded from macro 'GAR_ASSIGN_OR_RAISE'
   65 |   GAR_ASSIGN_OR_RAISE_IMPL(             \
      |   ^~~~~~~~~~~~~~~~~~~~~~~~~~~~~~~~~~~~~~~
   66 |       GAR_ASSIGN_OR_RAISE_NAME(_error_or_value, __COUNTER__), lhs, rexpr);
      |       ~~~~~~~~~~~~~~~~~~~~~~~~~~~~~~~~~~~~~~~~~~~~~~~~~~~~~~~~~~~~~~~~~~~
/Users/yaojun/db/incubator-graphar/cpp/src/graphar/result.h:29:45: note: expanded from macro 'GAR_ASSIGN_OR_RAISE_IMPL'
   29 |   GAR_RETURN_IF_((result_name).has_error(), (result_name).error(), \
      |   ~~~~~~~~~~~~~~~~~~~~~~~~~~~~~~~~~~~~~~~~~~^~~~~~~~~~~~~~~~~~~~~~~~
   30 |                  GAR_STRINGIFY(rexpr));                            \
      |                  ~~~~~~~~~~~~~~~~~~~~~
/Users/yaojun/db/incubator-graphar/cpp/src/graphar/status.h:31:15: note: expanded from macro 'GAR_RETURN_IF_'
   31 |       return (status);                       \
      |               ^~~~~~
/Users/yaojun/db/incubator-graphar/cpp/thirdparty/result/result.hpp:4749:28: note: Field 'm_has_value' is false
 4749 |   return m_storage.storage.m_has_value
      |                            ^
/Users/yaojun/db/incubator-graphar/cpp/thirdparty/result/result.hpp:4749:10: note: '?' condition is false
 4749 |   return m_storage.storage.m_has_value
      |          ^
/Users/yaojun/db/incubator-graphar/cpp/thirdparty/result/result.hpp:4751:7: note: Calling copy constructor for 'Status'
 4751 |     : m_storage.storage.m_error;
      |       ^~~~~~~~~~~~~~~~~~~~~~~~~
/Users/yaojun/db/incubator-graphar/cpp/src/graphar/status.h:145:17: note: Assuming the condition is false
  145 |       : state_((s.state_ == nullptr) ? nullptr : new State(*s.state_)) {}
      |                 ^~~~~~~~~~~~~~~~~~~
/Users/yaojun/db/incubator-graphar/cpp/src/graphar/status.h:145:16: note: '?' condition is false
  145 |       : state_((s.state_ == nullptr) ? nullptr : new State(*s.state_)) {}
      |                ^
/Users/yaojun/db/incubator-graphar/cpp/src/graphar/status.h:145:50: note: Memory is allocated
  145 |       : state_((s.state_ == nullptr) ? nullptr : new State(*s.state_)) {}
      |                                                  ^~~~~~~~~~~~~~~~~~~~
/Users/yaojun/db/incubator-graphar/cpp/thirdparty/result/result.hpp:4751:7: note: Returning from copy constructor for 'Status'
 4751 |     : m_storage.storage.m_error;
      |       ^~~~~~~~~~~~~~~~~~~~~~~~~
/Users/yaojun/db/incubator-graphar/cpp/src/graphar/chunk_info_reader.cc:418:5: note: Returned allocated memory
  418 |     GAR_ASSIGN_OR_RAISE(auto range,
      |     ^
/Users/yaojun/db/incubator-graphar/cpp/src/graphar/result.h:65:3: note: expanded from macro 'GAR_ASSIGN_OR_RAISE'
   65 |   GAR_ASSIGN_OR_RAISE_IMPL(             \
      |   ^~~~~~~~~~~~~~~~~~~~~~~~~~~~~~~~~~~~~~~
   66 |       GAR_ASSIGN_OR_RAISE_NAME(_error_or_value, __COUNTER__), lhs, rexpr);
      |       ~~~~~~~~~~~~~~~~~~~~~~~~~~~~~~~~~~~~~~~~~~~~~~~~~~~~~~~~~~~~~~~~~~~
/Users/yaojun/db/incubator-graphar/cpp/src/graphar/result.h:29:45: note: expanded from macro 'GAR_ASSIGN_OR_RAISE_IMPL'
   29 |   GAR_RETURN_IF_((result_name).has_error(), (result_name).error(), \
      |   ~~~~~~~~~~~~~~~~~~~~~~~~~~~~~~~~~~~~~~~~~~^~~~~~~~~~~~~~~~~~~~~~~~
   30 |                  GAR_STRINGIFY(rexpr));                            \
      |                  ~~~~~~~~~~~~~~~~~~~~~
/Users/yaojun/db/incubator-graphar/cpp/src/graphar/status.h:31:15: note: expanded from macro 'GAR_RETURN_IF_'
   31 |       return (status);                       \
      |               ^~~~~~
/Users/yaojun/db/incubator-graphar/cpp/src/graphar/chunk_info_reader.cc:418:5: note: Potential leak of memory pointed to by field 'state_'
  418 |     GAR_ASSIGN_OR_RAISE(auto range,
      |     ^
/Users/yaojun/db/incubator-graphar/cpp/src/graphar/result.h:65:3: note: expanded from macro 'GAR_ASSIGN_OR_RAISE'
   65 |   GAR_ASSIGN_OR_RAISE_IMPL(             \
      |   ^
/Users/yaojun/db/incubator-graphar/cpp/src/graphar/result.h:29:3: note: expanded from macro 'GAR_ASSIGN_OR_RAISE_IMPL'
   29 |   GAR_RETURN_IF_((result_name).has_error(), (result_name).error(), \
      |   ^
/Users/yaojun/db/incubator-graphar/cpp/src/graphar/status.h:31:7: note: expanded from macro 'GAR_RETURN_IF_'
   31 |       return (status);                       \
      |       ^
/Users/yaojun/db/incubator-graphar/cpp/src/graphar/graph_info.cc:110:50: warning: pass by value and use std::move [modernize-pass-by-value]
  110 |                              FileType file_type, const std::string& prefix)
      |                                                  ^~~~~~~~~~~~~~~~~~
      |                                                  std::string 
  111 |     : properties_(properties), file_type_(file_type), prefix_(prefix) {
      |                                                                     
      |                                                               std::move( )
/Users/yaojun/db/incubator-graphar/cpp/src/graphar/graph_info.cc:184:28: warning: pass by value and use std::move [modernize-pass-by-value]
  184 |                            const std::string& prefix)
      |                            ^~~~~~~~~~~~~~~~~~
      |                            std::string 
  185 |     : type_(type), file_type_(file_type), prefix_(prefix) {
      |                                                         
      |                                                   std::move( )
/Users/yaojun/db/incubator-graphar/cpp/src/graphar/graph_info.cc:214:8: warning: pass by value and use std::move [modernize-pass-by-value]
  214 |   Impl(const std::string& type, IdType chunk_size, const std::string& prefix,
      |        ^~~~~~~~~~~~~~~~~~
      |        std::string 
  215 |        const PropertyGroupVector& property_groups,
  216 |        const std::vector<std::string>& labels,
  217 |        std::shared_ptr<const InfoVersion> version)
  218 |       : type_(type),
      |                   
      |               std::move( )
/Users/yaojun/db/incubator-graphar/cpp/src/graphar/graph_info.cc:214:52: warning: pass by value and use std::move [modernize-pass-by-value]
  214 |   Impl(const std::string& type, IdType chunk_size, const std::string& prefix,
      |                                                    ^~~~~~~~~~~~~~~~~~
      |                                                    std::string 
  215 |        const PropertyGroupVector& property_groups,
  216 |        const std::vector<std::string>& labels,
  217 |        std::shared_ptr<const InfoVersion> version)
  218 |       : type_(type),
  219 |         chunk_size_(chunk_size),
  220 |         property_groups_(std::move(property_groups)),
  221 |         labels_(labels),
  222 |         prefix_(prefix),
      |                       
      |                 std::move( )
/Users/yaojun/db/incubator-graphar/cpp/src/graphar/graph_info.cc:456:3: warning: use auto when initializing with a template cast to avoid duplicating the type name [modernize-use-auto]
  456 |   std::string type = yaml->operator[]("type").As<std::string>();
      |   ^~~~~~~~~~~
      |   auto
/Users/yaojun/db/incubator-graphar/cpp/src/graphar/graph_info.cc:568:3: warning: Potential leak of memory pointed to by field 'state_' [clang-analyzer-cplusplus.NewDeleteLeaks]
  568 |   GAR_ASSIGN_OR_RAISE(auto fs, FileSystemFromUriOrPath(path, &no_url_path));
      |   ^
/Users/yaojun/db/incubator-graphar/cpp/src/graphar/result.h:65:3: note: expanded from macro 'GAR_ASSIGN_OR_RAISE'
   65 |   GAR_ASSIGN_OR_RAISE_IMPL(             \
      |   ^
/Users/yaojun/db/incubator-graphar/cpp/src/graphar/result.h:29:3: note: expanded from macro 'GAR_ASSIGN_OR_RAISE_IMPL'
   29 |   GAR_RETURN_IF_((result_name).has_error(), (result_name).error(), \
      |   ^
/Users/yaojun/db/incubator-graphar/cpp/src/graphar/status.h:31:7: note: expanded from macro 'GAR_RETURN_IF_'
   31 |       return (status);                       \
      |       ^
/Users/yaojun/db/incubator-graphar/cpp/src/graphar/graph_info.cc:568:3: note: Taking true branch
  568 |   GAR_ASSIGN_OR_RAISE(auto fs, FileSystemFromUriOrPath(path, &no_url_path));
      |   ^
/Users/yaojun/db/incubator-graphar/cpp/src/graphar/result.h:65:3: note: expanded from macro 'GAR_ASSIGN_OR_RAISE'
   65 |   GAR_ASSIGN_OR_RAISE_IMPL(             \
      |   ^
/Users/yaojun/db/incubator-graphar/cpp/src/graphar/result.h:29:3: note: expanded from macro 'GAR_ASSIGN_OR_RAISE_IMPL'
   29 |   GAR_RETURN_IF_((result_name).has_error(), (result_name).error(), \
      |   ^
/Users/yaojun/db/incubator-graphar/cpp/src/graphar/status.h:30:5: note: expanded from macro 'GAR_RETURN_IF_'
   30 |     if (GAR_PREDICT_FALSE(condition)) {      \
      |     ^
/Users/yaojun/db/incubator-graphar/cpp/src/graphar/graph_info.cc:568:3: note: Calling 'result::error'
  568 |   GAR_ASSIGN_OR_RAISE(auto fs, FileSystemFromUriOrPath(path, &no_url_path));
      |   ^
/Users/yaojun/db/incubator-graphar/cpp/src/graphar/result.h:65:3: note: expanded from macro 'GAR_ASSIGN_OR_RAISE'
   65 |   GAR_ASSIGN_OR_RAISE_IMPL(             \
      |   ^~~~~~~~~~~~~~~~~~~~~~~~~~~~~~~~~~~~~~~
   66 |       GAR_ASSIGN_OR_RAISE_NAME(_error_or_value, __COUNTER__), lhs, rexpr);
      |       ~~~~~~~~~~~~~~~~~~~~~~~~~~~~~~~~~~~~~~~~~~~~~~~~~~~~~~~~~~~~~~~~~~~
/Users/yaojun/db/incubator-graphar/cpp/src/graphar/result.h:29:45: note: expanded from macro 'GAR_ASSIGN_OR_RAISE_IMPL'
   29 |   GAR_RETURN_IF_((result_name).has_error(), (result_name).error(), \
      |   ~~~~~~~~~~~~~~~~~~~~~~~~~~~~~~~~~~~~~~~~~~^~~~~~~~~~~~~~~~~~~~~~~~
   30 |                  GAR_STRINGIFY(rexpr));                            \
      |                  ~~~~~~~~~~~~~~~~~~~~~
/Users/yaojun/db/incubator-graphar/cpp/src/graphar/status.h:31:15: note: expanded from macro 'GAR_RETURN_IF_'
   31 |       return (status);                       \
      |               ^~~~~~
/Users/yaojun/db/incubator-graphar/cpp/thirdparty/result/result.hpp:4749:28: note: Field 'm_has_value' is false
 4749 |   return m_storage.storage.m_has_value
      |                            ^
/Users/yaojun/db/incubator-graphar/cpp/thirdparty/result/result.hpp:4749:10: note: '?' condition is false
 4749 |   return m_storage.storage.m_has_value
      |          ^
/Users/yaojun/db/incubator-graphar/cpp/thirdparty/result/result.hpp:4751:7: note: Calling copy constructor for 'Status'
 4751 |     : m_storage.storage.m_error;
      |       ^~~~~~~~~~~~~~~~~~~~~~~~~
/Users/yaojun/db/incubator-graphar/cpp/src/graphar/status.h:145:17: note: Assuming the condition is false
  145 |       : state_((s.state_ == nullptr) ? nullptr : new State(*s.state_)) {}
      |                 ^~~~~~~~~~~~~~~~~~~
/Users/yaojun/db/incubator-graphar/cpp/src/graphar/status.h:145:16: note: '?' condition is false
  145 |       : state_((s.state_ == nullptr) ? nullptr : new State(*s.state_)) {}
      |                ^
/Users/yaojun/db/incubator-graphar/cpp/src/graphar/status.h:145:50: note: Memory is allocated
  145 |       : state_((s.state_ == nullptr) ? nullptr : new State(*s.state_)) {}
      |                                                  ^~~~~~~~~~~~~~~~~~~~
/Users/yaojun/db/incubator-graphar/cpp/thirdparty/result/result.hpp:4751:7: note: Returning from copy constructor for 'Status'
 4751 |     : m_storage.storage.m_error;
      |       ^~~~~~~~~~~~~~~~~~~~~~~~~
/Users/yaojun/db/incubator-graphar/cpp/src/graphar/graph_info.cc:568:3: note: Returned allocated memory
  568 |   GAR_ASSIGN_OR_RAISE(auto fs, FileSystemFromUriOrPath(path, &no_url_path));
      |   ^
/Users/yaojun/db/incubator-graphar/cpp/src/graphar/result.h:65:3: note: expanded from macro 'GAR_ASSIGN_OR_RAISE'
   65 |   GAR_ASSIGN_OR_RAISE_IMPL(             \
      |   ^~~~~~~~~~~~~~~~~~~~~~~~~~~~~~~~~~~~~~~
   66 |       GAR_ASSIGN_OR_RAISE_NAME(_error_or_value, __COUNTER__), lhs, rexpr);
      |       ~~~~~~~~~~~~~~~~~~~~~~~~~~~~~~~~~~~~~~~~~~~~~~~~~~~~~~~~~~~~~~~~~~~
/Users/yaojun/db/incubator-graphar/cpp/src/graphar/result.h:29:45: note: expanded from macro 'GAR_ASSIGN_OR_RAISE_IMPL'
   29 |   GAR_RETURN_IF_((result_name).has_error(), (result_name).error(), \
      |   ~~~~~~~~~~~~~~~~~~~~~~~~~~~~~~~~~~~~~~~~~~^~~~~~~~~~~~~~~~~~~~~~~~
   30 |                  GAR_STRINGIFY(rexpr));                            \
      |                  ~~~~~~~~~~~~~~~~~~~~~
/Users/yaojun/db/incubator-graphar/cpp/src/graphar/status.h:31:15: note: expanded from macro 'GAR_RETURN_IF_'
   31 |       return (status);                       \
      |               ^~~~~~
/Users/yaojun/db/incubator-graphar/cpp/src/graphar/graph_info.cc:568:3: note: Potential leak of memory pointed to by field 'state_'
  568 |   GAR_ASSIGN_OR_RAISE(auto fs, FileSystemFromUriOrPath(path, &no_url_path));
      |   ^
/Users/yaojun/db/incubator-graphar/cpp/src/graphar/result.h:65:3: note: expanded from macro 'GAR_ASSIGN_OR_RAISE'
   65 |   GAR_ASSIGN_OR_RAISE_IMPL(             \
      |   ^
/Users/yaojun/db/incubator-graphar/cpp/src/graphar/result.h:29:3: note: expanded from macro 'GAR_ASSIGN_OR_RAISE_IMPL'
   29 |   GAR_RETURN_IF_((result_name).has_error(), (result_name).error(), \
      |   ^
/Users/yaojun/db/incubator-graphar/cpp/src/graphar/status.h:31:7: note: expanded from macro 'GAR_RETURN_IF_'
   31 |       return (status);                       \
      |       ^
/Users/yaojun/db/incubator-graphar/cpp/src/graphar/graph_info.cc:569:3: warning: Potential leak of memory pointed to by field 'state_' [clang-analyzer-cplusplus.NewDeleteLeaks]
  569 |   GAR_ASSIGN_OR_RAISE(auto yaml_content, this->Dump());
      |   ^
/Users/yaojun/db/incubator-graphar/cpp/src/graphar/result.h:65:3: note: expanded from macro 'GAR_ASSIGN_OR_RAISE'
   65 |   GAR_ASSIGN_OR_RAISE_IMPL(             \
      |   ^
/Users/yaojun/db/incubator-graphar/cpp/src/graphar/result.h:29:3: note: expanded from macro 'GAR_ASSIGN_OR_RAISE_IMPL'
   29 |   GAR_RETURN_IF_((result_name).has_error(), (result_name).error(), \
      |   ^
/Users/yaojun/db/incubator-graphar/cpp/src/graphar/status.h:31:7: note: expanded from macro 'GAR_RETURN_IF_'
   31 |       return (status);                       \
      |       ^
/Users/yaojun/db/incubator-graphar/cpp/src/graphar/graph_info.cc:568:3: note: Taking false branch
  568 |   GAR_ASSIGN_OR_RAISE(auto fs, FileSystemFromUriOrPath(path, &no_url_path));
      |   ^
/Users/yaojun/db/incubator-graphar/cpp/src/graphar/result.h:65:3: note: expanded from macro 'GAR_ASSIGN_OR_RAISE'
   65 |   GAR_ASSIGN_OR_RAISE_IMPL(             \
      |   ^
/Users/yaojun/db/incubator-graphar/cpp/src/graphar/result.h:29:3: note: expanded from macro 'GAR_ASSIGN_OR_RAISE_IMPL'
   29 |   GAR_RETURN_IF_((result_name).has_error(), (result_name).error(), \
      |   ^
/Users/yaojun/db/incubator-graphar/cpp/src/graphar/status.h:30:5: note: expanded from macro 'GAR_RETURN_IF_'
   30 |     if (GAR_PREDICT_FALSE(condition)) {      \
      |     ^
/Users/yaojun/db/incubator-graphar/cpp/src/graphar/graph_info.cc:568:3: note: Loop condition is false.  Exiting loop
  568 |   GAR_ASSIGN_OR_RAISE(auto fs, FileSystemFromUriOrPath(path, &no_url_path));
      |   ^
/Users/yaojun/db/incubator-graphar/cpp/src/graphar/result.h:65:3: note: expanded from macro 'GAR_ASSIGN_OR_RAISE'
   65 |   GAR_ASSIGN_OR_RAISE_IMPL(             \
      |   ^
/Users/yaojun/db/incubator-graphar/cpp/src/graphar/result.h:29:3: note: expanded from macro 'GAR_ASSIGN_OR_RAISE_IMPL'
   29 |   GAR_RETURN_IF_((result_name).has_error(), (result_name).error(), \
      |   ^
/Users/yaojun/db/incubator-graphar/cpp/src/graphar/status.h:29:3: note: expanded from macro 'GAR_RETURN_IF_'
   29 |   do {                                       \
      |   ^
/Users/yaojun/db/incubator-graphar/cpp/src/graphar/graph_info.cc:569:3: note: Taking true branch
  569 |   GAR_ASSIGN_OR_RAISE(auto yaml_content, this->Dump());
      |   ^
/Users/yaojun/db/incubator-graphar/cpp/src/graphar/result.h:65:3: note: expanded from macro 'GAR_ASSIGN_OR_RAISE'
   65 |   GAR_ASSIGN_OR_RAISE_IMPL(             \
      |   ^
/Users/yaojun/db/incubator-graphar/cpp/src/graphar/result.h:29:3: note: expanded from macro 'GAR_ASSIGN_OR_RAISE_IMPL'
   29 |   GAR_RETURN_IF_((result_name).has_error(), (result_name).error(), \
      |   ^
/Users/yaojun/db/incubator-graphar/cpp/src/graphar/status.h:30:5: note: expanded from macro 'GAR_RETURN_IF_'
   30 |     if (GAR_PREDICT_FALSE(condition)) {      \
      |     ^
/Users/yaojun/db/incubator-graphar/cpp/src/graphar/graph_info.cc:569:3: note: Calling 'result::error'
  569 |   GAR_ASSIGN_OR_RAISE(auto yaml_content, this->Dump());
      |   ^
/Users/yaojun/db/incubator-graphar/cpp/src/graphar/result.h:65:3: note: expanded from macro 'GAR_ASSIGN_OR_RAISE'
   65 |   GAR_ASSIGN_OR_RAISE_IMPL(             \
      |   ^~~~~~~~~~~~~~~~~~~~~~~~~~~~~~~~~~~~~~~
   66 |       GAR_ASSIGN_OR_RAISE_NAME(_error_or_value, __COUNTER__), lhs, rexpr);
      |       ~~~~~~~~~~~~~~~~~~~~~~~~~~~~~~~~~~~~~~~~~~~~~~~~~~~~~~~~~~~~~~~~~~~
/Users/yaojun/db/incubator-graphar/cpp/src/graphar/result.h:29:45: note: expanded from macro 'GAR_ASSIGN_OR_RAISE_IMPL'
   29 |   GAR_RETURN_IF_((result_name).has_error(), (result_name).error(), \
      |   ~~~~~~~~~~~~~~~~~~~~~~~~~~~~~~~~~~~~~~~~~~^~~~~~~~~~~~~~~~~~~~~~~~
   30 |                  GAR_STRINGIFY(rexpr));                            \
      |                  ~~~~~~~~~~~~~~~~~~~~~
/Users/yaojun/db/incubator-graphar/cpp/src/graphar/status.h:31:15: note: expanded from macro 'GAR_RETURN_IF_'
   31 |       return (status);                       \
      |               ^~~~~~
/Users/yaojun/db/incubator-graphar/cpp/thirdparty/result/result.hpp:4749:28: note: Field 'm_has_value' is false
 4749 |   return m_storage.storage.m_has_value
      |                            ^
/Users/yaojun/db/incubator-graphar/cpp/thirdparty/result/result.hpp:4749:10: note: '?' condition is false
 4749 |   return m_storage.storage.m_has_value
      |          ^
/Users/yaojun/db/incubator-graphar/cpp/thirdparty/result/result.hpp:4751:7: note: Calling copy constructor for 'Status'
 4751 |     : m_storage.storage.m_error;
      |       ^~~~~~~~~~~~~~~~~~~~~~~~~
/Users/yaojun/db/incubator-graphar/cpp/src/graphar/status.h:145:17: note: Assuming the condition is false
  145 |       : state_((s.state_ == nullptr) ? nullptr : new State(*s.state_)) {}
      |                 ^~~~~~~~~~~~~~~~~~~
/Users/yaojun/db/incubator-graphar/cpp/src/graphar/status.h:145:16: note: '?' condition is false
  145 |       : state_((s.state_ == nullptr) ? nullptr : new State(*s.state_)) {}
      |                ^
/Users/yaojun/db/incubator-graphar/cpp/src/graphar/status.h:145:50: note: Memory is allocated
  145 |       : state_((s.state_ == nullptr) ? nullptr : new State(*s.state_)) {}
      |                                                  ^~~~~~~~~~~~~~~~~~~~
/Users/yaojun/db/incubator-graphar/cpp/thirdparty/result/result.hpp:4751:7: note: Returning from copy constructor for 'Status'
 4751 |     : m_storage.storage.m_error;
      |       ^~~~~~~~~~~~~~~~~~~~~~~~~
/Users/yaojun/db/incubator-graphar/cpp/src/graphar/graph_info.cc:569:3: note: Returned allocated memory
  569 |   GAR_ASSIGN_OR_RAISE(auto yaml_content, this->Dump());
      |   ^
/Users/yaojun/db/incubator-graphar/cpp/src/graphar/result.h:65:3: note: expanded from macro 'GAR_ASSIGN_OR_RAISE'
   65 |   GAR_ASSIGN_OR_RAISE_IMPL(             \
      |   ^~~~~~~~~~~~~~~~~~~~~~~~~~~~~~~~~~~~~~~
   66 |       GAR_ASSIGN_OR_RAISE_NAME(_error_or_value, __COUNTER__), lhs, rexpr);
      |       ~~~~~~~~~~~~~~~~~~~~~~~~~~~~~~~~~~~~~~~~~~~~~~~~~~~~~~~~~~~~~~~~~~~
/Users/yaojun/db/incubator-graphar/cpp/src/graphar/result.h:29:45: note: expanded from macro 'GAR_ASSIGN_OR_RAISE_IMPL'
   29 |   GAR_RETURN_IF_((result_name).has_error(), (result_name).error(), \
      |   ~~~~~~~~~~~~~~~~~~~~~~~~~~~~~~~~~~~~~~~~~~^~~~~~~~~~~~~~~~~~~~~~~~
   30 |                  GAR_STRINGIFY(rexpr));                            \
      |                  ~~~~~~~~~~~~~~~~~~~~~
/Users/yaojun/db/incubator-graphar/cpp/src/graphar/status.h:31:15: note: expanded from macro 'GAR_RETURN_IF_'
   31 |       return (status);                       \
      |               ^~~~~~
/Users/yaojun/db/incubator-graphar/cpp/src/graphar/graph_info.cc:569:3: note: Potential leak of memory pointed to by field 'state_'
  569 |   GAR_ASSIGN_OR_RAISE(auto yaml_content, this->Dump());
      |   ^
/Users/yaojun/db/incubator-graphar/cpp/src/graphar/result.h:65:3: note: expanded from macro 'GAR_ASSIGN_OR_RAISE'
   65 |   GAR_ASSIGN_OR_RAISE_IMPL(             \
      |   ^
/Users/yaojun/db/incubator-graphar/cpp/src/graphar/result.h:29:3: note: expanded from macro 'GAR_ASSIGN_OR_RAISE_IMPL'
   29 |   GAR_RETURN_IF_((result_name).has_error(), (result_name).error(), \
      |   ^
/Users/yaojun/db/incubator-graphar/cpp/src/graphar/status.h:31:7: note: expanded from macro 'GAR_RETURN_IF_'
   31 |       return (status);                       \
      |       ^
/Users/yaojun/db/incubator-graphar/cpp/src/graphar/graph_info.cc:575:8: warning: pass by value and use std::move [modernize-pass-by-value]
  575 |   Impl(const std::string& src_type, const std::string& edge_type,
      |        ^~~~~~~~~~~~~~~~~~
      |        std::string 
  576 |        const std::string& dst_type, IdType chunk_size, IdType src_chunk_size,
  577 |        IdType dst_chunk_size, bool directed, const std::string& prefix,
  578 |        const AdjacentListVector& adjacent_lists,
  579 |        const PropertyGroupVector& property_groups,
  580 |        std::shared_ptr<const InfoVersion> version)
  581 |       : src_type_(src_type),
      |                           
      |                   std::move( )
/Users/yaojun/db/incubator-graphar/cpp/src/graphar/graph_info.cc:575:37: warning: pass by value and use std::move [modernize-pass-by-value]
  575 |   Impl(const std::string& src_type, const std::string& edge_type,
      |                                     ^~~~~~~~~~~~~~~~~~
      |                                     std::string 
  576 |        const std::string& dst_type, IdType chunk_size, IdType src_chunk_size,
  577 |        IdType dst_chunk_size, bool directed, const std::string& prefix,
  578 |        const AdjacentListVector& adjacent_lists,
  579 |        const PropertyGroupVector& property_groups,
  580 |        std::shared_ptr<const InfoVersion> version)
  581 |       : src_type_(src_type),
  582 |         edge_type_(edge_type),
      |                             
      |                    std::move( )
/Users/yaojun/db/incubator-graphar/cpp/src/graphar/graph_info.cc:576:8: warning: pass by value and use std::move [modernize-pass-by-value]
  576 |        const std::string& dst_type, IdType chunk_size, IdType src_chunk_size,
      |        ^~~~~~~~~~~~~~~~~~
      |        std::string 
  577 |        IdType dst_chunk_size, bool directed, const std::string& prefix,
  578 |        const AdjacentListVector& adjacent_lists,
  579 |        const PropertyGroupVector& property_groups,
  580 |        std::shared_ptr<const InfoVersion> version)
  581 |       : src_type_(src_type),
  582 |         edge_type_(edge_type),
  583 |         dst_type_(dst_type),
      |                           
      |                   std::move( )
/Users/yaojun/db/incubator-graphar/cpp/src/graphar/graph_info.cc:577:46: warning: pass by value and use std::move [modernize-pass-by-value]
  577 |        IdType dst_chunk_size, bool directed, const std::string& prefix,
      |                                              ^~~~~~~~~~~~~~~~~~
      |                                              std::string 
  578 |        const AdjacentListVector& adjacent_lists,
  579 |        const PropertyGroupVector& property_groups,
  580 |        std::shared_ptr<const InfoVersion> version)
  581 |       : src_type_(src_type),
  582 |         edge_type_(edge_type),
  583 |         dst_type_(dst_type),
  584 |         chunk_size_(chunk_size),
  585 |         src_chunk_size_(src_chunk_size),
  586 |         dst_chunk_size_(dst_chunk_size),
  587 |         directed_(directed),
  588 |         prefix_(prefix),
      |                       
      |                 std::move( )
/Users/yaojun/db/incubator-graphar/cpp/src/graphar/graph_info.cc:970:3: warning: use auto when initializing with a template cast to avoid duplicating the type name [modernize-use-auto]
  970 |   std::string src_type = yaml->operator[]("src_type").As<std::string>();
      |   ^~~~~~~~~~~
      |   auto
/Users/yaojun/db/incubator-graphar/cpp/src/graphar/graph_info.cc:971:3: warning: use auto when initializing with a template cast to avoid duplicating the type name [modernize-use-auto]
  971 |   std::string edge_type = yaml->operator[]("edge_type").As<std::string>();
      |   ^~~~~~~~~~~
      |   auto
/Users/yaojun/db/incubator-graphar/cpp/src/graphar/graph_info.cc:972:3: warning: use auto when initializing with a template cast to avoid duplicating the type name [modernize-use-auto]
  972 |   std::string dst_type = yaml->operator[]("dst_type").As<std::string>();
      |   ^~~~~~~~~~~
      |   auto
/Users/yaojun/db/incubator-graphar/cpp/src/graphar/graph_info.cc:1109:3: warning: Potential leak of memory pointed to by field 'state_' [clang-analyzer-cplusplus.NewDeleteLeaks]
 1109 |   GAR_ASSIGN_OR_RAISE(auto fs, FileSystemFromUriOrPath(path, &no_url_path));
      |   ^
/Users/yaojun/db/incubator-graphar/cpp/src/graphar/result.h:65:3: note: expanded from macro 'GAR_ASSIGN_OR_RAISE'
   65 |   GAR_ASSIGN_OR_RAISE_IMPL(             \
      |   ^
/Users/yaojun/db/incubator-graphar/cpp/src/graphar/result.h:29:3: note: expanded from macro 'GAR_ASSIGN_OR_RAISE_IMPL'
   29 |   GAR_RETURN_IF_((result_name).has_error(), (result_name).error(), \
      |   ^
/Users/yaojun/db/incubator-graphar/cpp/src/graphar/status.h:31:7: note: expanded from macro 'GAR_RETURN_IF_'
   31 |       return (status);                       \
      |       ^
/Users/yaojun/db/incubator-graphar/cpp/src/graphar/graph_info.cc:1109:3: note: Taking true branch
 1109 |   GAR_ASSIGN_OR_RAISE(auto fs, FileSystemFromUriOrPath(path, &no_url_path));
      |   ^
/Users/yaojun/db/incubator-graphar/cpp/src/graphar/result.h:65:3: note: expanded from macro 'GAR_ASSIGN_OR_RAISE'
   65 |   GAR_ASSIGN_OR_RAISE_IMPL(             \
      |   ^
/Users/yaojun/db/incubator-graphar/cpp/src/graphar/result.h:29:3: note: expanded from macro 'GAR_ASSIGN_OR_RAISE_IMPL'
   29 |   GAR_RETURN_IF_((result_name).has_error(), (result_name).error(), \
      |   ^
/Users/yaojun/db/incubator-graphar/cpp/src/graphar/status.h:30:5: note: expanded from macro 'GAR_RETURN_IF_'
   30 |     if (GAR_PREDICT_FALSE(condition)) {      \
      |     ^
/Users/yaojun/db/incubator-graphar/cpp/src/graphar/graph_info.cc:1109:3: note: Calling 'result::error'
 1109 |   GAR_ASSIGN_OR_RAISE(auto fs, FileSystemFromUriOrPath(path, &no_url_path));
      |   ^
/Users/yaojun/db/incubator-graphar/cpp/src/graphar/result.h:65:3: note: expanded from macro 'GAR_ASSIGN_OR_RAISE'
   65 |   GAR_ASSIGN_OR_RAISE_IMPL(             \
      |   ^~~~~~~~~~~~~~~~~~~~~~~~~~~~~~~~~~~~~~~
   66 |       GAR_ASSIGN_OR_RAISE_NAME(_error_or_value, __COUNTER__), lhs, rexpr);
      |       ~~~~~~~~~~~~~~~~~~~~~~~~~~~~~~~~~~~~~~~~~~~~~~~~~~~~~~~~~~~~~~~~~~~
/Users/yaojun/db/incubator-graphar/cpp/src/graphar/result.h:29:45: note: expanded from macro 'GAR_ASSIGN_OR_RAISE_IMPL'
   29 |   GAR_RETURN_IF_((result_name).has_error(), (result_name).error(), \
      |   ~~~~~~~~~~~~~~~~~~~~~~~~~~~~~~~~~~~~~~~~~~^~~~~~~~~~~~~~~~~~~~~~~~
   30 |                  GAR_STRINGIFY(rexpr));                            \
      |                  ~~~~~~~~~~~~~~~~~~~~~
/Users/yaojun/db/incubator-graphar/cpp/src/graphar/status.h:31:15: note: expanded from macro 'GAR_RETURN_IF_'
   31 |       return (status);                       \
      |               ^~~~~~
/Users/yaojun/db/incubator-graphar/cpp/thirdparty/result/result.hpp:4749:28: note: Field 'm_has_value' is false
 4749 |   return m_storage.storage.m_has_value
      |                            ^
/Users/yaojun/db/incubator-graphar/cpp/thirdparty/result/result.hpp:4749:10: note: '?' condition is false
 4749 |   return m_storage.storage.m_has_value
      |          ^
/Users/yaojun/db/incubator-graphar/cpp/thirdparty/result/result.hpp:4751:7: note: Calling copy constructor for 'Status'
 4751 |     : m_storage.storage.m_error;
      |       ^~~~~~~~~~~~~~~~~~~~~~~~~
/Users/yaojun/db/incubator-graphar/cpp/src/graphar/status.h:145:17: note: Assuming the condition is false
  145 |       : state_((s.state_ == nullptr) ? nullptr : new State(*s.state_)) {}
      |                 ^~~~~~~~~~~~~~~~~~~
/Users/yaojun/db/incubator-graphar/cpp/src/graphar/status.h:145:16: note: '?' condition is false
  145 |       : state_((s.state_ == nullptr) ? nullptr : new State(*s.state_)) {}
      |                ^
/Users/yaojun/db/incubator-graphar/cpp/src/graphar/status.h:145:50: note: Memory is allocated
  145 |       : state_((s.state_ == nullptr) ? nullptr : new State(*s.state_)) {}
      |                                                  ^~~~~~~~~~~~~~~~~~~~
/Users/yaojun/db/incubator-graphar/cpp/thirdparty/result/result.hpp:4751:7: note: Returning from copy constructor for 'Status'
 4751 |     : m_storage.storage.m_error;
      |       ^~~~~~~~~~~~~~~~~~~~~~~~~
/Users/yaojun/db/incubator-graphar/cpp/src/graphar/graph_info.cc:1109:3: note: Returned allocated memory
 1109 |   GAR_ASSIGN_OR_RAISE(auto fs, FileSystemFromUriOrPath(path, &no_url_path));
      |   ^
/Users/yaojun/db/incubator-graphar/cpp/src/graphar/result.h:65:3: note: expanded from macro 'GAR_ASSIGN_OR_RAISE'
   65 |   GAR_ASSIGN_OR_RAISE_IMPL(             \
      |   ^~~~~~~~~~~~~~~~~~~~~~~~~~~~~~~~~~~~~~~
   66 |       GAR_ASSIGN_OR_RAISE_NAME(_error_or_value, __COUNTER__), lhs, rexpr);
      |       ~~~~~~~~~~~~~~~~~~~~~~~~~~~~~~~~~~~~~~~~~~~~~~~~~~~~~~~~~~~~~~~~~~~
/Users/yaojun/db/incubator-graphar/cpp/src/graphar/result.h:29:45: note: expanded from macro 'GAR_ASSIGN_OR_RAISE_IMPL'
   29 |   GAR_RETURN_IF_((result_name).has_error(), (result_name).error(), \
      |   ~~~~~~~~~~~~~~~~~~~~~~~~~~~~~~~~~~~~~~~~~~^~~~~~~~~~~~~~~~~~~~~~~~
   30 |                  GAR_STRINGIFY(rexpr));                            \
      |                  ~~~~~~~~~~~~~~~~~~~~~
/Users/yaojun/db/incubator-graphar/cpp/src/graphar/status.h:31:15: note: expanded from macro 'GAR_RETURN_IF_'
   31 |       return (status);                       \
      |               ^~~~~~
/Users/yaojun/db/incubator-graphar/cpp/src/graphar/graph_info.cc:1109:3: note: Potential leak of memory pointed to by field 'state_'
 1109 |   GAR_ASSIGN_OR_RAISE(auto fs, FileSystemFromUriOrPath(path, &no_url_path));
      |   ^
/Users/yaojun/db/incubator-graphar/cpp/src/graphar/result.h:65:3: note: expanded from macro 'GAR_ASSIGN_OR_RAISE'
   65 |   GAR_ASSIGN_OR_RAISE_IMPL(             \
      |   ^
/Users/yaojun/db/incubator-graphar/cpp/src/graphar/result.h:29:3: note: expanded from macro 'GAR_ASSIGN_OR_RAISE_IMPL'
   29 |   GAR_RETURN_IF_((result_name).has_error(), (result_name).error(), \
      |   ^
/Users/yaojun/db/incubator-graphar/cpp/src/graphar/status.h:31:7: note: expanded from macro 'GAR_RETURN_IF_'
   31 |       return (status);                       \
      |       ^
/Users/yaojun/db/incubator-graphar/cpp/src/graphar/graph_info.cc:1110:3: warning: Potential leak of memory pointed to by field 'state_' [clang-analyzer-cplusplus.NewDeleteLeaks]
 1110 |   GAR_ASSIGN_OR_RAISE(auto yaml_content, this->Dump());
      |   ^
/Users/yaojun/db/incubator-graphar/cpp/src/graphar/result.h:65:3: note: expanded from macro 'GAR_ASSIGN_OR_RAISE'
   65 |   GAR_ASSIGN_OR_RAISE_IMPL(             \
      |   ^
/Users/yaojun/db/incubator-graphar/cpp/src/graphar/result.h:29:3: note: expanded from macro 'GAR_ASSIGN_OR_RAISE_IMPL'
   29 |   GAR_RETURN_IF_((result_name).has_error(), (result_name).error(), \
      |   ^
/Users/yaojun/db/incubator-graphar/cpp/src/graphar/status.h:31:7: note: expanded from macro 'GAR_RETURN_IF_'
   31 |       return (status);                       \
      |       ^
/Users/yaojun/db/incubator-graphar/cpp/src/graphar/graph_info.cc:1109:3: note: Taking false branch
 1109 |   GAR_ASSIGN_OR_RAISE(auto fs, FileSystemFromUriOrPath(path, &no_url_path));
      |   ^
/Users/yaojun/db/incubator-graphar/cpp/src/graphar/result.h:65:3: note: expanded from macro 'GAR_ASSIGN_OR_RAISE'
   65 |   GAR_ASSIGN_OR_RAISE_IMPL(             \
      |   ^
/Users/yaojun/db/incubator-graphar/cpp/src/graphar/result.h:29:3: note: expanded from macro 'GAR_ASSIGN_OR_RAISE_IMPL'
   29 |   GAR_RETURN_IF_((result_name).has_error(), (result_name).error(), \
      |   ^
/Users/yaojun/db/incubator-graphar/cpp/src/graphar/status.h:30:5: note: expanded from macro 'GAR_RETURN_IF_'
   30 |     if (GAR_PREDICT_FALSE(condition)) {      \
      |     ^
/Users/yaojun/db/incubator-graphar/cpp/src/graphar/graph_info.cc:1109:3: note: Loop condition is false.  Exiting loop
 1109 |   GAR_ASSIGN_OR_RAISE(auto fs, FileSystemFromUriOrPath(path, &no_url_path));
      |   ^
/Users/yaojun/db/incubator-graphar/cpp/src/graphar/result.h:65:3: note: expanded from macro 'GAR_ASSIGN_OR_RAISE'
   65 |   GAR_ASSIGN_OR_RAISE_IMPL(             \
      |   ^
/Users/yaojun/db/incubator-graphar/cpp/src/graphar/result.h:29:3: note: expanded from macro 'GAR_ASSIGN_OR_RAISE_IMPL'
   29 |   GAR_RETURN_IF_((result_name).has_error(), (result_name).error(), \
      |   ^
/Users/yaojun/db/incubator-graphar/cpp/src/graphar/status.h:29:3: note: expanded from macro 'GAR_RETURN_IF_'
   29 |   do {                                       \
      |   ^
/Users/yaojun/db/incubator-graphar/cpp/src/graphar/graph_info.cc:1110:3: note: Taking true branch
 1110 |   GAR_ASSIGN_OR_RAISE(auto yaml_content, this->Dump());
      |   ^
/Users/yaojun/db/incubator-graphar/cpp/src/graphar/result.h:65:3: note: expanded from macro 'GAR_ASSIGN_OR_RAISE'
   65 |   GAR_ASSIGN_OR_RAISE_IMPL(             \
      |   ^
/Users/yaojun/db/incubator-graphar/cpp/src/graphar/result.h:29:3: note: expanded from macro 'GAR_ASSIGN_OR_RAISE_IMPL'
   29 |   GAR_RETURN_IF_((result_name).has_error(), (result_name).error(), \
      |   ^
/Users/yaojun/db/incubator-graphar/cpp/src/graphar/status.h:30:5: note: expanded from macro 'GAR_RETURN_IF_'
   30 |     if (GAR_PREDICT_FALSE(condition)) {      \
      |     ^
/Users/yaojun/db/incubator-graphar/cpp/src/graphar/graph_info.cc:1110:3: note: Calling 'result::error'
 1110 |   GAR_ASSIGN_OR_RAISE(auto yaml_content, this->Dump());
      |   ^
/Users/yaojun/db/incubator-graphar/cpp/src/graphar/result.h:65:3: note: expanded from macro 'GAR_ASSIGN_OR_RAISE'
   65 |   GAR_ASSIGN_OR_RAISE_IMPL(             \
      |   ^~~~~~~~~~~~~~~~~~~~~~~~~~~~~~~~~~~~~~~
   66 |       GAR_ASSIGN_OR_RAISE_NAME(_error_or_value, __COUNTER__), lhs, rexpr);
      |       ~~~~~~~~~~~~~~~~~~~~~~~~~~~~~~~~~~~~~~~~~~~~~~~~~~~~~~~~~~~~~~~~~~~
/Users/yaojun/db/incubator-graphar/cpp/src/graphar/result.h:29:45: note: expanded from macro 'GAR_ASSIGN_OR_RAISE_IMPL'
   29 |   GAR_RETURN_IF_((result_name).has_error(), (result_name).error(), \
      |   ~~~~~~~~~~~~~~~~~~~~~~~~~~~~~~~~~~~~~~~~~~^~~~~~~~~~~~~~~~~~~~~~~~
   30 |                  GAR_STRINGIFY(rexpr));                            \
      |                  ~~~~~~~~~~~~~~~~~~~~~
/Users/yaojun/db/incubator-graphar/cpp/src/graphar/status.h:31:15: note: expanded from macro 'GAR_RETURN_IF_'
   31 |       return (status);                       \
      |               ^~~~~~
/Users/yaojun/db/incubator-graphar/cpp/thirdparty/result/result.hpp:4749:28: note: Field 'm_has_value' is false
 4749 |   return m_storage.storage.m_has_value
      |                            ^
/Users/yaojun/db/incubator-graphar/cpp/thirdparty/result/result.hpp:4749:10: note: '?' condition is false
 4749 |   return m_storage.storage.m_has_value
      |          ^
/Users/yaojun/db/incubator-graphar/cpp/thirdparty/result/result.hpp:4751:7: note: Calling copy constructor for 'Status'
 4751 |     : m_storage.storage.m_error;
      |       ^~~~~~~~~~~~~~~~~~~~~~~~~
/Users/yaojun/db/incubator-graphar/cpp/src/graphar/status.h:145:16: note: '?' condition is false
  145 |       : state_((s.state_ == nullptr) ? nullptr : new State(*s.state_)) {}
      |                ^
/Users/yaojun/db/incubator-graphar/cpp/src/graphar/status.h:145:50: note: Memory is allocated
  145 |       : state_((s.state_ == nullptr) ? nullptr : new State(*s.state_)) {}
      |                                                  ^~~~~~~~~~~~~~~~~~~~
/Users/yaojun/db/incubator-graphar/cpp/thirdparty/result/result.hpp:4751:7: note: Returning from copy constructor for 'Status'
 4751 |     : m_storage.storage.m_error;
      |       ^~~~~~~~~~~~~~~~~~~~~~~~~
/Users/yaojun/db/incubator-graphar/cpp/src/graphar/graph_info.cc:1110:3: note: Returned allocated memory
 1110 |   GAR_ASSIGN_OR_RAISE(auto yaml_content, this->Dump());
      |   ^
/Users/yaojun/db/incubator-graphar/cpp/src/graphar/result.h:65:3: note: expanded from macro 'GAR_ASSIGN_OR_RAISE'
   65 |   GAR_ASSIGN_OR_RAISE_IMPL(             \
      |   ^~~~~~~~~~~~~~~~~~~~~~~~~~~~~~~~~~~~~~~
   66 |       GAR_ASSIGN_OR_RAISE_NAME(_error_or_value, __COUNTER__), lhs, rexpr);
      |       ~~~~~~~~~~~~~~~~~~~~~~~~~~~~~~~~~~~~~~~~~~~~~~~~~~~~~~~~~~~~~~~~~~~
/Users/yaojun/db/incubator-graphar/cpp/src/graphar/result.h:29:45: note: expanded from macro 'GAR_ASSIGN_OR_RAISE_IMPL'
   29 |   GAR_RETURN_IF_((result_name).has_error(), (result_name).error(), \
      |   ~~~~~~~~~~~~~~~~~~~~~~~~~~~~~~~~~~~~~~~~~~^~~~~~~~~~~~~~~~~~~~~~~~
   30 |                  GAR_STRINGIFY(rexpr));                            \
      |                  ~~~~~~~~~~~~~~~~~~~~~
/Users/yaojun/db/incubator-graphar/cpp/src/graphar/status.h:31:15: note: expanded from macro 'GAR_RETURN_IF_'
   31 |       return (status);                       \
      |               ^~~~~~
/Users/yaojun/db/incubator-graphar/cpp/src/graphar/graph_info.cc:1110:3: note: Potential leak of memory pointed to by field 'state_'
 1110 |   GAR_ASSIGN_OR_RAISE(auto yaml_content, this->Dump());
      |   ^
/Users/yaojun/db/incubator-graphar/cpp/src/graphar/result.h:65:3: note: expanded from macro 'GAR_ASSIGN_OR_RAISE'
   65 |   GAR_ASSIGN_OR_RAISE_IMPL(             \
      |   ^
/Users/yaojun/db/incubator-graphar/cpp/src/graphar/result.h:29:3: note: expanded from macro 'GAR_ASSIGN_OR_RAISE_IMPL'
   29 |   GAR_RETURN_IF_((result_name).has_error(), (result_name).error(), \
      |   ^
/Users/yaojun/db/incubator-graphar/cpp/src/graphar/status.h:31:7: note: expanded from macro 'GAR_RETURN_IF_'
   31 |       return (status);                       \
      |       ^
/Users/yaojun/db/incubator-graphar/cpp/src/graphar/graph_info.cc:1117:7: warning: use starts_with instead of rfind() == 0 [modernize-use-starts-ends-with]
 1117 |   if (path.rfind("s3://", 0) == 0) {
      |       ^    ~~~~~        ~~~~~~~~~
      |            starts_with  )
/Users/yaojun/db/incubator-graphar/cpp/src/graphar/graph_info.cc:1206:8: warning: pass by value and use std::move [modernize-pass-by-value]
 1206 |   Impl(const std::string& graph_name, VertexInfoVector vertex_infos,
      |        ^~~~~~~~~~~~~~~~~~
      |        std::string 
 1207 |        EdgeInfoVector edge_infos, const std::vector<std::string>& labels,
 1208 |        const std::string& prefix, std::shared_ptr<const InfoVersion> version,
 1209 |        const std::unordered_map<std::string, std::string>& extra_info)
 1210 |       : name_(graph_name),
      |                         
      |               std::move()
/Users/yaojun/db/incubator-graphar/cpp/src/graphar/graph_info.cc:1208:8: warning: pass by value and use std::move [modernize-pass-by-value]
 1208 |        const std::string& prefix, std::shared_ptr<const InfoVersion> version,
      |        ^~~~~~~~~~~~~~~~~~
      |        std::string 
 1209 |        const std::unordered_map<std::string, std::string>& extra_info)
 1210 |       : name_(graph_name),
 1211 |         vertex_infos_(std::move(vertex_infos)),
 1212 |         edge_infos_(std::move(edge_infos)),
 1213 |         labels_(labels),
 1214 |         prefix_(prefix),
      |                       
      |                 std::move( )
/Users/yaojun/db/incubator-graphar/cpp/src/graphar/graph_info.cc:1498:3: warning: Potential leak of memory pointed to by field 'state_' [clang-analyzer-cplusplus.NewDeleteLeaks]
 1498 |   GAR_ASSIGN_OR_RAISE(auto fs, FileSystemFromUriOrPath(path, &no_url_path));
      |   ^
/Users/yaojun/db/incubator-graphar/cpp/src/graphar/result.h:65:3: note: expanded from macro 'GAR_ASSIGN_OR_RAISE'
   65 |   GAR_ASSIGN_OR_RAISE_IMPL(             \
      |   ^
/Users/yaojun/db/incubator-graphar/cpp/src/graphar/result.h:29:3: note: expanded from macro 'GAR_ASSIGN_OR_RAISE_IMPL'
   29 |   GAR_RETURN_IF_((result_name).has_error(), (result_name).error(), \
      |   ^
/Users/yaojun/db/incubator-graphar/cpp/src/graphar/status.h:31:7: note: expanded from macro 'GAR_RETURN_IF_'
   31 |       return (status);                       \
      |       ^
/Users/yaojun/db/incubator-graphar/cpp/src/graphar/graph_info.cc:1498:3: note: Taking true branch
 1498 |   GAR_ASSIGN_OR_RAISE(auto fs, FileSystemFromUriOrPath(path, &no_url_path));
      |   ^
/Users/yaojun/db/incubator-graphar/cpp/src/graphar/result.h:65:3: note: expanded from macro 'GAR_ASSIGN_OR_RAISE'
   65 |   GAR_ASSIGN_OR_RAISE_IMPL(             \
      |   ^
/Users/yaojun/db/incubator-graphar/cpp/src/graphar/result.h:29:3: note: expanded from macro 'GAR_ASSIGN_OR_RAISE_IMPL'
   29 |   GAR_RETURN_IF_((result_name).has_error(), (result_name).error(), \
      |   ^
/Users/yaojun/db/incubator-graphar/cpp/src/graphar/status.h:30:5: note: expanded from macro 'GAR_RETURN_IF_'
   30 |     if (GAR_PREDICT_FALSE(condition)) {      \
      |     ^
/Users/yaojun/db/incubator-graphar/cpp/src/graphar/graph_info.cc:1498:3: note: Calling 'result::error'
 1498 |   GAR_ASSIGN_OR_RAISE(auto fs, FileSystemFromUriOrPath(path, &no_url_path));
      |   ^
/Users/yaojun/db/incubator-graphar/cpp/src/graphar/result.h:65:3: note: expanded from macro 'GAR_ASSIGN_OR_RAISE'
   65 |   GAR_ASSIGN_OR_RAISE_IMPL(             \
      |   ^~~~~~~~~~~~~~~~~~~~~~~~~~~~~~~~~~~~~~~
   66 |       GAR_ASSIGN_OR_RAISE_NAME(_error_or_value, __COUNTER__), lhs, rexpr);
      |       ~~~~~~~~~~~~~~~~~~~~~~~~~~~~~~~~~~~~~~~~~~~~~~~~~~~~~~~~~~~~~~~~~~~
/Users/yaojun/db/incubator-graphar/cpp/src/graphar/result.h:29:45: note: expanded from macro 'GAR_ASSIGN_OR_RAISE_IMPL'
   29 |   GAR_RETURN_IF_((result_name).has_error(), (result_name).error(), \
      |   ~~~~~~~~~~~~~~~~~~~~~~~~~~~~~~~~~~~~~~~~~~^~~~~~~~~~~~~~~~~~~~~~~~
   30 |                  GAR_STRINGIFY(rexpr));                            \
      |                  ~~~~~~~~~~~~~~~~~~~~~
/Users/yaojun/db/incubator-graphar/cpp/src/graphar/status.h:31:15: note: expanded from macro 'GAR_RETURN_IF_'
   31 |       return (status);                       \
      |               ^~~~~~
/Users/yaojun/db/incubator-graphar/cpp/thirdparty/result/result.hpp:4749:28: note: Field 'm_has_value' is false
 4749 |   return m_storage.storage.m_has_value
      |                            ^
/Users/yaojun/db/incubator-graphar/cpp/thirdparty/result/result.hpp:4749:10: note: '?' condition is false
 4749 |   return m_storage.storage.m_has_value
      |          ^
/Users/yaojun/db/incubator-graphar/cpp/thirdparty/result/result.hpp:4751:7: note: Calling copy constructor for 'Status'
 4751 |     : m_storage.storage.m_error;
      |       ^~~~~~~~~~~~~~~~~~~~~~~~~
/Users/yaojun/db/incubator-graphar/cpp/src/graphar/status.h:145:17: note: Assuming the condition is false
  145 |       : state_((s.state_ == nullptr) ? nullptr : new State(*s.state_)) {}
      |                 ^~~~~~~~~~~~~~~~~~~
/Users/yaojun/db/incubator-graphar/cpp/src/graphar/status.h:145:16: note: '?' condition is false
  145 |       : state_((s.state_ == nullptr) ? nullptr : new State(*s.state_)) {}
      |                ^
/Users/yaojun/db/incubator-graphar/cpp/src/graphar/status.h:145:50: note: Memory is allocated
  145 |       : state_((s.state_ == nullptr) ? nullptr : new State(*s.state_)) {}
      |                                                  ^~~~~~~~~~~~~~~~~~~~
/Users/yaojun/db/incubator-graphar/cpp/thirdparty/result/result.hpp:4751:7: note: Returning from copy constructor for 'Status'
 4751 |     : m_storage.storage.m_error;
      |       ^~~~~~~~~~~~~~~~~~~~~~~~~
/Users/yaojun/db/incubator-graphar/cpp/src/graphar/graph_info.cc:1498:3: note: Returned allocated memory
 1498 |   GAR_ASSIGN_OR_RAISE(auto fs, FileSystemFromUriOrPath(path, &no_url_path));
      |   ^
/Users/yaojun/db/incubator-graphar/cpp/src/graphar/result.h:65:3: note: expanded from macro 'GAR_ASSIGN_OR_RAISE'
   65 |   GAR_ASSIGN_OR_RAISE_IMPL(             \
      |   ^~~~~~~~~~~~~~~~~~~~~~~~~~~~~~~~~~~~~~~
   66 |       GAR_ASSIGN_OR_RAISE_NAME(_error_or_value, __COUNTER__), lhs, rexpr);
      |       ~~~~~~~~~~~~~~~~~~~~~~~~~~~~~~~~~~~~~~~~~~~~~~~~~~~~~~~~~~~~~~~~~~~
/Users/yaojun/db/incubator-graphar/cpp/src/graphar/result.h:29:45: note: expanded from macro 'GAR_ASSIGN_OR_RAISE_IMPL'
   29 |   GAR_RETURN_IF_((result_name).has_error(), (result_name).error(), \
      |   ~~~~~~~~~~~~~~~~~~~~~~~~~~~~~~~~~~~~~~~~~~^~~~~~~~~~~~~~~~~~~~~~~~
   30 |                  GAR_STRINGIFY(rexpr));                            \
      |                  ~~~~~~~~~~~~~~~~~~~~~
/Users/yaojun/db/incubator-graphar/cpp/src/graphar/status.h:31:15: note: expanded from macro 'GAR_RETURN_IF_'
   31 |       return (status);                       \
      |               ^~~~~~
/Users/yaojun/db/incubator-graphar/cpp/src/graphar/graph_info.cc:1498:3: note: Potential leak of memory pointed to by field 'state_'
 1498 |   GAR_ASSIGN_OR_RAISE(auto fs, FileSystemFromUriOrPath(path, &no_url_path));
      |   ^
/Users/yaojun/db/incubator-graphar/cpp/src/graphar/result.h:65:3: note: expanded from macro 'GAR_ASSIGN_OR_RAISE'
   65 |   GAR_ASSIGN_OR_RAISE_IMPL(             \
      |   ^
/Users/yaojun/db/incubator-graphar/cpp/src/graphar/result.h:29:3: note: expanded from macro 'GAR_ASSIGN_OR_RAISE_IMPL'
   29 |   GAR_RETURN_IF_((result_name).has_error(), (result_name).error(), \
      |   ^
/Users/yaojun/db/incubator-graphar/cpp/src/graphar/status.h:31:7: note: expanded from macro 'GAR_RETURN_IF_'
   31 |       return (status);                       \
      |       ^
/Users/yaojun/db/incubator-graphar/cpp/src/graphar/graph_info.cc:1499:3: warning: Potential leak of memory pointed to by field 'state_' [clang-analyzer-cplusplus.NewDeleteLeaks]
 1499 |   GAR_ASSIGN_OR_RAISE(auto yaml_content, this->Dump());
      |   ^
/Users/yaojun/db/incubator-graphar/cpp/src/graphar/result.h:65:3: note: expanded from macro 'GAR_ASSIGN_OR_RAISE'
   65 |   GAR_ASSIGN_OR_RAISE_IMPL(             \
      |   ^
/Users/yaojun/db/incubator-graphar/cpp/src/graphar/result.h:29:3: note: expanded from macro 'GAR_ASSIGN_OR_RAISE_IMPL'
   29 |   GAR_RETURN_IF_((result_name).has_error(), (result_name).error(), \
      |   ^
/Users/yaojun/db/incubator-graphar/cpp/src/graphar/status.h:31:7: note: expanded from macro 'GAR_RETURN_IF_'
   31 |       return (status);                       \
      |       ^
/Users/yaojun/db/incubator-graphar/cpp/src/graphar/graph_info.cc:1498:3: note: Taking false branch
 1498 |   GAR_ASSIGN_OR_RAISE(auto fs, FileSystemFromUriOrPath(path, &no_url_path));
      |   ^
/Users/yaojun/db/incubator-graphar/cpp/src/graphar/result.h:65:3: note: expanded from macro 'GAR_ASSIGN_OR_RAISE'
   65 |   GAR_ASSIGN_OR_RAISE_IMPL(             \
      |   ^
/Users/yaojun/db/incubator-graphar/cpp/src/graphar/result.h:29:3: note: expanded from macro 'GAR_ASSIGN_OR_RAISE_IMPL'
   29 |   GAR_RETURN_IF_((result_name).has_error(), (result_name).error(), \
      |   ^
/Users/yaojun/db/incubator-graphar/cpp/src/graphar/status.h:30:5: note: expanded from macro 'GAR_RETURN_IF_'
   30 |     if (GAR_PREDICT_FALSE(condition)) {      \
      |     ^
/Users/yaojun/db/incubator-graphar/cpp/src/graphar/graph_info.cc:1498:3: note: Loop condition is false.  Exiting loop
 1498 |   GAR_ASSIGN_OR_RAISE(auto fs, FileSystemFromUriOrPath(path, &no_url_path));
      |   ^
/Users/yaojun/db/incubator-graphar/cpp/src/graphar/result.h:65:3: note: expanded from macro 'GAR_ASSIGN_OR_RAISE'
   65 |   GAR_ASSIGN_OR_RAISE_IMPL(             \
      |   ^
/Users/yaojun/db/incubator-graphar/cpp/src/graphar/result.h:29:3: note: expanded from macro 'GAR_ASSIGN_OR_RAISE_IMPL'
   29 |   GAR_RETURN_IF_((result_name).has_error(), (result_name).error(), \
      |   ^
/Users/yaojun/db/incubator-graphar/cpp/src/graphar/status.h:29:3: note: expanded from macro 'GAR_RETURN_IF_'
   29 |   do {                                       \
      |   ^
/Users/yaojun/db/incubator-graphar/cpp/src/graphar/graph_info.cc:1499:3: note: Taking true branch
 1499 |   GAR_ASSIGN_OR_RAISE(auto yaml_content, this->Dump());
      |   ^
/Users/yaojun/db/incubator-graphar/cpp/src/graphar/result.h:65:3: note: expanded from macro 'GAR_ASSIGN_OR_RAISE'
   65 |   GAR_ASSIGN_OR_RAISE_IMPL(             \
      |   ^
/Users/yaojun/db/incubator-graphar/cpp/src/graphar/result.h:29:3: note: expanded from macro 'GAR_ASSIGN_OR_RAISE_IMPL'
   29 |   GAR_RETURN_IF_((result_name).has_error(), (result_name).error(), \
      |   ^
/Users/yaojun/db/incubator-graphar/cpp/src/graphar/status.h:30:5: note: expanded from macro 'GAR_RETURN_IF_'
   30 |     if (GAR_PREDICT_FALSE(condition)) {      \
      |     ^
/Users/yaojun/db/incubator-graphar/cpp/src/graphar/graph_info.cc:1499:3: note: Calling 'result::error'
 1499 |   GAR_ASSIGN_OR_RAISE(auto yaml_content, this->Dump());
      |   ^
/Users/yaojun/db/incubator-graphar/cpp/src/graphar/result.h:65:3: note: expanded from macro 'GAR_ASSIGN_OR_RAISE'
   65 |   GAR_ASSIGN_OR_RAISE_IMPL(             \
      |   ^~~~~~~~~~~~~~~~~~~~~~~~~~~~~~~~~~~~~~~
   66 |       GAR_ASSIGN_OR_RAISE_NAME(_error_or_value, __COUNTER__), lhs, rexpr);
      |       ~~~~~~~~~~~~~~~~~~~~~~~~~~~~~~~~~~~~~~~~~~~~~~~~~~~~~~~~~~~~~~~~~~~
/Users/yaojun/db/incubator-graphar/cpp/src/graphar/result.h:29:45: note: expanded from macro 'GAR_ASSIGN_OR_RAISE_IMPL'
   29 |   GAR_RETURN_IF_((result_name).has_error(), (result_name).error(), \
      |   ~~~~~~~~~~~~~~~~~~~~~~~~~~~~~~~~~~~~~~~~~~^~~~~~~~~~~~~~~~~~~~~~~~
   30 |                  GAR_STRINGIFY(rexpr));                            \
      |                  ~~~~~~~~~~~~~~~~~~~~~
/Users/yaojun/db/incubator-graphar/cpp/src/graphar/status.h:31:15: note: expanded from macro 'GAR_RETURN_IF_'
   31 |       return (status);                       \
      |               ^~~~~~
/Users/yaojun/db/incubator-graphar/cpp/thirdparty/result/result.hpp:4749:28: note: Field 'm_has_value' is false
 4749 |   return m_storage.storage.m_has_value
      |                            ^
/Users/yaojun/db/incubator-graphar/cpp/thirdparty/result/result.hpp:4749:10: note: '?' condition is false
 4749 |   return m_storage.storage.m_has_value
      |          ^
/Users/yaojun/db/incubator-graphar/cpp/thirdparty/result/result.hpp:4751:7: note: Calling copy constructor for 'Status'
 4751 |     : m_storage.storage.m_error;
      |       ^~~~~~~~~~~~~~~~~~~~~~~~~
/Users/yaojun/db/incubator-graphar/cpp/src/graphar/status.h:145:16: note: '?' condition is false
  145 |       : state_((s.state_ == nullptr) ? nullptr : new State(*s.state_)) {}
      |                ^
/Users/yaojun/db/incubator-graphar/cpp/src/graphar/status.h:145:50: note: Memory is allocated
  145 |       : state_((s.state_ == nullptr) ? nullptr : new State(*s.state_)) {}
      |                                                  ^~~~~~~~~~~~~~~~~~~~
/Users/yaojun/db/incubator-graphar/cpp/thirdparty/result/result.hpp:4751:7: note: Returning from copy constructor for 'Status'
 4751 |     : m_storage.storage.m_error;
      |       ^~~~~~~~~~~~~~~~~~~~~~~~~
/Users/yaojun/db/incubator-graphar/cpp/src/graphar/graph_info.cc:1499:3: note: Returned allocated memory
 1499 |   GAR_ASSIGN_OR_RAISE(auto yaml_content, this->Dump());
      |   ^
/Users/yaojun/db/incubator-graphar/cpp/src/graphar/result.h:65:3: note: expanded from macro 'GAR_ASSIGN_OR_RAISE'
   65 |   GAR_ASSIGN_OR_RAISE_IMPL(             \
      |   ^~~~~~~~~~~~~~~~~~~~~~~~~~~~~~~~~~~~~~~
   66 |       GAR_ASSIGN_OR_RAISE_NAME(_error_or_value, __COUNTER__), lhs, rexpr);
      |       ~~~~~~~~~~~~~~~~~~~~~~~~~~~~~~~~~~~~~~~~~~~~~~~~~~~~~~~~~~~~~~~~~~~
/Users/yaojun/db/incubator-graphar/cpp/src/graphar/result.h:29:45: note: expanded from macro 'GAR_ASSIGN_OR_RAISE_IMPL'
   29 |   GAR_RETURN_IF_((result_name).has_error(), (result_name).error(), \
      |   ~~~~~~~~~~~~~~~~~~~~~~~~~~~~~~~~~~~~~~~~~~^~~~~~~~~~~~~~~~~~~~~~~~
   30 |                  GAR_STRINGIFY(rexpr));                            \
      |                  ~~~~~~~~~~~~~~~~~~~~~
/Users/yaojun/db/incubator-graphar/cpp/src/graphar/status.h:31:15: note: expanded from macro 'GAR_RETURN_IF_'
   31 |       return (status);                       \
      |               ^~~~~~
/Users/yaojun/db/incubator-graphar/cpp/src/graphar/graph_info.cc:1499:3: note: Potential leak of memory pointed to by field 'state_'
 1499 |   GAR_ASSIGN_OR_RAISE(auto yaml_content, this->Dump());
      |   ^
/Users/yaojun/db/incubator-graphar/cpp/src/graphar/result.h:65:3: note: expanded from macro 'GAR_ASSIGN_OR_RAISE'
   65 |   GAR_ASSIGN_OR_RAISE_IMPL(             \
      |   ^
/Users/yaojun/db/incubator-graphar/cpp/src/graphar/result.h:29:3: note: expanded from macro 'GAR_ASSIGN_OR_RAISE_IMPL'
   29 |   GAR_RETURN_IF_((result_name).has_error(), (result_name).error(), \
      |   ^
/Users/yaojun/db/incubator-graphar/cpp/src/graphar/status.h:31:7: note: expanded from macro 'GAR_RETURN_IF_'
   31 |       return (status);                       \
      |       ^
/Users/yaojun/db/incubator-graphar/cpp/src/graphar/high-level/graph_reader.h:199:3: warning: use '= default' to define a trivial copy constructor [modernize-use-equals-default]
  199 |   VertexIter(const VertexIter& other)
      |   ^
  200 |       : readers_(other.readers_),
      |         ~~~~~~~~~~~~~~~~~~~~~~~~
  201 |         label_reader_(other.label_reader_),
      |         ~~~~~~~~~~~~~~~~~~~~~~~~~~~~~~~~~~
  202 |         labels_(other.labels_),
      |         ~~~~~~~~~~~~~~~~~~~~~~
  203 |         cur_offset_(other.cur_offset_),
      |         ~~~~~~~~~~~~~~~~~~~~~~~~~~~~~~
  204 |         is_filtered_(other.is_filtered_),
      |         ~~~~~~~~~~~~~~~~~~~~~~~~~~~~~~~~
  205 |         filtered_ids_(other.filtered_ids_) {}
      |         ~~~~~~~~~~~~~~~~~~~~~~~~~~~~~~~~~~~~~
      |         = default;
/Users/yaojun/db/incubator-graphar/cpp/src/graphar/high-level/graph_reader.h:358:22: warning: statement should be inside braces [google-readability-braces-around-statements]
  358 |     if (is_filtered_)
      |                      ^
      |                       {
  359 |       return VertexIter(vertex_info_, prefix_, filtered_ids_.size(), labels_,
  360 |                         is_filtered_, filtered_ids_);
      |                                                      
/Users/yaojun/db/incubator-graphar/cpp/src/graphar/high-level/graph_reader.h:372:22: warning: statement should be inside braces [google-readability-braces-around-statements]
  372 |     if (is_filtered_)
      |                      ^
      |                       {
  373 |       return filtered_ids_.size();
  374 |     else
      |     } 
/Users/yaojun/db/incubator-graphar/cpp/src/graphar/high-level/graph_reader.h:374:9: warning: statement should be inside braces [google-readability-braces-around-statements]
  374 |     else
      |         ^
      |          {
  375 |       return vertex_num_;
      |                          
/Users/yaojun/db/incubator-graphar/cpp/src/graphar/high-level/graph_reader.h:538:3: warning: use '= default' to define a trivial copy constructor [modernize-use-equals-default]
  538 |   EdgeIter(const EdgeIter& other)
      |   ^
  539 |       : adj_list_reader_(other.adj_list_reader_),
      |         ~~~~~~~~~~~~~~~~~~~~~~~~~~~~~~~~~~~~~~~~
  540 |         offset_reader_(other.offset_reader_),
      |         ~~~~~~~~~~~~~~~~~~~~~~~~~~~~~~~~~~~~
  541 |         property_readers_(other.property_readers_),
      |         ~~~~~~~~~~~~~~~~~~~~~~~~~~~~~~~~~~~~~~~~~~
  542 |         global_chunk_index_(other.global_chunk_index_),
      |         ~~~~~~~~~~~~~~~~~~~~~~~~~~~~~~~~~~~~~~~~~~~~~~
  543 |         vertex_chunk_index_(other.vertex_chunk_index_),
      |         ~~~~~~~~~~~~~~~~~~~~~~~~~~~~~~~~~~~~~~~~~~~~~~
  544 |         cur_offset_(other.cur_offset_),
      |         ~~~~~~~~~~~~~~~~~~~~~~~~~~~~~~
  545 |         chunk_size_(other.chunk_size_),
      |         ~~~~~~~~~~~~~~~~~~~~~~~~~~~~~~
  546 |         src_chunk_size_(other.src_chunk_size_),
      |         ~~~~~~~~~~~~~~~~~~~~~~~~~~~~~~~~~~~~~~
  547 |         dst_chunk_size_(other.dst_chunk_size_),
      |         ~~~~~~~~~~~~~~~~~~~~~~~~~~~~~~~~~~~~~~
  548 |         num_row_of_chunk_(other.num_row_of_chunk_),
      |         ~~~~~~~~~~~~~~~~~~~~~~~~~~~~~~~~~~~~~~~~~~
  549 |         chunk_begin_(other.chunk_begin_),
      |         ~~~~~~~~~~~~~~~~~~~~~~~~~~~~~~~~
  550 |         chunk_end_(other.chunk_end_),
      |         ~~~~~~~~~~~~~~~~~~~~~~~~~~~~
  551 |         adj_list_type_(other.adj_list_type_),
      |         ~~~~~~~~~~~~~~~~~~~~~~~~~~~~~~~~~~~~
  552 |         index_converter_(other.index_converter_) {}
      |         ~~~~~~~~~~~~~~~~~~~~~~~~~~~~~~~~~~~~~~~~~~~
      |         = default;
/Users/yaojun/db/incubator-graphar/cpp/src/graphar/high-level/graph_reader.h:717:18: warning: statement should be inside braces [google-readability-braces-around-statements]
  717 |     if (is_end())
      |                  ^
      |                   {
  718 |       return false;
      |                    
/Users/yaojun/db/incubator-graphar/cpp/src/graphar/high-level/graph_reader.h:723:44: warning: statement should be inside braces [google-readability-braces-around-statements]
  723 |       if (is_end() || this->source() != id)
      |                                            ^
      |                                             {
  724 |         return false;
  725 |       else
      |       } 
/Users/yaojun/db/incubator-graphar/cpp/src/graphar/high-level/graph_reader.h:725:11: warning: statement should be inside braces [google-readability-braces-around-statements]
  725 |       else
      |           ^
      |            {
  726 |         return true;
      |                     
/Users/yaojun/db/incubator-graphar/cpp/src/graphar/high-level/graph_reader.h:734:58: warning: statement should be inside braces [google-readability-braces-around-statements]
  734 |         if (vertex_chunk_index_ > pre_vertex_chunk_index)
      |                                                          ^
      |                                                           {
  735 |           return false;
      |                        
/Users/yaojun/db/incubator-graphar/cpp/src/graphar/high-level/graph_reader.h:747:18: warning: statement should be inside braces [google-readability-braces-around-statements]
  747 |     if (is_end())
      |                  ^
      |                   {
  748 |       return false;
      |                    
/Users/yaojun/db/incubator-graphar/cpp/src/graphar/high-level/graph_reader.h:753:49: warning: statement should be inside braces [google-readability-braces-around-statements]
  753 |       if (is_end() || this->destination() != id)
      |                                                 ^
      |                                                  {
  754 |         return false;
  755 |       else
      |       } 
/Users/yaojun/db/incubator-graphar/cpp/src/graphar/high-level/graph_reader.h:755:11: warning: statement should be inside braces [google-readability-braces-around-statements]
  755 |       else
      |           ^
      |            {
  756 |         return true;
      |                     
/Users/yaojun/db/incubator-graphar/cpp/src/graphar/high-level/graph_reader.h:764:58: warning: statement should be inside braces [google-readability-braces-around-statements]
  764 |         if (vertex_chunk_index_ > pre_vertex_chunk_index)
      |                                                          ^
      |                                                           {
  765 |           return false;
      |                        
/Users/yaojun/db/incubator-graphar/cpp/src/graphar/high-level/graph_reader.h:777:18: warning: statement should be inside braces [google-readability-braces-around-statements]
  777 |     if (is_end())
      |                  ^
      |                   {
  778 |       return false;
      |                    
/Users/yaojun/db/incubator-graphar/cpp/src/graphar/high-level/graph_reader.h:788:18: warning: statement should be inside braces [google-readability-braces-around-statements]
  788 |     if (is_end())
      |                  ^
      |                   {
  789 |       return false;
      |                    
/Users/yaojun/db/incubator-graphar/cpp/src/graphar/high-level/graph_reader.h:816:10: warning: use default member initializer for 'num_row_of_chunk_' [modernize-use-default-member-init]
  517 |   IdType num_row_of_chunk_;
      |          ^                
      |                           {0}
/Users/yaojun/db/incubator-graphar/cpp/src/graphar/high-level/graph_reader.h:832:11: warning: use '= default' to define a trivial destructor [modernize-use-equals-default]
  832 |   virtual ~EdgesCollection() {}
      |           ^                  ~~
      |                              = default;
/Users/yaojun/db/incubator-graphar/cpp/src/graphar/label.cc:72:7: warning: use auto when initializing with a cast to avoid duplicating the type name [modernize-use-auto]
   72 |       parquet::BoolReader* bool_reader =
      |       ^~~~~~~~~~~~~~~~~~~
      |       auto
/Users/yaojun/db/incubator-graphar/cpp/src/graphar/label.cc:80:53: warning: The left operand of '+' is a garbage value [clang-analyzer-core.UndefinedBinaryOperatorResult]
   80 |                                            value[k] + col_row_counts[col_id],
      |                                            ~~~~~~~~ ^
/Users/yaojun/db/incubator-graphar/cpp/src/graphar/label.cc:50:18: note: Storing uninitialized value
   50 |   bool** value = new bool*[num_columns];
      |                  ^~~~~~~~~~~~~~~~~~~~~~
/Users/yaojun/db/incubator-graphar/cpp/src/graphar/label.cc:51:19: note: Assuming 'i' is >= 'num_columns'
   51 |   for (int i = 0; i < num_columns; i++) {
      |                   ^~~~~~~~~~~~~~~
/Users/yaojun/db/incubator-graphar/cpp/src/graphar/label.cc:51:3: note: Loop condition is false. Execution continues on line 56
   51 |   for (int i = 0; i < num_columns; i++) {
      |   ^
/Users/yaojun/db/incubator-graphar/cpp/src/graphar/label.cc:56:20: note: Assuming 'rg' is < 'row_group_count'
   56 |   for (int rg = 0; rg < row_group_count; ++rg) {
      |                    ^~~~~~~~~~~~~~~~~~~~
/Users/yaojun/db/incubator-graphar/cpp/src/graphar/label.cc:56:3: note: Loop condition is true.  Entering loop body
   56 |   for (int rg = 0; rg < row_group_count; ++rg) {
      |   ^
/Users/yaojun/db/incubator-graphar/cpp/src/graphar/label.cc:68:10: note: 'k' initialized to 0
   68 |     for (int k = 0; k < tested_label_num; k++) {
      |          ^~~~~
/Users/yaojun/db/incubator-graphar/cpp/src/graphar/label.cc:68:21: note: Assuming 'k' is < 'tested_label_num'
   68 |     for (int k = 0; k < tested_label_num; k++) {
      |                     ^~~~~~~~~~~~~~~~~~~~
/Users/yaojun/db/incubator-graphar/cpp/src/graphar/label.cc:68:5: note: Loop condition is true.  Entering loop body
   68 |     for (int k = 0; k < tested_label_num; k++) {
      |     ^
/Users/yaojun/db/incubator-graphar/cpp/src/graphar/label.cc:75:7: note: Loop condition is true.  Entering loop body
   75 |       while (bool_reader->HasNext()) {
      |       ^
/Users/yaojun/db/incubator-graphar/cpp/src/graphar/label.cc:80:53: note: The left operand of '+' is a garbage value
   80 |                                            value[k] + col_row_counts[col_id],
      |                                            ~~~~~~~~ ^
/Users/yaojun/db/incubator-graphar/cpp/src/graphar/label.cc:88:3: warning: Potential leak of memory pointed to by 'state..__ptr_' [clang-analyzer-cplusplus.NewDeleteLeaks]
   88 |   std::unique_ptr<bool[]> state(new bool[tot_label_num]);
      |   ^
/Users/yaojun/db/incubator-graphar/cpp/src/graphar/label.cc:51:19: note: Assuming 'i' is >= 'num_columns'
   51 |   for (int i = 0; i < num_columns; i++) {
      |                   ^~~~~~~~~~~~~~~
/Users/yaojun/db/incubator-graphar/cpp/src/graphar/label.cc:51:3: note: Loop condition is false. Execution continues on line 56
   51 |   for (int i = 0; i < num_columns; i++) {
      |   ^
/Users/yaojun/db/incubator-graphar/cpp/src/graphar/label.cc:56:20: note: Assuming 'rg' is >= 'row_group_count'
   56 |   for (int rg = 0; rg < row_group_count; ++rg) {
      |                    ^~~~~~~~~~~~~~~~~~~~
/Users/yaojun/db/incubator-graphar/cpp/src/graphar/label.cc:56:3: note: Loop condition is false. Execution continues on line 88
   56 |   for (int rg = 0; rg < row_group_count; ++rg) {
      |   ^
/Users/yaojun/db/incubator-graphar/cpp/src/graphar/label.cc:88:33: note: Memory is allocated
   88 |   std::unique_ptr<bool[]> state(new bool[tot_label_num]);
      |                                 ^~~~~~~~~~~~~~~~~~~~~~~
/Users/yaojun/db/incubator-graphar/cpp/src/graphar/label.cc:88:3: note: Potential leak of memory pointed to by 'state..__ptr_'
   88 |   std::unique_ptr<bool[]> state(new bool[tot_label_num]);
      |   ^
/Users/yaojun/db/incubator-graphar/cpp/src/graphar/label.cc:93:16: warning: Assigned value is garbage or undefined [clang-analyzer-core.uninitialized.Assign]
   93 |       state[j] = value[j][i];
      |                ^ ~~~~~~~~~~~
/Users/yaojun/db/incubator-graphar/cpp/src/graphar/label.cc:51:19: note: Assuming 'i' is < 'num_columns'
   51 |   for (int i = 0; i < num_columns; i++) {
      |                   ^~~~~~~~~~~~~~~
/Users/yaojun/db/incubator-graphar/cpp/src/graphar/label.cc:51:3: note: Loop condition is true.  Entering loop body
   51 |   for (int i = 0; i < num_columns; i++) {
      |   ^
/Users/yaojun/db/incubator-graphar/cpp/src/graphar/label.cc:52:16: note: Storing uninitialized value
   52 |     value[i] = new bool[row_num];
      |                ^~~~~~~~~~~~~~~~~
/Users/yaojun/db/incubator-graphar/cpp/src/graphar/label.cc:51:19: note: Assuming 'i' is >= 'num_columns'
   51 |   for (int i = 0; i < num_columns; i++) {
      |                   ^~~~~~~~~~~~~~~
/Users/yaojun/db/incubator-graphar/cpp/src/graphar/label.cc:51:3: note: Loop condition is false. Execution continues on line 56
   51 |   for (int i = 0; i < num_columns; i++) {
      |   ^
/Users/yaojun/db/incubator-graphar/cpp/src/graphar/label.cc:56:20: note: Assuming 'rg' is >= 'row_group_count'
   56 |   for (int rg = 0; rg < row_group_count; ++rg) {
      |                    ^~~~~~~~~~~~~~~~~~~~
/Users/yaojun/db/incubator-graphar/cpp/src/graphar/label.cc:56:3: note: Loop condition is false. Execution continues on line 88
   56 |   for (int rg = 0; rg < row_group_count; ++rg) {
      |   ^
/Users/yaojun/db/incubator-graphar/cpp/src/graphar/label.cc:91:8: note: 'i' initialized to 0
   91 |   for (int i = 0; i < row_num; i++) {
      |        ^~~~~
/Users/yaojun/db/incubator-graphar/cpp/src/graphar/label.cc:91:19: note: Assuming 'i' is < 'row_num'
   91 |   for (int i = 0; i < row_num; i++) {
      |                   ^~~~~~~~~~~
/Users/yaojun/db/incubator-graphar/cpp/src/graphar/label.cc:91:3: note: Loop condition is true.  Entering loop body
   91 |   for (int i = 0; i < row_num; i++) {
      |   ^
/Users/yaojun/db/incubator-graphar/cpp/src/graphar/label.cc:92:21: note: Assuming 'j' is < 'tested_label_num'
   92 |     for (int j = 0; j < tested_label_num; j++) {
      |                     ^~~~~~~~~~~~~~~~~~~~
/Users/yaojun/db/incubator-graphar/cpp/src/graphar/label.cc:92:5: note: Loop condition is true.  Entering loop body
   92 |     for (int j = 0; j < tested_label_num; j++) {
      |     ^
/Users/yaojun/db/incubator-graphar/cpp/src/graphar/label.cc:93:16: note: Assigned value is garbage or undefined
   93 |       state[j] = value[j][i];
      |                ^ ~~~~~~~~~~~
/Users/yaojun/db/incubator-graphar/cpp/src/graphar/label.cc:93:18: warning: Array access results in an undefined pointer dereference [clang-analyzer-core.NullDereference]
   93 |       state[j] = value[j][i];
      |                  ^~~~~~~~~~~
/Users/yaojun/db/incubator-graphar/cpp/src/graphar/label.cc:50:18: note: Storing uninitialized value
   50 |   bool** value = new bool*[num_columns];
      |                  ^~~~~~~~~~~~~~~~~~~~~~
/Users/yaojun/db/incubator-graphar/cpp/src/graphar/label.cc:51:19: note: Assuming 'i' is >= 'num_columns'
   51 |   for (int i = 0; i < num_columns; i++) {
      |                   ^~~~~~~~~~~~~~~
/Users/yaojun/db/incubator-graphar/cpp/src/graphar/label.cc:51:3: note: Loop condition is false. Execution continues on line 56
   51 |   for (int i = 0; i < num_columns; i++) {
      |   ^
/Users/yaojun/db/incubator-graphar/cpp/src/graphar/label.cc:56:20: note: Assuming 'rg' is >= 'row_group_count'
   56 |   for (int rg = 0; rg < row_group_count; ++rg) {
      |                    ^~~~~~~~~~~~~~~~~~~~
/Users/yaojun/db/incubator-graphar/cpp/src/graphar/label.cc:56:3: note: Loop condition is false. Execution continues on line 88
   56 |   for (int rg = 0; rg < row_group_count; ++rg) {
      |   ^
/Users/yaojun/db/incubator-graphar/cpp/src/graphar/label.cc:91:19: note: Assuming 'i' is < 'row_num'
   91 |   for (int i = 0; i < row_num; i++) {
      |                   ^~~~~~~~~~~
/Users/yaojun/db/incubator-graphar/cpp/src/graphar/label.cc:91:3: note: Loop condition is true.  Entering loop body
   91 |   for (int i = 0; i < row_num; i++) {
      |   ^
/Users/yaojun/db/incubator-graphar/cpp/src/graphar/label.cc:92:10: note: 'j' initialized to 0
   92 |     for (int j = 0; j < tested_label_num; j++) {
      |          ^~~~~
/Users/yaojun/db/incubator-graphar/cpp/src/graphar/label.cc:92:21: note: Assuming 'j' is < 'tested_label_num'
   92 |     for (int j = 0; j < tested_label_num; j++) {
      |                     ^~~~~~~~~~~~~~~~~~~~
/Users/yaojun/db/incubator-graphar/cpp/src/graphar/label.cc:92:5: note: Loop condition is true.  Entering loop body
   92 |     for (int j = 0; j < tested_label_num; j++) {
      |     ^
/Users/yaojun/db/incubator-graphar/cpp/src/graphar/label.cc:93:18: note: Array access results in an undefined pointer dereference
   93 |       state[j] = value[j][i];
      |                  ^~~~~~~~~~~
/Users/yaojun/db/incubator-graphar/cpp/src/graphar/version_parser.cc:37:3: warning: use range-based for loop instead [modernize-loop-convert]
   37 |   for (auto it = s.begin(); it != s.end(); ++it) {
      |   ^   ~~~~~~~~~~~~~~~~~~~~~~~~~~~~~~~~~~~~~~~~~~
      |       (char & it : s)
   38 |     if (!is_whitespace(*it)) {
      |                        ~~~
      |                        it
/Users/yaojun/db/incubator-graphar/cpp/src/graphar/version_parser.cc:48:5: warning: use range-based for loop instead [modernize-loop-convert]
   22 |     for (auto it = s.rbegin(); it != s.rend(); ++it) {
      |     ^   ~~~~~~~~~~~~~~~~~~~~~~~~~~~~~~~~~~~~~~~~~~~~
      |         (char & it : std::ranges::reverse_view(s))
   23 |       if (!is_whitespace(*it)) {
      |                          ~~~
      |                          it
/Users/yaojun/db/incubator-graphar/cpp/src/graphar/version_parser.cc:84:44: warning: escaped string literal can be written as a raw string literal [modernize-raw-string-literal]
   84 |   const std::regex user_define_types_regex("gar/v\\d+ *\\((.*)\\).*");
      |                                            ^~~~~~~~~~~~~~~~~~~~~~~~~
      |                                            R"(gar/v\d+ *\((.*)\).*)"
[1/6] Processing file /Users/yaojun/db/incubator-graphar/cpp/src/graphar/expression.h.
7341 warnings generated.
[2/6] Processing file /Users/yaojun/db/incubator-graphar/cpp/src/graphar/expression.cc.
14691 warnings generated.
[3/6] Processing file /Users/yaojun/db/incubator-graphar/cpp/src/graphar/arrow/chunk_writer.cc.
24560 warnings generated.
[4/6] Processing file /Users/yaojun/db/incubator-graphar/cpp/src/graphar/result.h.
30547 warnings generated.
[5/6] Processing file /Users/yaojun/db/incubator-graphar/cpp/src/graphar/high-level/graph_reader.cc.
42549 warnings generated.
[6/6] Processing file /Users/yaojun/db/incubator-graphar/cpp/src/graphar/macros.h.
42679 warnings generated.
/Users/yaojun/db/incubator-graphar/cpp/src/graphar/arrow/chunk_writer.cc:129:57: warning: statement should be inside braces [google-readability-braces-around-statements]
  129 |   if (validate_level == ValidateLevel::default_validate)
      |                                                         ^
      |                                                          {
  130 |     validate_level = validate_level_;
      |                                      
/Users/yaojun/db/incubator-graphar/cpp/src/graphar/arrow/chunk_writer.cc:132:52: warning: statement should be inside braces [google-readability-braces-around-statements]
  132 |   if (validate_level == ValidateLevel::no_validate)
      |                                                    ^
      |                                                     {
  133 |     return Status::OK();
      |                         
/Users/yaojun/db/incubator-graphar/cpp/src/graphar/arrow/chunk_writer.cc:146:57: warning: statement should be inside braces [google-readability-braces-around-statements]
  146 |   if (validate_level == ValidateLevel::default_validate)
      |                                                         ^
      |                                                          {
  147 |     validate_level = validate_level_;
      |                                      
/Users/yaojun/db/incubator-graphar/cpp/src/graphar/arrow/chunk_writer.cc:149:52: warning: statement should be inside braces [google-readability-braces-around-statements]
  149 |   if (validate_level == ValidateLevel::no_validate)
      |                                                    ^
      |                                                     {
  150 |     return Status::OK();
      |                         
/Users/yaojun/db/incubator-graphar/cpp/src/graphar/arrow/chunk_writer.cc:219:3: warning: Potential leak of memory pointed to by field 'state_' [clang-analyzer-cplusplus.NewDeleteLeaks]
  219 |   GAR_ASSIGN_OR_RAISE(auto suffix, vertex_info_->GetVerticesNumFilePath());
      |   ^
/Users/yaojun/db/incubator-graphar/cpp/src/graphar/result.h:65:3: note: expanded from macro 'GAR_ASSIGN_OR_RAISE'
   65 |   GAR_ASSIGN_OR_RAISE_IMPL(             \
      |   ^
/Users/yaojun/db/incubator-graphar/cpp/src/graphar/result.h:29:3: note: expanded from macro 'GAR_ASSIGN_OR_RAISE_IMPL'
   29 |   GAR_RETURN_IF_((result_name).has_error(), (result_name).error(), \
      |   ^
/Users/yaojun/db/incubator-graphar/cpp/src/graphar/status.h:31:7: note: expanded from macro 'GAR_RETURN_IF_'
   31 |       return (status);                       \
      |       ^
/Users/yaojun/db/incubator-graphar/cpp/src/graphar/arrow/chunk_writer.cc:218:3: note: Taking false branch
  218 |   GAR_RETURN_NOT_OK(validate(count, validate_level));
      |   ^
/Users/yaojun/db/incubator-graphar/cpp/src/graphar/status.h:39:5: note: expanded from macro 'GAR_RETURN_NOT_OK'
   39 |     GAR_RETURN_IF_(!__s.ok(), __s, GAR_STRINGIFY(status));                \
      |     ^
/Users/yaojun/db/incubator-graphar/cpp/src/graphar/status.h:30:5: note: expanded from macro 'GAR_RETURN_IF_'
   30 |     if (GAR_PREDICT_FALSE(condition)) {      \
      |     ^
/Users/yaojun/db/incubator-graphar/cpp/src/graphar/arrow/chunk_writer.cc:218:3: note: Loop condition is false.  Exiting loop
  218 |   GAR_RETURN_NOT_OK(validate(count, validate_level));
      |   ^
/Users/yaojun/db/incubator-graphar/cpp/src/graphar/status.h:39:5: note: expanded from macro 'GAR_RETURN_NOT_OK'
   39 |     GAR_RETURN_IF_(!__s.ok(), __s, GAR_STRINGIFY(status));                \
      |     ^
/Users/yaojun/db/incubator-graphar/cpp/src/graphar/status.h:29:3: note: expanded from macro 'GAR_RETURN_IF_'
   29 |   do {                                       \
      |   ^
/Users/yaojun/db/incubator-graphar/cpp/src/graphar/arrow/chunk_writer.cc:218:3: note: Loop condition is false.  Exiting loop
  218 |   GAR_RETURN_NOT_OK(validate(count, validate_level));
      |   ^
/Users/yaojun/db/incubator-graphar/cpp/src/graphar/status.h:37:3: note: expanded from macro 'GAR_RETURN_NOT_OK'
   37 |   do {                                                                    \
      |   ^
/Users/yaojun/db/incubator-graphar/cpp/src/graphar/arrow/chunk_writer.cc:219:3: note: Taking true branch
  219 |   GAR_ASSIGN_OR_RAISE(auto suffix, vertex_info_->GetVerticesNumFilePath());
      |   ^
/Users/yaojun/db/incubator-graphar/cpp/src/graphar/result.h:65:3: note: expanded from macro 'GAR_ASSIGN_OR_RAISE'
   65 |   GAR_ASSIGN_OR_RAISE_IMPL(             \
      |   ^
/Users/yaojun/db/incubator-graphar/cpp/src/graphar/result.h:29:3: note: expanded from macro 'GAR_ASSIGN_OR_RAISE_IMPL'
   29 |   GAR_RETURN_IF_((result_name).has_error(), (result_name).error(), \
      |   ^
/Users/yaojun/db/incubator-graphar/cpp/src/graphar/status.h:30:5: note: expanded from macro 'GAR_RETURN_IF_'
   30 |     if (GAR_PREDICT_FALSE(condition)) {      \
      |     ^
/Users/yaojun/db/incubator-graphar/cpp/src/graphar/arrow/chunk_writer.cc:219:3: note: Calling 'result::error'
  219 |   GAR_ASSIGN_OR_RAISE(auto suffix, vertex_info_->GetVerticesNumFilePath());
      |   ^
/Users/yaojun/db/incubator-graphar/cpp/src/graphar/result.h:65:3: note: expanded from macro 'GAR_ASSIGN_OR_RAISE'
   65 |   GAR_ASSIGN_OR_RAISE_IMPL(             \
      |   ^~~~~~~~~~~~~~~~~~~~~~~~~~~~~~~~~~~~~~~
   66 |       GAR_ASSIGN_OR_RAISE_NAME(_error_or_value, __COUNTER__), lhs, rexpr);
      |       ~~~~~~~~~~~~~~~~~~~~~~~~~~~~~~~~~~~~~~~~~~~~~~~~~~~~~~~~~~~~~~~~~~~
/Users/yaojun/db/incubator-graphar/cpp/src/graphar/result.h:29:45: note: expanded from macro 'GAR_ASSIGN_OR_RAISE_IMPL'
   29 |   GAR_RETURN_IF_((result_name).has_error(), (result_name).error(), \
      |   ~~~~~~~~~~~~~~~~~~~~~~~~~~~~~~~~~~~~~~~~~~^~~~~~~~~~~~~~~~~~~~~~~~
   30 |                  GAR_STRINGIFY(rexpr));                            \
      |                  ~~~~~~~~~~~~~~~~~~~~~
/Users/yaojun/db/incubator-graphar/cpp/src/graphar/status.h:31:15: note: expanded from macro 'GAR_RETURN_IF_'
   31 |       return (status);                       \
      |               ^~~~~~
/Users/yaojun/db/incubator-graphar/cpp/thirdparty/result/result.hpp:4749:28: note: Field 'm_has_value' is false
 4749 |   return m_storage.storage.m_has_value
      |                            ^
/Users/yaojun/db/incubator-graphar/cpp/thirdparty/result/result.hpp:4749:10: note: '?' condition is false
 4749 |   return m_storage.storage.m_has_value
      |          ^
/Users/yaojun/db/incubator-graphar/cpp/thirdparty/result/result.hpp:4751:7: note: Calling copy constructor for 'Status'
 4751 |     : m_storage.storage.m_error;
      |       ^~~~~~~~~~~~~~~~~~~~~~~~~
/Users/yaojun/db/incubator-graphar/cpp/src/graphar/status.h:145:17: note: Assuming the condition is false
  145 |       : state_((s.state_ == nullptr) ? nullptr : new State(*s.state_)) {}
      |                 ^~~~~~~~~~~~~~~~~~~
/Users/yaojun/db/incubator-graphar/cpp/src/graphar/status.h:145:16: note: '?' condition is false
  145 |       : state_((s.state_ == nullptr) ? nullptr : new State(*s.state_)) {}
      |                ^
/Users/yaojun/db/incubator-graphar/cpp/src/graphar/status.h:145:50: note: Memory is allocated
  145 |       : state_((s.state_ == nullptr) ? nullptr : new State(*s.state_)) {}
      |                                                  ^~~~~~~~~~~~~~~~~~~~
/Users/yaojun/db/incubator-graphar/cpp/thirdparty/result/result.hpp:4751:7: note: Returning from copy constructor for 'Status'
 4751 |     : m_storage.storage.m_error;
      |       ^~~~~~~~~~~~~~~~~~~~~~~~~
/Users/yaojun/db/incubator-graphar/cpp/src/graphar/arrow/chunk_writer.cc:219:3: note: Returned allocated memory
  219 |   GAR_ASSIGN_OR_RAISE(auto suffix, vertex_info_->GetVerticesNumFilePath());
      |   ^
/Users/yaojun/db/incubator-graphar/cpp/src/graphar/result.h:65:3: note: expanded from macro 'GAR_ASSIGN_OR_RAISE'
   65 |   GAR_ASSIGN_OR_RAISE_IMPL(             \
      |   ^~~~~~~~~~~~~~~~~~~~~~~~~~~~~~~~~~~~~~~
   66 |       GAR_ASSIGN_OR_RAISE_NAME(_error_or_value, __COUNTER__), lhs, rexpr);
      |       ~~~~~~~~~~~~~~~~~~~~~~~~~~~~~~~~~~~~~~~~~~~~~~~~~~~~~~~~~~~~~~~~~~~
/Users/yaojun/db/incubator-graphar/cpp/src/graphar/result.h:29:45: note: expanded from macro 'GAR_ASSIGN_OR_RAISE_IMPL'
   29 |   GAR_RETURN_IF_((result_name).has_error(), (result_name).error(), \
      |   ~~~~~~~~~~~~~~~~~~~~~~~~~~~~~~~~~~~~~~~~~~^~~~~~~~~~~~~~~~~~~~~~~~
   30 |                  GAR_STRINGIFY(rexpr));                            \
      |                  ~~~~~~~~~~~~~~~~~~~~~
/Users/yaojun/db/incubator-graphar/cpp/src/graphar/status.h:31:15: note: expanded from macro 'GAR_RETURN_IF_'
   31 |       return (status);                       \
      |               ^~~~~~
/Users/yaojun/db/incubator-graphar/cpp/src/graphar/arrow/chunk_writer.cc:219:3: note: Potential leak of memory pointed to by field 'state_'
  219 |   GAR_ASSIGN_OR_RAISE(auto suffix, vertex_info_->GetVerticesNumFilePath());
      |   ^
/Users/yaojun/db/incubator-graphar/cpp/src/graphar/result.h:65:3: note: expanded from macro 'GAR_ASSIGN_OR_RAISE'
   65 |   GAR_ASSIGN_OR_RAISE_IMPL(             \
      |   ^
/Users/yaojun/db/incubator-graphar/cpp/src/graphar/result.h:29:3: note: expanded from macro 'GAR_ASSIGN_OR_RAISE_IMPL'
   29 |   GAR_RETURN_IF_((result_name).has_error(), (result_name).error(), \
      |   ^
/Users/yaojun/db/incubator-graphar/cpp/src/graphar/status.h:31:7: note: expanded from macro 'GAR_RETURN_IF_'
   31 |       return (status);                       \
      |       ^
/Users/yaojun/db/incubator-graphar/cpp/src/graphar/arrow/chunk_writer.cc:252:3: warning: Potential leak of memory pointed to by field 'state_' [clang-analyzer-cplusplus.NewDeleteLeaks]
  252 |   GAR_ASSIGN_OR_RAISE(auto suffix,
      |   ^
/Users/yaojun/db/incubator-graphar/cpp/src/graphar/result.h:65:3: note: expanded from macro 'GAR_ASSIGN_OR_RAISE'
   65 |   GAR_ASSIGN_OR_RAISE_IMPL(             \
      |   ^
/Users/yaojun/db/incubator-graphar/cpp/src/graphar/result.h:29:3: note: expanded from macro 'GAR_ASSIGN_OR_RAISE_IMPL'
   29 |   GAR_RETURN_IF_((result_name).has_error(), (result_name).error(), \
      |   ^
/Users/yaojun/db/incubator-graphar/cpp/src/graphar/status.h:31:7: note: expanded from macro 'GAR_RETURN_IF_'
   31 |       return (status);                       \
      |       ^
/Users/yaojun/db/incubator-graphar/cpp/src/graphar/arrow/chunk_writer.cc:264:9: note: Calling 'VertexPropertyWriter::WriteChunk'
  264 |         WriteChunk(input_table, property_group, chunk_index, validate_level));
      |         ^
/Users/yaojun/db/incubator-graphar/cpp/src/graphar/status.h:38:66: note: expanded from macro 'GAR_RETURN_NOT_OK'
   38 |     ::graphar::Status __s = ::graphar::internal::GenericToStatus(status); \
      |                                                                  ^~~~~~
/Users/yaojun/db/incubator-graphar/cpp/src/graphar/arrow/chunk_writer.cc:228:3: note: Taking false branch
  228 |   GAR_RETURN_NOT_OK(
      |   ^
/Users/yaojun/db/incubator-graphar/cpp/src/graphar/status.h:39:5: note: expanded from macro 'GAR_RETURN_NOT_OK'
   39 |     GAR_RETURN_IF_(!__s.ok(), __s, GAR_STRINGIFY(status));                \
      |     ^
/Users/yaojun/db/incubator-graphar/cpp/src/graphar/status.h:30:5: note: expanded from macro 'GAR_RETURN_IF_'
   30 |     if (GAR_PREDICT_FALSE(condition)) {      \
      |     ^
/Users/yaojun/db/incubator-graphar/cpp/src/graphar/arrow/chunk_writer.cc:228:3: note: Loop condition is false.  Exiting loop
  228 |   GAR_RETURN_NOT_OK(
      |   ^
/Users/yaojun/db/incubator-graphar/cpp/src/graphar/status.h:39:5: note: expanded from macro 'GAR_RETURN_NOT_OK'
   39 |     GAR_RETURN_IF_(!__s.ok(), __s, GAR_STRINGIFY(status));                \
      |     ^
/Users/yaojun/db/incubator-graphar/cpp/src/graphar/status.h:29:3: note: expanded from macro 'GAR_RETURN_IF_'
   29 |   do {                                       \
      |   ^
/Users/yaojun/db/incubator-graphar/cpp/src/graphar/arrow/chunk_writer.cc:228:3: note: Loop condition is false.  Exiting loop
  228 |   GAR_RETURN_NOT_OK(
      |   ^
/Users/yaojun/db/incubator-graphar/cpp/src/graphar/status.h:37:3: note: expanded from macro 'GAR_RETURN_NOT_OK'
   37 |   do {                                                                    \
      |   ^
/Users/yaojun/db/incubator-graphar/cpp/src/graphar/arrow/chunk_writer.cc:233:7: note: Assuming the condition is false
  233 |   if (indice == -1) {
      |       ^~~~~~~~~~~~
/Users/yaojun/db/incubator-graphar/cpp/src/graphar/arrow/chunk_writer.cc:233:3: note: Taking false branch
  233 |   if (indice == -1) {
      |   ^
/Users/yaojun/db/incubator-graphar/cpp/src/graphar/arrow/chunk_writer.cc:250:3: note: Taking false branch
  250 |   GAR_RETURN_ON_ARROW_ERROR_AND_ASSIGN(auto in_table,
      |   ^
/Users/yaojun/db/incubator-graphar/cpp/src/graphar/result.h:102:3: note: expanded from macro 'GAR_RETURN_ON_ARROW_ERROR_AND_ASSIGN'
  102 |   GAR_RETURN_ON_ARROW_ERROR_AND_ASSIGN_IMPL(             \
      |   ^
/Users/yaojun/db/incubator-graphar/cpp/src/graphar/result.h:85:3: note: expanded from macro 'GAR_RETURN_ON_ARROW_ERROR_AND_ASSIGN_IMPL'
   85 |   if (!result_name.status().ok()) {                                        \
      |   ^
/Users/yaojun/db/incubator-graphar/cpp/src/graphar/arrow/chunk_writer.cc:252:3: note: Taking true branch
  252 |   GAR_ASSIGN_OR_RAISE(auto suffix,
      |   ^
/Users/yaojun/db/incubator-graphar/cpp/src/graphar/result.h:65:3: note: expanded from macro 'GAR_ASSIGN_OR_RAISE'
   65 |   GAR_ASSIGN_OR_RAISE_IMPL(             \
      |   ^
/Users/yaojun/db/incubator-graphar/cpp/src/graphar/result.h:29:3: note: expanded from macro 'GAR_ASSIGN_OR_RAISE_IMPL'
   29 |   GAR_RETURN_IF_((result_name).has_error(), (result_name).error(), \
      |   ^
/Users/yaojun/db/incubator-graphar/cpp/src/graphar/status.h:30:5: note: expanded from macro 'GAR_RETURN_IF_'
   30 |     if (GAR_PREDICT_FALSE(condition)) {      \
      |     ^
/Users/yaojun/db/incubator-graphar/cpp/src/graphar/arrow/chunk_writer.cc:252:3: note: Calling 'result::error'
  252 |   GAR_ASSIGN_OR_RAISE(auto suffix,
      |   ^
/Users/yaojun/db/incubator-graphar/cpp/src/graphar/result.h:65:3: note: expanded from macro 'GAR_ASSIGN_OR_RAISE'
   65 |   GAR_ASSIGN_OR_RAISE_IMPL(             \
      |   ^~~~~~~~~~~~~~~~~~~~~~~~~~~~~~~~~~~~~~~
   66 |       GAR_ASSIGN_OR_RAISE_NAME(_error_or_value, __COUNTER__), lhs, rexpr);
      |       ~~~~~~~~~~~~~~~~~~~~~~~~~~~~~~~~~~~~~~~~~~~~~~~~~~~~~~~~~~~~~~~~~~~
/Users/yaojun/db/incubator-graphar/cpp/src/graphar/result.h:29:45: note: expanded from macro 'GAR_ASSIGN_OR_RAISE_IMPL'
   29 |   GAR_RETURN_IF_((result_name).has_error(), (result_name).error(), \
      |   ~~~~~~~~~~~~~~~~~~~~~~~~~~~~~~~~~~~~~~~~~~^~~~~~~~~~~~~~~~~~~~~~~~
   30 |                  GAR_STRINGIFY(rexpr));                            \
      |                  ~~~~~~~~~~~~~~~~~~~~~
/Users/yaojun/db/incubator-graphar/cpp/src/graphar/status.h:31:15: note: expanded from macro 'GAR_RETURN_IF_'
   31 |       return (status);                       \
      |               ^~~~~~
/Users/yaojun/db/incubator-graphar/cpp/thirdparty/result/result.hpp:4749:28: note: Field 'm_has_value' is false
 4749 |   return m_storage.storage.m_has_value
      |                            ^
/Users/yaojun/db/incubator-graphar/cpp/thirdparty/result/result.hpp:4749:10: note: '?' condition is false
 4749 |   return m_storage.storage.m_has_value
      |          ^
/Users/yaojun/db/incubator-graphar/cpp/thirdparty/result/result.hpp:4751:7: note: Calling copy constructor for 'Status'
 4751 |     : m_storage.storage.m_error;
      |       ^~~~~~~~~~~~~~~~~~~~~~~~~
/Users/yaojun/db/incubator-graphar/cpp/src/graphar/status.h:145:17: note: Assuming the condition is false
  145 |       : state_((s.state_ == nullptr) ? nullptr : new State(*s.state_)) {}
      |                 ^~~~~~~~~~~~~~~~~~~
/Users/yaojun/db/incubator-graphar/cpp/src/graphar/status.h:145:16: note: '?' condition is false
  145 |       : state_((s.state_ == nullptr) ? nullptr : new State(*s.state_)) {}
      |                ^
/Users/yaojun/db/incubator-graphar/cpp/src/graphar/status.h:145:50: note: Memory is allocated
  145 |       : state_((s.state_ == nullptr) ? nullptr : new State(*s.state_)) {}
      |                                                  ^~~~~~~~~~~~~~~~~~~~
/Users/yaojun/db/incubator-graphar/cpp/thirdparty/result/result.hpp:4751:7: note: Returning from copy constructor for 'Status'
 4751 |     : m_storage.storage.m_error;
      |       ^~~~~~~~~~~~~~~~~~~~~~~~~
/Users/yaojun/db/incubator-graphar/cpp/src/graphar/arrow/chunk_writer.cc:252:3: note: Returned allocated memory
  252 |   GAR_ASSIGN_OR_RAISE(auto suffix,
      |   ^
/Users/yaojun/db/incubator-graphar/cpp/src/graphar/result.h:65:3: note: expanded from macro 'GAR_ASSIGN_OR_RAISE'
   65 |   GAR_ASSIGN_OR_RAISE_IMPL(             \
      |   ^~~~~~~~~~~~~~~~~~~~~~~~~~~~~~~~~~~~~~~
   66 |       GAR_ASSIGN_OR_RAISE_NAME(_error_or_value, __COUNTER__), lhs, rexpr);
      |       ~~~~~~~~~~~~~~~~~~~~~~~~~~~~~~~~~~~~~~~~~~~~~~~~~~~~~~~~~~~~~~~~~~~
/Users/yaojun/db/incubator-graphar/cpp/src/graphar/result.h:29:45: note: expanded from macro 'GAR_ASSIGN_OR_RAISE_IMPL'
   29 |   GAR_RETURN_IF_((result_name).has_error(), (result_name).error(), \
      |   ~~~~~~~~~~~~~~~~~~~~~~~~~~~~~~~~~~~~~~~~~~^~~~~~~~~~~~~~~~~~~~~~~~
   30 |                  GAR_STRINGIFY(rexpr));                            \
      |                  ~~~~~~~~~~~~~~~~~~~~~
/Users/yaojun/db/incubator-graphar/cpp/src/graphar/status.h:31:15: note: expanded from macro 'GAR_RETURN_IF_'
   31 |       return (status);                       \
      |               ^~~~~~
/Users/yaojun/db/incubator-graphar/cpp/src/graphar/arrow/chunk_writer.cc:252:3: note: Potential leak of memory pointed to by field 'state_'
  252 |   GAR_ASSIGN_OR_RAISE(auto suffix,
      |   ^
/Users/yaojun/db/incubator-graphar/cpp/src/graphar/result.h:65:3: note: expanded from macro 'GAR_ASSIGN_OR_RAISE'
   65 |   GAR_ASSIGN_OR_RAISE_IMPL(             \
      |   ^
/Users/yaojun/db/incubator-graphar/cpp/src/graphar/result.h:29:3: note: expanded from macro 'GAR_ASSIGN_OR_RAISE_IMPL'
   29 |   GAR_RETURN_IF_((result_name).has_error(), (result_name).error(), \
      |   ^
/Users/yaojun/db/incubator-graphar/cpp/src/graphar/status.h:31:7: note: expanded from macro 'GAR_RETURN_IF_'
   31 |       return (status);                       \
      |       ^
/Users/yaojun/db/incubator-graphar/cpp/src/graphar/arrow/chunk_writer.cc:295:5: warning: Potential leak of memory pointed to by field 'state_' [clang-analyzer-cplusplus.NewDeleteLeaks]
  295 |     GAR_ASSIGN_OR_RAISE(table_with_index,
      |     ^
/Users/yaojun/db/incubator-graphar/cpp/src/graphar/result.h:65:3: note: expanded from macro 'GAR_ASSIGN_OR_RAISE'
   65 |   GAR_ASSIGN_OR_RAISE_IMPL(             \
      |   ^
/Users/yaojun/db/incubator-graphar/cpp/src/graphar/result.h:29:3: note: expanded from macro 'GAR_ASSIGN_OR_RAISE_IMPL'
   29 |   GAR_RETURN_IF_((result_name).has_error(), (result_name).error(), \
      |   ^
/Users/yaojun/db/incubator-graphar/cpp/src/graphar/status.h:31:7: note: expanded from macro 'GAR_RETURN_IF_'
   31 |       return (status);                       \
      |       ^
/Users/yaojun/db/incubator-graphar/cpp/src/graphar/arrow/chunk_writer.cc:315:3: note: Taking false branch
  315 |   GAR_ASSIGN_OR_RAISE(auto table_with_index,
      |   ^
/Users/yaojun/db/incubator-graphar/cpp/src/graphar/result.h:65:3: note: expanded from macro 'GAR_ASSIGN_OR_RAISE'
   65 |   GAR_ASSIGN_OR_RAISE_IMPL(             \
      |   ^
/Users/yaojun/db/incubator-graphar/cpp/src/graphar/result.h:29:3: note: expanded from macro 'GAR_ASSIGN_OR_RAISE_IMPL'
   29 |   GAR_RETURN_IF_((result_name).has_error(), (result_name).error(), \
      |   ^
/Users/yaojun/db/incubator-graphar/cpp/src/graphar/status.h:30:5: note: expanded from macro 'GAR_RETURN_IF_'
   30 |     if (GAR_PREDICT_FALSE(condition)) {      \
      |     ^
/Users/yaojun/db/incubator-graphar/cpp/src/graphar/arrow/chunk_writer.cc:315:3: note: Loop condition is false.  Exiting loop
  315 |   GAR_ASSIGN_OR_RAISE(auto table_with_index,
      |   ^
/Users/yaojun/db/incubator-graphar/cpp/src/graphar/result.h:65:3: note: expanded from macro 'GAR_ASSIGN_OR_RAISE'
   65 |   GAR_ASSIGN_OR_RAISE_IMPL(             \
      |   ^
/Users/yaojun/db/incubator-graphar/cpp/src/graphar/result.h:29:3: note: expanded from macro 'GAR_ASSIGN_OR_RAISE_IMPL'
   29 |   GAR_RETURN_IF_((result_name).has_error(), (result_name).error(), \
      |   ^
/Users/yaojun/db/incubator-graphar/cpp/src/graphar/status.h:29:3: note: expanded from macro 'GAR_RETURN_IF_'
   29 |   do {                                       \
      |   ^
/Users/yaojun/db/incubator-graphar/cpp/src/graphar/arrow/chunk_writer.cc:319:23: note: Calling 'VertexPropertyWriter::WriteTable'
  319 |     GAR_RETURN_NOT_OK(WriteTable(table_with_index, property_group,
      |                       ^
/Users/yaojun/db/incubator-graphar/cpp/src/graphar/status.h:38:66: note: expanded from macro 'GAR_RETURN_NOT_OK'
   38 |     ::graphar::Status __s = ::graphar::internal::GenericToStatus(status); \
      |                                                                  ^~~~~~
/Users/yaojun/db/incubator-graphar/cpp/src/graphar/arrow/chunk_writer.cc:293:7: note: Assuming the condition is true
  293 |   if (indice == -1) {
      |       ^~~~~~~~~~~~
/Users/yaojun/db/incubator-graphar/cpp/src/graphar/arrow/chunk_writer.cc:293:3: note: Taking true branch
  293 |   if (indice == -1) {
      |   ^
/Users/yaojun/db/incubator-graphar/cpp/src/graphar/arrow/chunk_writer.cc:295:5: note: Taking true branch
  295 |     GAR_ASSIGN_OR_RAISE(table_with_index,
      |     ^
/Users/yaojun/db/incubator-graphar/cpp/src/graphar/result.h:65:3: note: expanded from macro 'GAR_ASSIGN_OR_RAISE'
   65 |   GAR_ASSIGN_OR_RAISE_IMPL(             \
      |   ^
/Users/yaojun/db/incubator-graphar/cpp/src/graphar/result.h:29:3: note: expanded from macro 'GAR_ASSIGN_OR_RAISE_IMPL'
   29 |   GAR_RETURN_IF_((result_name).has_error(), (result_name).error(), \
      |   ^
/Users/yaojun/db/incubator-graphar/cpp/src/graphar/status.h:30:5: note: expanded from macro 'GAR_RETURN_IF_'
   30 |     if (GAR_PREDICT_FALSE(condition)) {      \
      |     ^
/Users/yaojun/db/incubator-graphar/cpp/src/graphar/arrow/chunk_writer.cc:295:5: note: Calling 'result::error'
  295 |     GAR_ASSIGN_OR_RAISE(table_with_index,
      |     ^
/Users/yaojun/db/incubator-graphar/cpp/src/graphar/result.h:65:3: note: expanded from macro 'GAR_ASSIGN_OR_RAISE'
   65 |   GAR_ASSIGN_OR_RAISE_IMPL(             \
      |   ^~~~~~~~~~~~~~~~~~~~~~~~~~~~~~~~~~~~~~~
   66 |       GAR_ASSIGN_OR_RAISE_NAME(_error_or_value, __COUNTER__), lhs, rexpr);
      |       ~~~~~~~~~~~~~~~~~~~~~~~~~~~~~~~~~~~~~~~~~~~~~~~~~~~~~~~~~~~~~~~~~~~
/Users/yaojun/db/incubator-graphar/cpp/src/graphar/result.h:29:45: note: expanded from macro 'GAR_ASSIGN_OR_RAISE_IMPL'
   29 |   GAR_RETURN_IF_((result_name).has_error(), (result_name).error(), \
      |   ~~~~~~~~~~~~~~~~~~~~~~~~~~~~~~~~~~~~~~~~~~^~~~~~~~~~~~~~~~~~~~~~~~
   30 |                  GAR_STRINGIFY(rexpr));                            \
      |                  ~~~~~~~~~~~~~~~~~~~~~
/Users/yaojun/db/incubator-graphar/cpp/src/graphar/status.h:31:15: note: expanded from macro 'GAR_RETURN_IF_'
   31 |       return (status);                       \
      |               ^~~~~~
/Users/yaojun/db/incubator-graphar/cpp/thirdparty/result/result.hpp:4749:28: note: Field 'm_has_value' is false
 4749 |   return m_storage.storage.m_has_value
      |                            ^
/Users/yaojun/db/incubator-graphar/cpp/thirdparty/result/result.hpp:4749:10: note: '?' condition is false
 4749 |   return m_storage.storage.m_has_value
      |          ^
/Users/yaojun/db/incubator-graphar/cpp/thirdparty/result/result.hpp:4751:7: note: Calling copy constructor for 'Status'
 4751 |     : m_storage.storage.m_error;
      |       ^~~~~~~~~~~~~~~~~~~~~~~~~
/Users/yaojun/db/incubator-graphar/cpp/src/graphar/status.h:145:16: note: '?' condition is false
  145 |       : state_((s.state_ == nullptr) ? nullptr : new State(*s.state_)) {}
      |                ^
/Users/yaojun/db/incubator-graphar/cpp/src/graphar/status.h:145:50: note: Memory is allocated
  145 |       : state_((s.state_ == nullptr) ? nullptr : new State(*s.state_)) {}
      |                                                  ^~~~~~~~~~~~~~~~~~~~
/Users/yaojun/db/incubator-graphar/cpp/thirdparty/result/result.hpp:4751:7: note: Returning from copy constructor for 'Status'
 4751 |     : m_storage.storage.m_error;
      |       ^~~~~~~~~~~~~~~~~~~~~~~~~
/Users/yaojun/db/incubator-graphar/cpp/src/graphar/arrow/chunk_writer.cc:295:5: note: Returned allocated memory
  295 |     GAR_ASSIGN_OR_RAISE(table_with_index,
      |     ^
/Users/yaojun/db/incubator-graphar/cpp/src/graphar/result.h:65:3: note: expanded from macro 'GAR_ASSIGN_OR_RAISE'
   65 |   GAR_ASSIGN_OR_RAISE_IMPL(             \
      |   ^~~~~~~~~~~~~~~~~~~~~~~~~~~~~~~~~~~~~~~
   66 |       GAR_ASSIGN_OR_RAISE_NAME(_error_or_value, __COUNTER__), lhs, rexpr);
      |       ~~~~~~~~~~~~~~~~~~~~~~~~~~~~~~~~~~~~~~~~~~~~~~~~~~~~~~~~~~~~~~~~~~~
/Users/yaojun/db/incubator-graphar/cpp/src/graphar/result.h:29:45: note: expanded from macro 'GAR_ASSIGN_OR_RAISE_IMPL'
   29 |   GAR_RETURN_IF_((result_name).has_error(), (result_name).error(), \
      |   ~~~~~~~~~~~~~~~~~~~~~~~~~~~~~~~~~~~~~~~~~~^~~~~~~~~~~~~~~~~~~~~~~~
   30 |                  GAR_STRINGIFY(rexpr));                            \
      |                  ~~~~~~~~~~~~~~~~~~~~~
/Users/yaojun/db/incubator-graphar/cpp/src/graphar/status.h:31:15: note: expanded from macro 'GAR_RETURN_IF_'
   31 |       return (status);                       \
      |               ^~~~~~
/Users/yaojun/db/incubator-graphar/cpp/src/graphar/arrow/chunk_writer.cc:295:5: note: Potential leak of memory pointed to by field 'state_'
  295 |     GAR_ASSIGN_OR_RAISE(table_with_index,
      |     ^
/Users/yaojun/db/incubator-graphar/cpp/src/graphar/result.h:65:3: note: expanded from macro 'GAR_ASSIGN_OR_RAISE'
   65 |   GAR_ASSIGN_OR_RAISE_IMPL(             \
      |   ^
/Users/yaojun/db/incubator-graphar/cpp/src/graphar/result.h:29:3: note: expanded from macro 'GAR_ASSIGN_OR_RAISE_IMPL'
   29 |   GAR_RETURN_IF_((result_name).has_error(), (result_name).error(), \
      |   ^
/Users/yaojun/db/incubator-graphar/cpp/src/graphar/status.h:31:7: note: expanded from macro 'GAR_RETURN_IF_'
   31 |       return (status);                       \
      |       ^
/Users/yaojun/db/incubator-graphar/cpp/src/graphar/arrow/chunk_writer.cc:315:3: warning: Potential leak of memory pointed to by field 'state_' [clang-analyzer-cplusplus.NewDeleteLeaks]
  315 |   GAR_ASSIGN_OR_RAISE(auto table_with_index,
      |   ^
/Users/yaojun/db/incubator-graphar/cpp/src/graphar/result.h:65:3: note: expanded from macro 'GAR_ASSIGN_OR_RAISE'
   65 |   GAR_ASSIGN_OR_RAISE_IMPL(             \
      |   ^
/Users/yaojun/db/incubator-graphar/cpp/src/graphar/result.h:29:3: note: expanded from macro 'GAR_ASSIGN_OR_RAISE_IMPL'
   29 |   GAR_RETURN_IF_((result_name).has_error(), (result_name).error(), \
      |   ^
/Users/yaojun/db/incubator-graphar/cpp/src/graphar/status.h:31:7: note: expanded from macro 'GAR_RETURN_IF_'
   31 |       return (status);                       \
      |       ^
/Users/yaojun/db/incubator-graphar/cpp/src/graphar/arrow/chunk_writer.cc:315:3: note: Taking true branch
  315 |   GAR_ASSIGN_OR_RAISE(auto table_with_index,
      |   ^
/Users/yaojun/db/incubator-graphar/cpp/src/graphar/result.h:65:3: note: expanded from macro 'GAR_ASSIGN_OR_RAISE'
   65 |   GAR_ASSIGN_OR_RAISE_IMPL(             \
      |   ^
/Users/yaojun/db/incubator-graphar/cpp/src/graphar/result.h:29:3: note: expanded from macro 'GAR_ASSIGN_OR_RAISE_IMPL'
   29 |   GAR_RETURN_IF_((result_name).has_error(), (result_name).error(), \
      |   ^
/Users/yaojun/db/incubator-graphar/cpp/src/graphar/status.h:30:5: note: expanded from macro 'GAR_RETURN_IF_'
   30 |     if (GAR_PREDICT_FALSE(condition)) {      \
      |     ^
/Users/yaojun/db/incubator-graphar/cpp/src/graphar/arrow/chunk_writer.cc:315:3: note: Calling 'result::error'
  315 |   GAR_ASSIGN_OR_RAISE(auto table_with_index,
      |   ^
/Users/yaojun/db/incubator-graphar/cpp/src/graphar/result.h:65:3: note: expanded from macro 'GAR_ASSIGN_OR_RAISE'
   65 |   GAR_ASSIGN_OR_RAISE_IMPL(             \
      |   ^~~~~~~~~~~~~~~~~~~~~~~~~~~~~~~~~~~~~~~
   66 |       GAR_ASSIGN_OR_RAISE_NAME(_error_or_value, __COUNTER__), lhs, rexpr);
      |       ~~~~~~~~~~~~~~~~~~~~~~~~~~~~~~~~~~~~~~~~~~~~~~~~~~~~~~~~~~~~~~~~~~~
/Users/yaojun/db/incubator-graphar/cpp/src/graphar/result.h:29:45: note: expanded from macro 'GAR_ASSIGN_OR_RAISE_IMPL'
   29 |   GAR_RETURN_IF_((result_name).has_error(), (result_name).error(), \
      |   ~~~~~~~~~~~~~~~~~~~~~~~~~~~~~~~~~~~~~~~~~~^~~~~~~~~~~~~~~~~~~~~~~~
   30 |                  GAR_STRINGIFY(rexpr));                            \
      |                  ~~~~~~~~~~~~~~~~~~~~~
/Users/yaojun/db/incubator-graphar/cpp/src/graphar/status.h:31:15: note: expanded from macro 'GAR_RETURN_IF_'
   31 |       return (status);                       \
      |               ^~~~~~
/Users/yaojun/db/incubator-graphar/cpp/thirdparty/result/result.hpp:4749:28: note: Field 'm_has_value' is false
 4749 |   return m_storage.storage.m_has_value
      |                            ^
/Users/yaojun/db/incubator-graphar/cpp/thirdparty/result/result.hpp:4749:10: note: '?' condition is false
 4749 |   return m_storage.storage.m_has_value
      |          ^
/Users/yaojun/db/incubator-graphar/cpp/thirdparty/result/result.hpp:4751:7: note: Calling copy constructor for 'Status'
 4751 |     : m_storage.storage.m_error;
      |       ^~~~~~~~~~~~~~~~~~~~~~~~~
/Users/yaojun/db/incubator-graphar/cpp/src/graphar/status.h:145:16: note: '?' condition is false
  145 |       : state_((s.state_ == nullptr) ? nullptr : new State(*s.state_)) {}
      |                ^
/Users/yaojun/db/incubator-graphar/cpp/src/graphar/status.h:145:50: note: Memory is allocated
  145 |       : state_((s.state_ == nullptr) ? nullptr : new State(*s.state_)) {}
      |                                                  ^~~~~~~~~~~~~~~~~~~~
/Users/yaojun/db/incubator-graphar/cpp/thirdparty/result/result.hpp:4751:7: note: Returning from copy constructor for 'Status'
 4751 |     : m_storage.storage.m_error;
      |       ^~~~~~~~~~~~~~~~~~~~~~~~~
/Users/yaojun/db/incubator-graphar/cpp/src/graphar/arrow/chunk_writer.cc:315:3: note: Returned allocated memory
  315 |   GAR_ASSIGN_OR_RAISE(auto table_with_index,
      |   ^
/Users/yaojun/db/incubator-graphar/cpp/src/graphar/result.h:65:3: note: expanded from macro 'GAR_ASSIGN_OR_RAISE'
   65 |   GAR_ASSIGN_OR_RAISE_IMPL(             \
      |   ^~~~~~~~~~~~~~~~~~~~~~~~~~~~~~~~~~~~~~~
   66 |       GAR_ASSIGN_OR_RAISE_NAME(_error_or_value, __COUNTER__), lhs, rexpr);
      |       ~~~~~~~~~~~~~~~~~~~~~~~~~~~~~~~~~~~~~~~~~~~~~~~~~~~~~~~~~~~~~~~~~~~
/Users/yaojun/db/incubator-graphar/cpp/src/graphar/result.h:29:45: note: expanded from macro 'GAR_ASSIGN_OR_RAISE_IMPL'
   29 |   GAR_RETURN_IF_((result_name).has_error(), (result_name).error(), \
      |   ~~~~~~~~~~~~~~~~~~~~~~~~~~~~~~~~~~~~~~~~~~^~~~~~~~~~~~~~~~~~~~~~~~
   30 |                  GAR_STRINGIFY(rexpr));                            \
      |                  ~~~~~~~~~~~~~~~~~~~~~
/Users/yaojun/db/incubator-graphar/cpp/src/graphar/status.h:31:15: note: expanded from macro 'GAR_RETURN_IF_'
   31 |       return (status);                       \
      |               ^~~~~~
/Users/yaojun/db/incubator-graphar/cpp/src/graphar/arrow/chunk_writer.cc:315:3: note: Potential leak of memory pointed to by field 'state_'
  315 |   GAR_ASSIGN_OR_RAISE(auto table_with_index,
      |   ^
/Users/yaojun/db/incubator-graphar/cpp/src/graphar/result.h:65:3: note: expanded from macro 'GAR_ASSIGN_OR_RAISE'
   65 |   GAR_ASSIGN_OR_RAISE_IMPL(             \
      |   ^
/Users/yaojun/db/incubator-graphar/cpp/src/graphar/result.h:29:3: note: expanded from macro 'GAR_ASSIGN_OR_RAISE_IMPL'
   29 |   GAR_RETURN_IF_((result_name).has_error(), (result_name).error(), \
      |   ^
/Users/yaojun/db/incubator-graphar/cpp/src/graphar/status.h:31:7: note: expanded from macro 'GAR_RETURN_IF_'
   31 |       return (status);                       \
      |       ^
/Users/yaojun/db/incubator-graphar/cpp/src/graphar/arrow/chunk_writer.cc:324:5: warning: Potential leak of memory pointed to by field 'state_' [clang-analyzer-cplusplus.NewDeleteLeaks]
  324 |     GAR_ASSIGN_OR_RAISE(auto label_table, GetLabelTable(input_table, labels))
      |     ^
/Users/yaojun/db/incubator-graphar/cpp/src/graphar/result.h:65:3: note: expanded from macro 'GAR_ASSIGN_OR_RAISE'
   65 |   GAR_ASSIGN_OR_RAISE_IMPL(             \
      |   ^
/Users/yaojun/db/incubator-graphar/cpp/src/graphar/result.h:29:3: note: expanded from macro 'GAR_ASSIGN_OR_RAISE_IMPL'
   29 |   GAR_RETURN_IF_((result_name).has_error(), (result_name).error(), \
      |   ^
/Users/yaojun/db/incubator-graphar/cpp/src/graphar/status.h:31:7: note: expanded from macro 'GAR_RETURN_IF_'
   31 |       return (status);                       \
      |       ^
/Users/yaojun/db/incubator-graphar/cpp/src/graphar/arrow/chunk_writer.cc:315:3: note: Taking false branch
  315 |   GAR_ASSIGN_OR_RAISE(auto table_with_index,
      |   ^
/Users/yaojun/db/incubator-graphar/cpp/src/graphar/result.h:65:3: note: expanded from macro 'GAR_ASSIGN_OR_RAISE'
   65 |   GAR_ASSIGN_OR_RAISE_IMPL(             \
      |   ^
/Users/yaojun/db/incubator-graphar/cpp/src/graphar/result.h:29:3: note: expanded from macro 'GAR_ASSIGN_OR_RAISE_IMPL'
   29 |   GAR_RETURN_IF_((result_name).has_error(), (result_name).error(), \
      |   ^
/Users/yaojun/db/incubator-graphar/cpp/src/graphar/status.h:30:5: note: expanded from macro 'GAR_RETURN_IF_'
   30 |     if (GAR_PREDICT_FALSE(condition)) {      \
      |     ^
/Users/yaojun/db/incubator-graphar/cpp/src/graphar/arrow/chunk_writer.cc:315:3: note: Loop condition is false.  Exiting loop
  315 |   GAR_ASSIGN_OR_RAISE(auto table_with_index,
      |   ^
/Users/yaojun/db/incubator-graphar/cpp/src/graphar/result.h:65:3: note: expanded from macro 'GAR_ASSIGN_OR_RAISE'
   65 |   GAR_ASSIGN_OR_RAISE_IMPL(             \
      |   ^
/Users/yaojun/db/incubator-graphar/cpp/src/graphar/result.h:29:3: note: expanded from macro 'GAR_ASSIGN_OR_RAISE_IMPL'
   29 |   GAR_RETURN_IF_((result_name).has_error(), (result_name).error(), \
      |   ^
/Users/yaojun/db/incubator-graphar/cpp/src/graphar/status.h:29:3: note: expanded from macro 'GAR_RETURN_IF_'
   29 |   do {                                       \
      |   ^
/Users/yaojun/db/incubator-graphar/cpp/src/graphar/arrow/chunk_writer.cc:323:7: note: Assuming the condition is true
  323 |   if (!labels.empty()) {
      |       ^~~~~~~~~~~~~~~
/Users/yaojun/db/incubator-graphar/cpp/src/graphar/arrow/chunk_writer.cc:323:3: note: Taking true branch
  323 |   if (!labels.empty()) {
      |   ^
/Users/yaojun/db/incubator-graphar/cpp/src/graphar/arrow/chunk_writer.cc:324:5: note: Taking true branch
  324 |     GAR_ASSIGN_OR_RAISE(auto label_table, GetLabelTable(input_table, labels))
      |     ^
/Users/yaojun/db/incubator-graphar/cpp/src/graphar/result.h:65:3: note: expanded from macro 'GAR_ASSIGN_OR_RAISE'
   65 |   GAR_ASSIGN_OR_RAISE_IMPL(             \
      |   ^
/Users/yaojun/db/incubator-graphar/cpp/src/graphar/result.h:29:3: note: expanded from macro 'GAR_ASSIGN_OR_RAISE_IMPL'
   29 |   GAR_RETURN_IF_((result_name).has_error(), (result_name).error(), \
      |   ^
/Users/yaojun/db/incubator-graphar/cpp/src/graphar/status.h:30:5: note: expanded from macro 'GAR_RETURN_IF_'
   30 |     if (GAR_PREDICT_FALSE(condition)) {      \
      |     ^
/Users/yaojun/db/incubator-graphar/cpp/src/graphar/arrow/chunk_writer.cc:324:5: note: Calling 'result::error'
  324 |     GAR_ASSIGN_OR_RAISE(auto label_table, GetLabelTable(input_table, labels))
      |     ^
/Users/yaojun/db/incubator-graphar/cpp/src/graphar/result.h:65:3: note: expanded from macro 'GAR_ASSIGN_OR_RAISE'
   65 |   GAR_ASSIGN_OR_RAISE_IMPL(             \
      |   ^~~~~~~~~~~~~~~~~~~~~~~~~~~~~~~~~~~~~~~
   66 |       GAR_ASSIGN_OR_RAISE_NAME(_error_or_value, __COUNTER__), lhs, rexpr);
      |       ~~~~~~~~~~~~~~~~~~~~~~~~~~~~~~~~~~~~~~~~~~~~~~~~~~~~~~~~~~~~~~~~~~~
/Users/yaojun/db/incubator-graphar/cpp/src/graphar/result.h:29:45: note: expanded from macro 'GAR_ASSIGN_OR_RAISE_IMPL'
   29 |   GAR_RETURN_IF_((result_name).has_error(), (result_name).error(), \
      |   ~~~~~~~~~~~~~~~~~~~~~~~~~~~~~~~~~~~~~~~~~~^~~~~~~~~~~~~~~~~~~~~~~~
   30 |                  GAR_STRINGIFY(rexpr));                            \
      |                  ~~~~~~~~~~~~~~~~~~~~~
/Users/yaojun/db/incubator-graphar/cpp/src/graphar/status.h:31:15: note: expanded from macro 'GAR_RETURN_IF_'
   31 |       return (status);                       \
      |               ^~~~~~
/Users/yaojun/db/incubator-graphar/cpp/thirdparty/result/result.hpp:4749:28: note: Field 'm_has_value' is false
 4749 |   return m_storage.storage.m_has_value
      |                            ^
/Users/yaojun/db/incubator-graphar/cpp/thirdparty/result/result.hpp:4749:10: note: '?' condition is false
 4749 |   return m_storage.storage.m_has_value
      |          ^
/Users/yaojun/db/incubator-graphar/cpp/thirdparty/result/result.hpp:4751:7: note: Calling copy constructor for 'Status'
 4751 |     : m_storage.storage.m_error;
      |       ^~~~~~~~~~~~~~~~~~~~~~~~~
/Users/yaojun/db/incubator-graphar/cpp/src/graphar/status.h:145:16: note: '?' condition is false
  145 |       : state_((s.state_ == nullptr) ? nullptr : new State(*s.state_)) {}
      |                ^
/Users/yaojun/db/incubator-graphar/cpp/src/graphar/status.h:145:50: note: Memory is allocated
  145 |       : state_((s.state_ == nullptr) ? nullptr : new State(*s.state_)) {}
      |                                                  ^~~~~~~~~~~~~~~~~~~~
/Users/yaojun/db/incubator-graphar/cpp/thirdparty/result/result.hpp:4751:7: note: Returning from copy constructor for 'Status'
 4751 |     : m_storage.storage.m_error;
      |       ^~~~~~~~~~~~~~~~~~~~~~~~~
/Users/yaojun/db/incubator-graphar/cpp/src/graphar/arrow/chunk_writer.cc:324:5: note: Returned allocated memory
  324 |     GAR_ASSIGN_OR_RAISE(auto label_table, GetLabelTable(input_table, labels))
      |     ^
/Users/yaojun/db/incubator-graphar/cpp/src/graphar/result.h:65:3: note: expanded from macro 'GAR_ASSIGN_OR_RAISE'
   65 |   GAR_ASSIGN_OR_RAISE_IMPL(             \
      |   ^~~~~~~~~~~~~~~~~~~~~~~~~~~~~~~~~~~~~~~
   66 |       GAR_ASSIGN_OR_RAISE_NAME(_error_or_value, __COUNTER__), lhs, rexpr);
      |       ~~~~~~~~~~~~~~~~~~~~~~~~~~~~~~~~~~~~~~~~~~~~~~~~~~~~~~~~~~~~~~~~~~~
/Users/yaojun/db/incubator-graphar/cpp/src/graphar/result.h:29:45: note: expanded from macro 'GAR_ASSIGN_OR_RAISE_IMPL'
   29 |   GAR_RETURN_IF_((result_name).has_error(), (result_name).error(), \
      |   ~~~~~~~~~~~~~~~~~~~~~~~~~~~~~~~~~~~~~~~~~~^~~~~~~~~~~~~~~~~~~~~~~~
   30 |                  GAR_STRINGIFY(rexpr));                            \
      |                  ~~~~~~~~~~~~~~~~~~~~~
/Users/yaojun/db/incubator-graphar/cpp/src/graphar/status.h:31:15: note: expanded from macro 'GAR_RETURN_IF_'
   31 |       return (status);                       \
      |               ^~~~~~
/Users/yaojun/db/incubator-graphar/cpp/src/graphar/arrow/chunk_writer.cc:324:5: note: Potential leak of memory pointed to by field 'state_'
  324 |     GAR_ASSIGN_OR_RAISE(auto label_table, GetLabelTable(input_table, labels))
      |     ^
/Users/yaojun/db/incubator-graphar/cpp/src/graphar/result.h:65:3: note: expanded from macro 'GAR_ASSIGN_OR_RAISE'
   65 |   GAR_ASSIGN_OR_RAISE_IMPL(             \
      |   ^
/Users/yaojun/db/incubator-graphar/cpp/src/graphar/result.h:29:3: note: expanded from macro 'GAR_ASSIGN_OR_RAISE_IMPL'
   29 |   GAR_RETURN_IF_((result_name).has_error(), (result_name).error(), \
      |   ^
/Users/yaojun/db/incubator-graphar/cpp/src/graphar/status.h:31:7: note: expanded from macro 'GAR_RETURN_IF_'
   31 |       return (status);                       \
      |       ^
/Users/yaojun/db/incubator-graphar/cpp/src/graphar/arrow/chunk_writer.cc:515:57: warning: statement should be inside braces [google-readability-braces-around-statements]
  515 |   if (validate_level == ValidateLevel::default_validate)
      |                                                         ^
      |                                                          {
  516 |     validate_level = validate_level_;
      |                                      
/Users/yaojun/db/incubator-graphar/cpp/src/graphar/arrow/chunk_writer.cc:518:52: warning: statement should be inside braces [google-readability-braces-around-statements]
  518 |   if (validate_level == ValidateLevel::no_validate)
      |                                                    ^
      |                                                     {
  519 |     return Status::OK();
      |                         
/Users/yaojun/db/incubator-graphar/cpp/src/graphar/arrow/chunk_writer.cc:541:57: warning: statement should be inside braces [google-readability-braces-around-statements]
  541 |   if (validate_level == ValidateLevel::default_validate)
      |                                                         ^
      |                                                          {
  542 |     validate_level = validate_level_;
      |                                      
/Users/yaojun/db/incubator-graphar/cpp/src/graphar/arrow/chunk_writer.cc:544:52: warning: statement should be inside braces [google-readability-braces-around-statements]
  544 |   if (validate_level == ValidateLevel::no_validate)
      |                                                    ^
      |                                                     {
  545 |     return Status::OK();
      |                         
/Users/yaojun/db/incubator-graphar/cpp/src/graphar/arrow/chunk_writer.cc:561:57: warning: statement should be inside braces [google-readability-braces-around-statements]
  561 |   if (validate_level == ValidateLevel::default_validate)
      |                                                         ^
      |                                                          {
  562 |     validate_level = validate_level_;
      |                                      
/Users/yaojun/db/incubator-graphar/cpp/src/graphar/arrow/chunk_writer.cc:564:52: warning: statement should be inside braces [google-readability-braces-around-statements]
  564 |   if (validate_level == ValidateLevel::no_validate)
      |                                                    ^
      |                                                     {
  565 |     return Status::OK();
      |                         
/Users/yaojun/db/incubator-graphar/cpp/src/graphar/arrow/chunk_writer.cc:616:57: warning: statement should be inside braces [google-readability-braces-around-statements]
  616 |   if (validate_level == ValidateLevel::default_validate)
      |                                                         ^
      |                                                          {
  617 |     validate_level = validate_level_;
      |                                      
/Users/yaojun/db/incubator-graphar/cpp/src/graphar/arrow/chunk_writer.cc:619:52: warning: statement should be inside braces [google-readability-braces-around-statements]
  619 |   if (validate_level == ValidateLevel::no_validate)
      |                                                    ^
      |                                                     {
  620 |     return Status::OK();
      |                         
/Users/yaojun/db/incubator-graphar/cpp/src/graphar/arrow/chunk_writer.cc:669:57: warning: statement should be inside braces [google-readability-braces-around-statements]
  669 |   if (validate_level == ValidateLevel::default_validate)
      |                                                         ^
      |                                                          {
  670 |     validate_level = validate_level_;
      |                                      
/Users/yaojun/db/incubator-graphar/cpp/src/graphar/arrow/chunk_writer.cc:672:52: warning: statement should be inside braces [google-readability-braces-around-statements]
  672 |   if (validate_level == ValidateLevel::no_validate)
      |                                                    ^
      |                                                     {
  673 |     return Status::OK();
      |                         
/Users/yaojun/db/incubator-graphar/cpp/src/graphar/arrow/chunk_writer.cc:714:3: warning: Potential leak of memory pointed to by field 'state_' [clang-analyzer-cplusplus.NewDeleteLeaks]
  714 |   GAR_ASSIGN_OR_RAISE(auto suffix, edge_info_->GetEdgesNumFilePath(
      |   ^
/Users/yaojun/db/incubator-graphar/cpp/src/graphar/result.h:65:3: note: expanded from macro 'GAR_ASSIGN_OR_RAISE'
   65 |   GAR_ASSIGN_OR_RAISE_IMPL(             \
      |   ^
/Users/yaojun/db/incubator-graphar/cpp/src/graphar/result.h:29:3: note: expanded from macro 'GAR_ASSIGN_OR_RAISE_IMPL'
   29 |   GAR_RETURN_IF_((result_name).has_error(), (result_name).error(), \
      |   ^
/Users/yaojun/db/incubator-graphar/cpp/src/graphar/status.h:31:7: note: expanded from macro 'GAR_RETURN_IF_'
   31 |       return (status);                       \
      |       ^
/Users/yaojun/db/incubator-graphar/cpp/src/graphar/arrow/chunk_writer.cc:713:3: note: Taking false branch
  713 |   GAR_RETURN_NOT_OK(validate(vertex_chunk_index, count, validate_level));
      |   ^
/Users/yaojun/db/incubator-graphar/cpp/src/graphar/status.h:39:5: note: expanded from macro 'GAR_RETURN_NOT_OK'
   39 |     GAR_RETURN_IF_(!__s.ok(), __s, GAR_STRINGIFY(status));                \
      |     ^
/Users/yaojun/db/incubator-graphar/cpp/src/graphar/status.h:30:5: note: expanded from macro 'GAR_RETURN_IF_'
   30 |     if (GAR_PREDICT_FALSE(condition)) {      \
      |     ^
/Users/yaojun/db/incubator-graphar/cpp/src/graphar/arrow/chunk_writer.cc:713:3: note: Loop condition is false.  Exiting loop
  713 |   GAR_RETURN_NOT_OK(validate(vertex_chunk_index, count, validate_level));
      |   ^
/Users/yaojun/db/incubator-graphar/cpp/src/graphar/status.h:39:5: note: expanded from macro 'GAR_RETURN_NOT_OK'
   39 |     GAR_RETURN_IF_(!__s.ok(), __s, GAR_STRINGIFY(status));                \
      |     ^
/Users/yaojun/db/incubator-graphar/cpp/src/graphar/status.h:29:3: note: expanded from macro 'GAR_RETURN_IF_'
   29 |   do {                                       \
      |   ^
/Users/yaojun/db/incubator-graphar/cpp/src/graphar/arrow/chunk_writer.cc:713:3: note: Loop condition is false.  Exiting loop
  713 |   GAR_RETURN_NOT_OK(validate(vertex_chunk_index, count, validate_level));
      |   ^
/Users/yaojun/db/incubator-graphar/cpp/src/graphar/status.h:37:3: note: expanded from macro 'GAR_RETURN_NOT_OK'
   37 |   do {                                                                    \
      |   ^
/Users/yaojun/db/incubator-graphar/cpp/src/graphar/arrow/chunk_writer.cc:714:3: note: Taking true branch
  714 |   GAR_ASSIGN_OR_RAISE(auto suffix, edge_info_->GetEdgesNumFilePath(
      |   ^
/Users/yaojun/db/incubator-graphar/cpp/src/graphar/result.h:65:3: note: expanded from macro 'GAR_ASSIGN_OR_RAISE'
   65 |   GAR_ASSIGN_OR_RAISE_IMPL(             \
      |   ^
/Users/yaojun/db/incubator-graphar/cpp/src/graphar/result.h:29:3: note: expanded from macro 'GAR_ASSIGN_OR_RAISE_IMPL'
   29 |   GAR_RETURN_IF_((result_name).has_error(), (result_name).error(), \
      |   ^
/Users/yaojun/db/incubator-graphar/cpp/src/graphar/status.h:30:5: note: expanded from macro 'GAR_RETURN_IF_'
   30 |     if (GAR_PREDICT_FALSE(condition)) {      \
      |     ^
/Users/yaojun/db/incubator-graphar/cpp/src/graphar/arrow/chunk_writer.cc:714:3: note: Calling 'result::error'
  714 |   GAR_ASSIGN_OR_RAISE(auto suffix, edge_info_->GetEdgesNumFilePath(
      |   ^
/Users/yaojun/db/incubator-graphar/cpp/src/graphar/result.h:65:3: note: expanded from macro 'GAR_ASSIGN_OR_RAISE'
   65 |   GAR_ASSIGN_OR_RAISE_IMPL(             \
      |   ^~~~~~~~~~~~~~~~~~~~~~~~~~~~~~~~~~~~~~~
   66 |       GAR_ASSIGN_OR_RAISE_NAME(_error_or_value, __COUNTER__), lhs, rexpr);
      |       ~~~~~~~~~~~~~~~~~~~~~~~~~~~~~~~~~~~~~~~~~~~~~~~~~~~~~~~~~~~~~~~~~~~
/Users/yaojun/db/incubator-graphar/cpp/src/graphar/result.h:29:45: note: expanded from macro 'GAR_ASSIGN_OR_RAISE_IMPL'
   29 |   GAR_RETURN_IF_((result_name).has_error(), (result_name).error(), \
      |   ~~~~~~~~~~~~~~~~~~~~~~~~~~~~~~~~~~~~~~~~~~^~~~~~~~~~~~~~~~~~~~~~~~
   30 |                  GAR_STRINGIFY(rexpr));                            \
      |                  ~~~~~~~~~~~~~~~~~~~~~
/Users/yaojun/db/incubator-graphar/cpp/src/graphar/status.h:31:15: note: expanded from macro 'GAR_RETURN_IF_'
   31 |       return (status);                       \
      |               ^~~~~~
/Users/yaojun/db/incubator-graphar/cpp/thirdparty/result/result.hpp:4749:28: note: Field 'm_has_value' is false
 4749 |   return m_storage.storage.m_has_value
      |                            ^
/Users/yaojun/db/incubator-graphar/cpp/thirdparty/result/result.hpp:4749:10: note: '?' condition is false
 4749 |   return m_storage.storage.m_has_value
      |          ^
/Users/yaojun/db/incubator-graphar/cpp/thirdparty/result/result.hpp:4751:7: note: Calling copy constructor for 'Status'
 4751 |     : m_storage.storage.m_error;
      |       ^~~~~~~~~~~~~~~~~~~~~~~~~
/Users/yaojun/db/incubator-graphar/cpp/src/graphar/status.h:145:17: note: Assuming the condition is false
  145 |       : state_((s.state_ == nullptr) ? nullptr : new State(*s.state_)) {}
      |                 ^~~~~~~~~~~~~~~~~~~
/Users/yaojun/db/incubator-graphar/cpp/src/graphar/status.h:145:16: note: '?' condition is false
  145 |       : state_((s.state_ == nullptr) ? nullptr : new State(*s.state_)) {}
      |                ^
/Users/yaojun/db/incubator-graphar/cpp/src/graphar/status.h:145:50: note: Memory is allocated
  145 |       : state_((s.state_ == nullptr) ? nullptr : new State(*s.state_)) {}
      |                                                  ^~~~~~~~~~~~~~~~~~~~
/Users/yaojun/db/incubator-graphar/cpp/thirdparty/result/result.hpp:4751:7: note: Returning from copy constructor for 'Status'
 4751 |     : m_storage.storage.m_error;
      |       ^~~~~~~~~~~~~~~~~~~~~~~~~
/Users/yaojun/db/incubator-graphar/cpp/src/graphar/arrow/chunk_writer.cc:714:3: note: Returned allocated memory
  714 |   GAR_ASSIGN_OR_RAISE(auto suffix, edge_info_->GetEdgesNumFilePath(
      |   ^
/Users/yaojun/db/incubator-graphar/cpp/src/graphar/result.h:65:3: note: expanded from macro 'GAR_ASSIGN_OR_RAISE'
   65 |   GAR_ASSIGN_OR_RAISE_IMPL(             \
      |   ^~~~~~~~~~~~~~~~~~~~~~~~~~~~~~~~~~~~~~~
   66 |       GAR_ASSIGN_OR_RAISE_NAME(_error_or_value, __COUNTER__), lhs, rexpr);
      |       ~~~~~~~~~~~~~~~~~~~~~~~~~~~~~~~~~~~~~~~~~~~~~~~~~~~~~~~~~~~~~~~~~~~
/Users/yaojun/db/incubator-graphar/cpp/src/graphar/result.h:29:45: note: expanded from macro 'GAR_ASSIGN_OR_RAISE_IMPL'
   29 |   GAR_RETURN_IF_((result_name).has_error(), (result_name).error(), \
      |   ~~~~~~~~~~~~~~~~~~~~~~~~~~~~~~~~~~~~~~~~~~^~~~~~~~~~~~~~~~~~~~~~~~
   30 |                  GAR_STRINGIFY(rexpr));                            \
      |                  ~~~~~~~~~~~~~~~~~~~~~
/Users/yaojun/db/incubator-graphar/cpp/src/graphar/status.h:31:15: note: expanded from macro 'GAR_RETURN_IF_'
   31 |       return (status);                       \
      |               ^~~~~~
/Users/yaojun/db/incubator-graphar/cpp/src/graphar/arrow/chunk_writer.cc:714:3: note: Potential leak of memory pointed to by field 'state_'
  714 |   GAR_ASSIGN_OR_RAISE(auto suffix, edge_info_->GetEdgesNumFilePath(
      |   ^
/Users/yaojun/db/incubator-graphar/cpp/src/graphar/result.h:65:3: note: expanded from macro 'GAR_ASSIGN_OR_RAISE'
   65 |   GAR_ASSIGN_OR_RAISE_IMPL(             \
      |   ^
/Users/yaojun/db/incubator-graphar/cpp/src/graphar/result.h:29:3: note: expanded from macro 'GAR_ASSIGN_OR_RAISE_IMPL'
   29 |   GAR_RETURN_IF_((result_name).has_error(), (result_name).error(), \
      |   ^
/Users/yaojun/db/incubator-graphar/cpp/src/graphar/status.h:31:7: note: expanded from macro 'GAR_RETURN_IF_'
   31 |       return (status);                       \
      |       ^
/Users/yaojun/db/incubator-graphar/cpp/src/graphar/arrow/chunk_writer.cc:723:3: warning: Potential leak of memory pointed to by field 'state_' [clang-analyzer-cplusplus.NewDeleteLeaks]
  723 |   GAR_ASSIGN_OR_RAISE(auto suffix,
      |   ^
/Users/yaojun/db/incubator-graphar/cpp/src/graphar/result.h:65:3: note: expanded from macro 'GAR_ASSIGN_OR_RAISE'
   65 |   GAR_ASSIGN_OR_RAISE_IMPL(             \
      |   ^
/Users/yaojun/db/incubator-graphar/cpp/src/graphar/result.h:29:3: note: expanded from macro 'GAR_ASSIGN_OR_RAISE_IMPL'
   29 |   GAR_RETURN_IF_((result_name).has_error(), (result_name).error(), \
      |   ^
/Users/yaojun/db/incubator-graphar/cpp/src/graphar/status.h:31:7: note: expanded from macro 'GAR_RETURN_IF_'
   31 |       return (status);                       \
      |       ^
/Users/yaojun/db/incubator-graphar/cpp/src/graphar/arrow/chunk_writer.cc:722:3: note: Taking false branch
  722 |   GAR_RETURN_NOT_OK(validate(0, count, validate_level));
      |   ^
/Users/yaojun/db/incubator-graphar/cpp/src/graphar/status.h:39:5: note: expanded from macro 'GAR_RETURN_NOT_OK'
   39 |     GAR_RETURN_IF_(!__s.ok(), __s, GAR_STRINGIFY(status));                \
      |     ^
/Users/yaojun/db/incubator-graphar/cpp/src/graphar/status.h:30:5: note: expanded from macro 'GAR_RETURN_IF_'
   30 |     if (GAR_PREDICT_FALSE(condition)) {      \
      |     ^
/Users/yaojun/db/incubator-graphar/cpp/src/graphar/arrow/chunk_writer.cc:722:3: note: Loop condition is false.  Exiting loop
  722 |   GAR_RETURN_NOT_OK(validate(0, count, validate_level));
      |   ^
/Users/yaojun/db/incubator-graphar/cpp/src/graphar/status.h:39:5: note: expanded from macro 'GAR_RETURN_NOT_OK'
   39 |     GAR_RETURN_IF_(!__s.ok(), __s, GAR_STRINGIFY(status));                \
      |     ^
/Users/yaojun/db/incubator-graphar/cpp/src/graphar/status.h:29:3: note: expanded from macro 'GAR_RETURN_IF_'
   29 |   do {                                       \
      |   ^
/Users/yaojun/db/incubator-graphar/cpp/src/graphar/arrow/chunk_writer.cc:722:3: note: Loop condition is false.  Exiting loop
  722 |   GAR_RETURN_NOT_OK(validate(0, count, validate_level));
      |   ^
/Users/yaojun/db/incubator-graphar/cpp/src/graphar/status.h:37:3: note: expanded from macro 'GAR_RETURN_NOT_OK'
   37 |   do {                                                                    \
      |   ^
/Users/yaojun/db/incubator-graphar/cpp/src/graphar/arrow/chunk_writer.cc:723:3: note: Taking true branch
  723 |   GAR_ASSIGN_OR_RAISE(auto suffix,
      |   ^
/Users/yaojun/db/incubator-graphar/cpp/src/graphar/result.h:65:3: note: expanded from macro 'GAR_ASSIGN_OR_RAISE'
   65 |   GAR_ASSIGN_OR_RAISE_IMPL(             \
      |   ^
/Users/yaojun/db/incubator-graphar/cpp/src/graphar/result.h:29:3: note: expanded from macro 'GAR_ASSIGN_OR_RAISE_IMPL'
   29 |   GAR_RETURN_IF_((result_name).has_error(), (result_name).error(), \
      |   ^
/Users/yaojun/db/incubator-graphar/cpp/src/graphar/status.h:30:5: note: expanded from macro 'GAR_RETURN_IF_'
   30 |     if (GAR_PREDICT_FALSE(condition)) {      \
      |     ^
/Users/yaojun/db/incubator-graphar/cpp/src/graphar/arrow/chunk_writer.cc:723:3: note: Calling 'result::error'
  723 |   GAR_ASSIGN_OR_RAISE(auto suffix,
      |   ^
/Users/yaojun/db/incubator-graphar/cpp/src/graphar/result.h:65:3: note: expanded from macro 'GAR_ASSIGN_OR_RAISE'
   65 |   GAR_ASSIGN_OR_RAISE_IMPL(             \
      |   ^~~~~~~~~~~~~~~~~~~~~~~~~~~~~~~~~~~~~~~
   66 |       GAR_ASSIGN_OR_RAISE_NAME(_error_or_value, __COUNTER__), lhs, rexpr);
      |       ~~~~~~~~~~~~~~~~~~~~~~~~~~~~~~~~~~~~~~~~~~~~~~~~~~~~~~~~~~~~~~~~~~~
/Users/yaojun/db/incubator-graphar/cpp/src/graphar/result.h:29:45: note: expanded from macro 'GAR_ASSIGN_OR_RAISE_IMPL'
   29 |   GAR_RETURN_IF_((result_name).has_error(), (result_name).error(), \
      |   ~~~~~~~~~~~~~~~~~~~~~~~~~~~~~~~~~~~~~~~~~~^~~~~~~~~~~~~~~~~~~~~~~~
   30 |                  GAR_STRINGIFY(rexpr));                            \
      |                  ~~~~~~~~~~~~~~~~~~~~~
/Users/yaojun/db/incubator-graphar/cpp/src/graphar/status.h:31:15: note: expanded from macro 'GAR_RETURN_IF_'
   31 |       return (status);                       \
      |               ^~~~~~
/Users/yaojun/db/incubator-graphar/cpp/thirdparty/result/result.hpp:4749:28: note: Field 'm_has_value' is false
 4749 |   return m_storage.storage.m_has_value
      |                            ^
/Users/yaojun/db/incubator-graphar/cpp/thirdparty/result/result.hpp:4749:10: note: '?' condition is false
 4749 |   return m_storage.storage.m_has_value
      |          ^
/Users/yaojun/db/incubator-graphar/cpp/thirdparty/result/result.hpp:4751:7: note: Calling copy constructor for 'Status'
 4751 |     : m_storage.storage.m_error;
      |       ^~~~~~~~~~~~~~~~~~~~~~~~~
/Users/yaojun/db/incubator-graphar/cpp/src/graphar/status.h:145:17: note: Assuming the condition is false
  145 |       : state_((s.state_ == nullptr) ? nullptr : new State(*s.state_)) {}
      |                 ^~~~~~~~~~~~~~~~~~~
/Users/yaojun/db/incubator-graphar/cpp/src/graphar/status.h:145:16: note: '?' condition is false
  145 |       : state_((s.state_ == nullptr) ? nullptr : new State(*s.state_)) {}
      |                ^
/Users/yaojun/db/incubator-graphar/cpp/src/graphar/status.h:145:50: note: Memory is allocated
  145 |       : state_((s.state_ == nullptr) ? nullptr : new State(*s.state_)) {}
      |                                                  ^~~~~~~~~~~~~~~~~~~~
/Users/yaojun/db/incubator-graphar/cpp/thirdparty/result/result.hpp:4751:7: note: Returning from copy constructor for 'Status'
 4751 |     : m_storage.storage.m_error;
      |       ^~~~~~~~~~~~~~~~~~~~~~~~~
/Users/yaojun/db/incubator-graphar/cpp/src/graphar/arrow/chunk_writer.cc:723:3: note: Returned allocated memory
  723 |   GAR_ASSIGN_OR_RAISE(auto suffix,
      |   ^
/Users/yaojun/db/incubator-graphar/cpp/src/graphar/result.h:65:3: note: expanded from macro 'GAR_ASSIGN_OR_RAISE'
   65 |   GAR_ASSIGN_OR_RAISE_IMPL(             \
      |   ^~~~~~~~~~~~~~~~~~~~~~~~~~~~~~~~~~~~~~~
   66 |       GAR_ASSIGN_OR_RAISE_NAME(_error_or_value, __COUNTER__), lhs, rexpr);
      |       ~~~~~~~~~~~~~~~~~~~~~~~~~~~~~~~~~~~~~~~~~~~~~~~~~~~~~~~~~~~~~~~~~~~
/Users/yaojun/db/incubator-graphar/cpp/src/graphar/result.h:29:45: note: expanded from macro 'GAR_ASSIGN_OR_RAISE_IMPL'
   29 |   GAR_RETURN_IF_((result_name).has_error(), (result_name).error(), \
      |   ~~~~~~~~~~~~~~~~~~~~~~~~~~~~~~~~~~~~~~~~~~^~~~~~~~~~~~~~~~~~~~~~~~
   30 |                  GAR_STRINGIFY(rexpr));                            \
      |                  ~~~~~~~~~~~~~~~~~~~~~
/Users/yaojun/db/incubator-graphar/cpp/src/graphar/status.h:31:15: note: expanded from macro 'GAR_RETURN_IF_'
   31 |       return (status);                       \
      |               ^~~~~~
/Users/yaojun/db/incubator-graphar/cpp/src/graphar/arrow/chunk_writer.cc:723:3: note: Potential leak of memory pointed to by field 'state_'
  723 |   GAR_ASSIGN_OR_RAISE(auto suffix,
      |   ^
/Users/yaojun/db/incubator-graphar/cpp/src/graphar/result.h:65:3: note: expanded from macro 'GAR_ASSIGN_OR_RAISE'
   65 |   GAR_ASSIGN_OR_RAISE_IMPL(             \
      |   ^
/Users/yaojun/db/incubator-graphar/cpp/src/graphar/result.h:29:3: note: expanded from macro 'GAR_ASSIGN_OR_RAISE_IMPL'
   29 |   GAR_RETURN_IF_((result_name).has_error(), (result_name).error(), \
      |   ^
/Users/yaojun/db/incubator-graphar/cpp/src/graphar/status.h:31:7: note: expanded from macro 'GAR_RETURN_IF_'
   31 |       return (status);                       \
      |       ^
/Users/yaojun/db/incubator-graphar/cpp/src/graphar/arrow/chunk_writer.cc:741:3: warning: Potential leak of memory pointed to by field 'state_' [clang-analyzer-cplusplus.NewDeleteLeaks]
  741 |   GAR_ASSIGN_OR_RAISE(auto suffix, edge_info_->GetAdjListOffsetFilePath(
      |   ^
/Users/yaojun/db/incubator-graphar/cpp/src/graphar/result.h:65:3: note: expanded from macro 'GAR_ASSIGN_OR_RAISE'
   65 |   GAR_ASSIGN_OR_RAISE_IMPL(             \
      |   ^
/Users/yaojun/db/incubator-graphar/cpp/src/graphar/result.h:29:3: note: expanded from macro 'GAR_ASSIGN_OR_RAISE_IMPL'
   29 |   GAR_RETURN_IF_((result_name).has_error(), (result_name).error(), \
      |   ^
/Users/yaojun/db/incubator-graphar/cpp/src/graphar/status.h:31:7: note: expanded from macro 'GAR_RETURN_IF_'
   31 |       return (status);                       \
      |       ^
/Users/yaojun/db/incubator-graphar/cpp/src/graphar/arrow/chunk_writer.cc:933:3: note: Taking false branch
  933 |   GAR_ASSIGN_OR_RAISE(
      |   ^
/Users/yaojun/db/incubator-graphar/cpp/src/graphar/result.h:65:3: note: expanded from macro 'GAR_ASSIGN_OR_RAISE'
   65 |   GAR_ASSIGN_OR_RAISE_IMPL(             \
      |   ^
/Users/yaojun/db/incubator-graphar/cpp/src/graphar/result.h:29:3: note: expanded from macro 'GAR_ASSIGN_OR_RAISE_IMPL'
   29 |   GAR_RETURN_IF_((result_name).has_error(), (result_name).error(), \
      |   ^
/Users/yaojun/db/incubator-graphar/cpp/src/graphar/status.h:30:5: note: expanded from macro 'GAR_RETURN_IF_'
   30 |     if (GAR_PREDICT_FALSE(condition)) {      \
      |     ^
/Users/yaojun/db/incubator-graphar/cpp/src/graphar/arrow/chunk_writer.cc:933:3: note: Loop condition is false.  Exiting loop
  933 |   GAR_ASSIGN_OR_RAISE(
      |   ^
/Users/yaojun/db/incubator-graphar/cpp/src/graphar/result.h:65:3: note: expanded from macro 'GAR_ASSIGN_OR_RAISE'
   65 |   GAR_ASSIGN_OR_RAISE_IMPL(             \
      |   ^
/Users/yaojun/db/incubator-graphar/cpp/src/graphar/result.h:29:3: note: expanded from macro 'GAR_ASSIGN_OR_RAISE_IMPL'
   29 |   GAR_RETURN_IF_((result_name).has_error(), (result_name).error(), \
      |   ^
/Users/yaojun/db/incubator-graphar/cpp/src/graphar/status.h:29:3: note: expanded from macro 'GAR_RETURN_IF_'
   29 |   do {                                       \
      |   ^
/Users/yaojun/db/incubator-graphar/cpp/src/graphar/arrow/chunk_writer.cc:937:7: note: Field 'adj_list_type_' is not equal to ordered_by_source
  937 |   if (adj_list_type_ == AdjListType::ordered_by_source ||
      |       ^
/Users/yaojun/db/incubator-graphar/cpp/src/graphar/arrow/chunk_writer.cc:937:7: note: Left side of '||' is false
/Users/yaojun/db/incubator-graphar/cpp/src/graphar/arrow/chunk_writer.cc:938:7: note: Field 'adj_list_type_' is equal to ordered_by_dest
  938 |       adj_list_type_ == AdjListType::ordered_by_dest) {
      |       ^
/Users/yaojun/db/incubator-graphar/cpp/src/graphar/arrow/chunk_writer.cc:937:3: note: Taking true branch
  937 |   if (adj_list_type_ == AdjListType::ordered_by_source ||
      |   ^
/Users/yaojun/db/incubator-graphar/cpp/src/graphar/arrow/chunk_writer.cc:939:5: note: Taking false branch
  939 |     GAR_ASSIGN_OR_RAISE(
      |     ^
/Users/yaojun/db/incubator-graphar/cpp/src/graphar/result.h:65:3: note: expanded from macro 'GAR_ASSIGN_OR_RAISE'
   65 |   GAR_ASSIGN_OR_RAISE_IMPL(             \
      |   ^
/Users/yaojun/db/incubator-graphar/cpp/src/graphar/result.h:29:3: note: expanded from macro 'GAR_ASSIGN_OR_RAISE_IMPL'
   29 |   GAR_RETURN_IF_((result_name).has_error(), (result_name).error(), \
      |   ^
/Users/yaojun/db/incubator-graphar/cpp/src/graphar/status.h:30:5: note: expanded from macro 'GAR_RETURN_IF_'
   30 |     if (GAR_PREDICT_FALSE(condition)) {      \
      |     ^
/Users/yaojun/db/incubator-graphar/cpp/src/graphar/arrow/chunk_writer.cc:939:5: note: Loop condition is false.  Exiting loop
  939 |     GAR_ASSIGN_OR_RAISE(
      |     ^
/Users/yaojun/db/incubator-graphar/cpp/src/graphar/result.h:65:3: note: expanded from macro 'GAR_ASSIGN_OR_RAISE'
   65 |   GAR_ASSIGN_OR_RAISE_IMPL(             \
      |   ^
/Users/yaojun/db/incubator-graphar/cpp/src/graphar/result.h:29:3: note: expanded from macro 'GAR_ASSIGN_OR_RAISE_IMPL'
   29 |   GAR_RETURN_IF_((result_name).has_error(), (result_name).error(), \
      |   ^
/Users/yaojun/db/incubator-graphar/cpp/src/graphar/status.h:29:3: note: expanded from macro 'GAR_RETURN_IF_'
   29 |   do {                                       \
      |   ^
/Users/yaojun/db/incubator-graphar/cpp/src/graphar/arrow/chunk_writer.cc:944:9: note: Calling 'EdgeChunkWriter::WriteOffsetChunk'
  944 |         WriteOffsetChunk(offset_table, vertex_chunk_index, validate_level));
      |         ^
/Users/yaojun/db/incubator-graphar/cpp/src/graphar/status.h:38:66: note: expanded from macro 'GAR_RETURN_NOT_OK'
   38 |     ::graphar::Status __s = ::graphar::internal::GenericToStatus(status); \
      |                                                                  ^~~~~~
/Users/yaojun/db/incubator-graphar/cpp/src/graphar/arrow/chunk_writer.cc:732:3: note: Taking false branch
  732 |   GAR_RETURN_NOT_OK(validate(input_table, vertex_chunk_index, validate_level));
      |   ^
/Users/yaojun/db/incubator-graphar/cpp/src/graphar/status.h:39:5: note: expanded from macro 'GAR_RETURN_NOT_OK'
   39 |     GAR_RETURN_IF_(!__s.ok(), __s, GAR_STRINGIFY(status));                \
      |     ^
/Users/yaojun/db/incubator-graphar/cpp/src/graphar/status.h:30:5: note: expanded from macro 'GAR_RETURN_IF_'
   30 |     if (GAR_PREDICT_FALSE(condition)) {      \
      |     ^
/Users/yaojun/db/incubator-graphar/cpp/src/graphar/arrow/chunk_writer.cc:732:3: note: Loop condition is false.  Exiting loop
  732 |   GAR_RETURN_NOT_OK(validate(input_table, vertex_chunk_index, validate_level));
      |   ^
/Users/yaojun/db/incubator-graphar/cpp/src/graphar/status.h:39:5: note: expanded from macro 'GAR_RETURN_NOT_OK'
   39 |     GAR_RETURN_IF_(!__s.ok(), __s, GAR_STRINGIFY(status));                \
      |     ^
/Users/yaojun/db/incubator-graphar/cpp/src/graphar/status.h:29:3: note: expanded from macro 'GAR_RETURN_IF_'
   29 |   do {                                       \
      |   ^
/Users/yaojun/db/incubator-graphar/cpp/src/graphar/arrow/chunk_writer.cc:732:3: note: Loop condition is false.  Exiting loop
  732 |   GAR_RETURN_NOT_OK(validate(input_table, vertex_chunk_index, validate_level));
      |   ^
/Users/yaojun/db/incubator-graphar/cpp/src/graphar/status.h:37:3: note: expanded from macro 'GAR_RETURN_NOT_OK'
   37 |   do {                                                                    \
      |   ^
/Users/yaojun/db/incubator-graphar/cpp/src/graphar/arrow/chunk_writer.cc:736:7: note: Assuming the condition is false
  736 |   if (index == -1) {
      |       ^~~~~~~~~~~
/Users/yaojun/db/incubator-graphar/cpp/src/graphar/arrow/chunk_writer.cc:736:3: note: Taking false branch
  736 |   if (index == -1) {
      |   ^
/Users/yaojun/db/incubator-graphar/cpp/src/graphar/arrow/chunk_writer.cc:741:3: note: Taking true branch
  741 |   GAR_ASSIGN_OR_RAISE(auto suffix, edge_info_->GetAdjListOffsetFilePath(
      |   ^
/Users/yaojun/db/incubator-graphar/cpp/src/graphar/result.h:65:3: note: expanded from macro 'GAR_ASSIGN_OR_RAISE'
   65 |   GAR_ASSIGN_OR_RAISE_IMPL(             \
      |   ^
/Users/yaojun/db/incubator-graphar/cpp/src/graphar/result.h:29:3: note: expanded from macro 'GAR_ASSIGN_OR_RAISE_IMPL'
   29 |   GAR_RETURN_IF_((result_name).has_error(), (result_name).error(), \
      |   ^
/Users/yaojun/db/incubator-graphar/cpp/src/graphar/status.h:30:5: note: expanded from macro 'GAR_RETURN_IF_'
   30 |     if (GAR_PREDICT_FALSE(condition)) {      \
      |     ^
/Users/yaojun/db/incubator-graphar/cpp/src/graphar/arrow/chunk_writer.cc:741:3: note: Calling 'result::error'
  741 |   GAR_ASSIGN_OR_RAISE(auto suffix, edge_info_->GetAdjListOffsetFilePath(
      |   ^
/Users/yaojun/db/incubator-graphar/cpp/src/graphar/result.h:65:3: note: expanded from macro 'GAR_ASSIGN_OR_RAISE'
   65 |   GAR_ASSIGN_OR_RAISE_IMPL(             \
      |   ^~~~~~~~~~~~~~~~~~~~~~~~~~~~~~~~~~~~~~~
   66 |       GAR_ASSIGN_OR_RAISE_NAME(_error_or_value, __COUNTER__), lhs, rexpr);
      |       ~~~~~~~~~~~~~~~~~~~~~~~~~~~~~~~~~~~~~~~~~~~~~~~~~~~~~~~~~~~~~~~~~~~
/Users/yaojun/db/incubator-graphar/cpp/src/graphar/result.h:29:45: note: expanded from macro 'GAR_ASSIGN_OR_RAISE_IMPL'
   29 |   GAR_RETURN_IF_((result_name).has_error(), (result_name).error(), \
      |   ~~~~~~~~~~~~~~~~~~~~~~~~~~~~~~~~~~~~~~~~~~^~~~~~~~~~~~~~~~~~~~~~~~
   30 |                  GAR_STRINGIFY(rexpr));                            \
      |                  ~~~~~~~~~~~~~~~~~~~~~
/Users/yaojun/db/incubator-graphar/cpp/src/graphar/status.h:31:15: note: expanded from macro 'GAR_RETURN_IF_'
   31 |       return (status);                       \
      |               ^~~~~~
/Users/yaojun/db/incubator-graphar/cpp/thirdparty/result/result.hpp:4749:28: note: Field 'm_has_value' is false
 4749 |   return m_storage.storage.m_has_value
      |                            ^
/Users/yaojun/db/incubator-graphar/cpp/thirdparty/result/result.hpp:4749:10: note: '?' condition is false
 4749 |   return m_storage.storage.m_has_value
      |          ^
/Users/yaojun/db/incubator-graphar/cpp/thirdparty/result/result.hpp:4751:7: note: Calling copy constructor for 'Status'
 4751 |     : m_storage.storage.m_error;
      |       ^~~~~~~~~~~~~~~~~~~~~~~~~
/Users/yaojun/db/incubator-graphar/cpp/src/graphar/status.h:145:17: note: Assuming the condition is false
  145 |       : state_((s.state_ == nullptr) ? nullptr : new State(*s.state_)) {}
      |                 ^~~~~~~~~~~~~~~~~~~
/Users/yaojun/db/incubator-graphar/cpp/src/graphar/status.h:145:16: note: '?' condition is false
  145 |       : state_((s.state_ == nullptr) ? nullptr : new State(*s.state_)) {}
      |                ^
/Users/yaojun/db/incubator-graphar/cpp/src/graphar/status.h:145:50: note: Memory is allocated
  145 |       : state_((s.state_ == nullptr) ? nullptr : new State(*s.state_)) {}
      |                                                  ^~~~~~~~~~~~~~~~~~~~
/Users/yaojun/db/incubator-graphar/cpp/thirdparty/result/result.hpp:4751:7: note: Returning from copy constructor for 'Status'
 4751 |     : m_storage.storage.m_error;
      |       ^~~~~~~~~~~~~~~~~~~~~~~~~
/Users/yaojun/db/incubator-graphar/cpp/src/graphar/arrow/chunk_writer.cc:741:3: note: Returned allocated memory
  741 |   GAR_ASSIGN_OR_RAISE(auto suffix, edge_info_->GetAdjListOffsetFilePath(
      |   ^
/Users/yaojun/db/incubator-graphar/cpp/src/graphar/result.h:65:3: note: expanded from macro 'GAR_ASSIGN_OR_RAISE'
   65 |   GAR_ASSIGN_OR_RAISE_IMPL(             \
      |   ^~~~~~~~~~~~~~~~~~~~~~~~~~~~~~~~~~~~~~~
   66 |       GAR_ASSIGN_OR_RAISE_NAME(_error_or_value, __COUNTER__), lhs, rexpr);
      |       ~~~~~~~~~~~~~~~~~~~~~~~~~~~~~~~~~~~~~~~~~~~~~~~~~~~~~~~~~~~~~~~~~~~
/Users/yaojun/db/incubator-graphar/cpp/src/graphar/result.h:29:45: note: expanded from macro 'GAR_ASSIGN_OR_RAISE_IMPL'
   29 |   GAR_RETURN_IF_((result_name).has_error(), (result_name).error(), \
      |   ~~~~~~~~~~~~~~~~~~~~~~~~~~~~~~~~~~~~~~~~~~^~~~~~~~~~~~~~~~~~~~~~~~
   30 |                  GAR_STRINGIFY(rexpr));                            \
      |                  ~~~~~~~~~~~~~~~~~~~~~
/Users/yaojun/db/incubator-graphar/cpp/src/graphar/status.h:31:15: note: expanded from macro 'GAR_RETURN_IF_'
   31 |       return (status);                       \
      |               ^~~~~~
/Users/yaojun/db/incubator-graphar/cpp/src/graphar/arrow/chunk_writer.cc:741:3: note: Potential leak of memory pointed to by field 'state_'
  741 |   GAR_ASSIGN_OR_RAISE(auto suffix, edge_info_->GetAdjListOffsetFilePath(
      |   ^
/Users/yaojun/db/incubator-graphar/cpp/src/graphar/result.h:65:3: note: expanded from macro 'GAR_ASSIGN_OR_RAISE'
   65 |   GAR_ASSIGN_OR_RAISE_IMPL(             \
      |   ^
/Users/yaojun/db/incubator-graphar/cpp/src/graphar/result.h:29:3: note: expanded from macro 'GAR_ASSIGN_OR_RAISE_IMPL'
   29 |   GAR_RETURN_IF_((result_name).has_error(), (result_name).error(), \
      |   ^
/Users/yaojun/db/incubator-graphar/cpp/src/graphar/status.h:31:7: note: expanded from macro 'GAR_RETURN_IF_'
   31 |       return (status);                       \
      |       ^
/Users/yaojun/db/incubator-graphar/cpp/src/graphar/arrow/chunk_writer.cc:772:3: warning: Potential leak of memory pointed to by field 'state_' [clang-analyzer-cplusplus.NewDeleteLeaks]
  772 |   GAR_ASSIGN_OR_RAISE(
      |   ^
/Users/yaojun/db/incubator-graphar/cpp/src/graphar/result.h:65:3: note: expanded from macro 'GAR_ASSIGN_OR_RAISE'
   65 |   GAR_ASSIGN_OR_RAISE_IMPL(             \
      |   ^
/Users/yaojun/db/incubator-graphar/cpp/src/graphar/result.h:29:3: note: expanded from macro 'GAR_ASSIGN_OR_RAISE_IMPL'
   29 |   GAR_RETURN_IF_((result_name).has_error(), (result_name).error(), \
      |   ^
/Users/yaojun/db/incubator-graphar/cpp/src/graphar/status.h:31:7: note: expanded from macro 'GAR_RETURN_IF_'
   31 |       return (status);                       \
      |       ^
/Users/yaojun/db/incubator-graphar/cpp/src/graphar/arrow/chunk_writer.cc:892:3: note: Taking false branch
  892 |   GAR_ASSIGN_OR_RAISE(
      |   ^
/Users/yaojun/db/incubator-graphar/cpp/src/graphar/result.h:65:3: note: expanded from macro 'GAR_ASSIGN_OR_RAISE'
   65 |   GAR_ASSIGN_OR_RAISE_IMPL(             \
      |   ^
/Users/yaojun/db/incubator-graphar/cpp/src/graphar/result.h:29:3: note: expanded from macro 'GAR_ASSIGN_OR_RAISE_IMPL'
   29 |   GAR_RETURN_IF_((result_name).has_error(), (result_name).error(), \
      |   ^
/Users/yaojun/db/incubator-graphar/cpp/src/graphar/status.h:30:5: note: expanded from macro 'GAR_RETURN_IF_'
   30 |     if (GAR_PREDICT_FALSE(condition)) {      \
      |     ^
/Users/yaojun/db/incubator-graphar/cpp/src/graphar/arrow/chunk_writer.cc:892:3: note: Loop condition is false.  Exiting loop
  892 |   GAR_ASSIGN_OR_RAISE(
      |   ^
/Users/yaojun/db/incubator-graphar/cpp/src/graphar/result.h:65:3: note: expanded from macro 'GAR_ASSIGN_OR_RAISE'
   65 |   GAR_ASSIGN_OR_RAISE_IMPL(             \
      |   ^
/Users/yaojun/db/incubator-graphar/cpp/src/graphar/result.h:29:3: note: expanded from macro 'GAR_ASSIGN_OR_RAISE_IMPL'
   29 |   GAR_RETURN_IF_((result_name).has_error(), (result_name).error(), \
      |   ^
/Users/yaojun/db/incubator-graphar/cpp/src/graphar/status.h:29:3: note: expanded from macro 'GAR_RETURN_IF_'
   29 |   do {                                       \
      |   ^
/Users/yaojun/db/incubator-graphar/cpp/src/graphar/arrow/chunk_writer.cc:895:7: note: Field 'adj_list_type_' is not equal to ordered_by_source
  895 |   if (adj_list_type_ == AdjListType::ordered_by_source ||
      |       ^
/Users/yaojun/db/incubator-graphar/cpp/src/graphar/arrow/chunk_writer.cc:895:7: note: Left side of '||' is false
/Users/yaojun/db/incubator-graphar/cpp/src/graphar/arrow/chunk_writer.cc:896:7: note: Field 'adj_list_type_' is equal to ordered_by_dest
  896 |       adj_list_type_ == AdjListType::ordered_by_dest) {
      |       ^
/Users/yaojun/db/incubator-graphar/cpp/src/graphar/arrow/chunk_writer.cc:895:3: note: Taking true branch
  895 |   if (adj_list_type_ == AdjListType::ordered_by_source ||
      |   ^
/Users/yaojun/db/incubator-graphar/cpp/src/graphar/arrow/chunk_writer.cc:897:5: note: Taking false branch
  897 |     GAR_ASSIGN_OR_RAISE(
      |     ^
/Users/yaojun/db/incubator-graphar/cpp/src/graphar/result.h:65:3: note: expanded from macro 'GAR_ASSIGN_OR_RAISE'
   65 |   GAR_ASSIGN_OR_RAISE_IMPL(             \
      |   ^
/Users/yaojun/db/incubator-graphar/cpp/src/graphar/result.h:29:3: note: expanded from macro 'GAR_ASSIGN_OR_RAISE_IMPL'
   29 |   GAR_RETURN_IF_((result_name).has_error(), (result_name).error(), \
      |   ^
/Users/yaojun/db/incubator-graphar/cpp/src/graphar/status.h:30:5: note: expanded from macro 'GAR_RETURN_IF_'
   30 |     if (GAR_PREDICT_FALSE(condition)) {      \
      |     ^
/Users/yaojun/db/incubator-graphar/cpp/src/graphar/arrow/chunk_writer.cc:897:5: note: Loop condition is false.  Exiting loop
  897 |     GAR_ASSIGN_OR_RAISE(
      |     ^
/Users/yaojun/db/incubator-graphar/cpp/src/graphar/result.h:65:3: note: expanded from macro 'GAR_ASSIGN_OR_RAISE'
   65 |   GAR_ASSIGN_OR_RAISE_IMPL(             \
      |   ^
/Users/yaojun/db/incubator-graphar/cpp/src/graphar/result.h:29:3: note: expanded from macro 'GAR_ASSIGN_OR_RAISE_IMPL'
   29 |   GAR_RETURN_IF_((result_name).has_error(), (result_name).error(), \
      |   ^
/Users/yaojun/db/incubator-graphar/cpp/src/graphar/status.h:29:3: note: expanded from macro 'GAR_RETURN_IF_'
   29 |   do {                                       \
      |   ^
/Users/yaojun/db/incubator-graphar/cpp/src/graphar/arrow/chunk_writer.cc:901:5: note: Taking false branch
  901 |     GAR_RETURN_NOT_OK(
      |     ^
/Users/yaojun/db/incubator-graphar/cpp/src/graphar/status.h:39:5: note: expanded from macro 'GAR_RETURN_NOT_OK'
   39 |     GAR_RETURN_IF_(!__s.ok(), __s, GAR_STRINGIFY(status));                \
      |     ^
/Users/yaojun/db/incubator-graphar/cpp/src/graphar/status.h:30:5: note: expanded from macro 'GAR_RETURN_IF_'
   30 |     if (GAR_PREDICT_FALSE(condition)) {      \
      |     ^
/Users/yaojun/db/incubator-graphar/cpp/src/graphar/arrow/chunk_writer.cc:901:5: note: Loop condition is false.  Exiting loop
  901 |     GAR_RETURN_NOT_OK(
      |     ^
/Users/yaojun/db/incubator-graphar/cpp/src/graphar/status.h:39:5: note: expanded from macro 'GAR_RETURN_NOT_OK'
   39 |     GAR_RETURN_IF_(!__s.ok(), __s, GAR_STRINGIFY(status));                \
      |     ^
/Users/yaojun/db/incubator-graphar/cpp/src/graphar/status.h:29:3: note: expanded from macro 'GAR_RETURN_IF_'
   29 |   do {                                       \
      |   ^
/Users/yaojun/db/incubator-graphar/cpp/src/graphar/arrow/chunk_writer.cc:901:5: note: Loop condition is false.  Exiting loop
  901 |     GAR_RETURN_NOT_OK(
      |     ^
/Users/yaojun/db/incubator-graphar/cpp/src/graphar/status.h:37:3: note: expanded from macro 'GAR_RETURN_NOT_OK'
   37 |   do {                                                                    \
      |   ^
/Users/yaojun/db/incubator-graphar/cpp/src/graphar/arrow/chunk_writer.cc:904:10: note: Calling 'EdgeChunkWriter::WriteAdjListTable'
  904 |   return WriteAdjListTable(response_table, vertex_chunk_index,
      |          ^~~~~~~~~~~~~~~~~~~~~~~~~~~~~~~~~~~~~~~~~~~~~~~~~~~~~
  905 |                            start_chunk_index, validate_level);
      |                            ~~~~~~~~~~~~~~~~~~~~~~~~~~~~~~~~~~
/Users/yaojun/db/incubator-graphar/cpp/src/graphar/arrow/chunk_writer.cc:835:28: note: Assuming 'offset' is < 'length'
  835 |   for (int64_t offset = 0; offset < length;
      |                            ^~~~~~~~~~~~~~~
/Users/yaojun/db/incubator-graphar/cpp/src/graphar/arrow/chunk_writer.cc:835:3: note: Loop condition is true.  Entering loop body
  835 |   for (int64_t offset = 0; offset < length;
      |   ^
/Users/yaojun/db/incubator-graphar/cpp/src/graphar/arrow/chunk_writer.cc:838:23: note: Calling 'EdgeChunkWriter::WriteAdjListChunk'
  838 |     GAR_RETURN_NOT_OK(WriteAdjListChunk(in_chunk, vertex_chunk_index,
      |                       ^
/Users/yaojun/db/incubator-graphar/cpp/src/graphar/status.h:38:66: note: expanded from macro 'GAR_RETURN_NOT_OK'
   38 |     ::graphar::Status __s = ::graphar::internal::GenericToStatus(status); \
      |                                                                  ^~~~~~
/Users/yaojun/db/incubator-graphar/cpp/src/graphar/arrow/chunk_writer.cc:750:3: note: Taking false branch
  750 |   GAR_RETURN_NOT_OK(
      |   ^
/Users/yaojun/db/incubator-graphar/cpp/src/graphar/status.h:39:5: note: expanded from macro 'GAR_RETURN_NOT_OK'
   39 |     GAR_RETURN_IF_(!__s.ok(), __s, GAR_STRINGIFY(status));                \
      |     ^
/Users/yaojun/db/incubator-graphar/cpp/src/graphar/status.h:30:5: note: expanded from macro 'GAR_RETURN_IF_'
   30 |     if (GAR_PREDICT_FALSE(condition)) {      \
      |     ^
/Users/yaojun/db/incubator-graphar/cpp/src/graphar/arrow/chunk_writer.cc:750:3: note: Loop condition is false.  Exiting loop
  750 |   GAR_RETURN_NOT_OK(
      |   ^
/Users/yaojun/db/incubator-graphar/cpp/src/graphar/status.h:39:5: note: expanded from macro 'GAR_RETURN_NOT_OK'
   39 |     GAR_RETURN_IF_(!__s.ok(), __s, GAR_STRINGIFY(status));                \
      |     ^
/Users/yaojun/db/incubator-graphar/cpp/src/graphar/status.h:29:3: note: expanded from macro 'GAR_RETURN_IF_'
   29 |   do {                                       \
      |   ^
/Users/yaojun/db/incubator-graphar/cpp/src/graphar/arrow/chunk_writer.cc:750:3: note: Loop condition is false.  Exiting loop
  750 |   GAR_RETURN_NOT_OK(
      |   ^
/Users/yaojun/db/incubator-graphar/cpp/src/graphar/status.h:37:3: note: expanded from macro 'GAR_RETURN_NOT_OK'
   37 |   do {                                                                    \
      |   ^
/Users/yaojun/db/incubator-graphar/cpp/src/graphar/arrow/chunk_writer.cc:757:7: note: Assuming the condition is false
  757 |   if (index == -1) {
      |       ^~~~~~~~~~~
/Users/yaojun/db/incubator-graphar/cpp/src/graphar/arrow/chunk_writer.cc:757:3: note: Taking false branch
  757 |   if (index == -1) {
      |   ^
/Users/yaojun/db/incubator-graphar/cpp/src/graphar/arrow/chunk_writer.cc:764:7: note: Assuming the condition is false
  764 |   if (index == -1) {
      |       ^~~~~~~~~~~
/Users/yaojun/db/incubator-graphar/cpp/src/graphar/arrow/chunk_writer.cc:764:3: note: Taking false branch
  764 |   if (index == -1) {
      |   ^
/Users/yaojun/db/incubator-graphar/cpp/src/graphar/arrow/chunk_writer.cc:772:3: note: Taking true branch
  772 |   GAR_ASSIGN_OR_RAISE(
      |   ^
/Users/yaojun/db/incubator-graphar/cpp/src/graphar/result.h:65:3: note: expanded from macro 'GAR_ASSIGN_OR_RAISE'
   65 |   GAR_ASSIGN_OR_RAISE_IMPL(             \
      |   ^
/Users/yaojun/db/incubator-graphar/cpp/src/graphar/result.h:29:3: note: expanded from macro 'GAR_ASSIGN_OR_RAISE_IMPL'
   29 |   GAR_RETURN_IF_((result_name).has_error(), (result_name).error(), \
      |   ^
/Users/yaojun/db/incubator-graphar/cpp/src/graphar/status.h:30:5: note: expanded from macro 'GAR_RETURN_IF_'
   30 |     if (GAR_PREDICT_FALSE(condition)) {      \
      |     ^
/Users/yaojun/db/incubator-graphar/cpp/src/graphar/arrow/chunk_writer.cc:772:3: note: Calling 'result::error'
  772 |   GAR_ASSIGN_OR_RAISE(
      |   ^
/Users/yaojun/db/incubator-graphar/cpp/src/graphar/result.h:65:3: note: expanded from macro 'GAR_ASSIGN_OR_RAISE'
   65 |   GAR_ASSIGN_OR_RAISE_IMPL(             \
      |   ^~~~~~~~~~~~~~~~~~~~~~~~~~~~~~~~~~~~~~~
   66 |       GAR_ASSIGN_OR_RAISE_NAME(_error_or_value, __COUNTER__), lhs, rexpr);
      |       ~~~~~~~~~~~~~~~~~~~~~~~~~~~~~~~~~~~~~~~~~~~~~~~~~~~~~~~~~~~~~~~~~~~
/Users/yaojun/db/incubator-graphar/cpp/src/graphar/result.h:29:45: note: expanded from macro 'GAR_ASSIGN_OR_RAISE_IMPL'
   29 |   GAR_RETURN_IF_((result_name).has_error(), (result_name).error(), \
      |   ~~~~~~~~~~~~~~~~~~~~~~~~~~~~~~~~~~~~~~~~~~^~~~~~~~~~~~~~~~~~~~~~~~
   30 |                  GAR_STRINGIFY(rexpr));                            \
      |                  ~~~~~~~~~~~~~~~~~~~~~
/Users/yaojun/db/incubator-graphar/cpp/src/graphar/status.h:31:15: note: expanded from macro 'GAR_RETURN_IF_'
   31 |       return (status);                       \
      |               ^~~~~~
/Users/yaojun/db/incubator-graphar/cpp/thirdparty/result/result.hpp:4749:28: note: Field 'm_has_value' is false
 4749 |   return m_storage.storage.m_has_value
      |                            ^
/Users/yaojun/db/incubator-graphar/cpp/thirdparty/result/result.hpp:4749:10: note: '?' condition is false
 4749 |   return m_storage.storage.m_has_value
      |          ^
/Users/yaojun/db/incubator-graphar/cpp/thirdparty/result/result.hpp:4751:7: note: Calling copy constructor for 'Status'
 4751 |     : m_storage.storage.m_error;
      |       ^~~~~~~~~~~~~~~~~~~~~~~~~
/Users/yaojun/db/incubator-graphar/cpp/src/graphar/status.h:145:17: note: Assuming the condition is false
  145 |       : state_((s.state_ == nullptr) ? nullptr : new State(*s.state_)) {}
      |                 ^~~~~~~~~~~~~~~~~~~
/Users/yaojun/db/incubator-graphar/cpp/src/graphar/status.h:145:16: note: '?' condition is false
  145 |       : state_((s.state_ == nullptr) ? nullptr : new State(*s.state_)) {}
      |                ^
/Users/yaojun/db/incubator-graphar/cpp/src/graphar/status.h:145:50: note: Memory is allocated
  145 |       : state_((s.state_ == nullptr) ? nullptr : new State(*s.state_)) {}
      |                                                  ^~~~~~~~~~~~~~~~~~~~
/Users/yaojun/db/incubator-graphar/cpp/thirdparty/result/result.hpp:4751:7: note: Returning from copy constructor for 'Status'
 4751 |     : m_storage.storage.m_error;
      |       ^~~~~~~~~~~~~~~~~~~~~~~~~
/Users/yaojun/db/incubator-graphar/cpp/src/graphar/arrow/chunk_writer.cc:772:3: note: Returned allocated memory
  772 |   GAR_ASSIGN_OR_RAISE(
      |   ^
/Users/yaojun/db/incubator-graphar/cpp/src/graphar/result.h:65:3: note: expanded from macro 'GAR_ASSIGN_OR_RAISE'
   65 |   GAR_ASSIGN_OR_RAISE_IMPL(             \
      |   ^~~~~~~~~~~~~~~~~~~~~~~~~~~~~~~~~~~~~~~
   66 |       GAR_ASSIGN_OR_RAISE_NAME(_error_or_value, __COUNTER__), lhs, rexpr);
      |       ~~~~~~~~~~~~~~~~~~~~~~~~~~~~~~~~~~~~~~~~~~~~~~~~~~~~~~~~~~~~~~~~~~~
/Users/yaojun/db/incubator-graphar/cpp/src/graphar/result.h:29:45: note: expanded from macro 'GAR_ASSIGN_OR_RAISE_IMPL'
   29 |   GAR_RETURN_IF_((result_name).has_error(), (result_name).error(), \
      |   ~~~~~~~~~~~~~~~~~~~~~~~~~~~~~~~~~~~~~~~~~~^~~~~~~~~~~~~~~~~~~~~~~~
   30 |                  GAR_STRINGIFY(rexpr));                            \
      |                  ~~~~~~~~~~~~~~~~~~~~~
/Users/yaojun/db/incubator-graphar/cpp/src/graphar/status.h:31:15: note: expanded from macro 'GAR_RETURN_IF_'
   31 |       return (status);                       \
      |               ^~~~~~
/Users/yaojun/db/incubator-graphar/cpp/src/graphar/arrow/chunk_writer.cc:772:3: note: Potential leak of memory pointed to by field 'state_'
  772 |   GAR_ASSIGN_OR_RAISE(
      |   ^
/Users/yaojun/db/incubator-graphar/cpp/src/graphar/result.h:65:3: note: expanded from macro 'GAR_ASSIGN_OR_RAISE'
   65 |   GAR_ASSIGN_OR_RAISE_IMPL(             \
      |   ^
/Users/yaojun/db/incubator-graphar/cpp/src/graphar/result.h:29:3: note: expanded from macro 'GAR_ASSIGN_OR_RAISE_IMPL'
   29 |   GAR_RETURN_IF_((result_name).has_error(), (result_name).error(), \
      |   ^
/Users/yaojun/db/incubator-graphar/cpp/src/graphar/status.h:31:7: note: expanded from macro 'GAR_RETURN_IF_'
   31 |       return (status);                       \
      |       ^
/Users/yaojun/db/incubator-graphar/cpp/src/graphar/arrow/chunk_writer.cc:802:3: warning: Potential leak of memory pointed to by field 'state_' [clang-analyzer-cplusplus.NewDeleteLeaks]
  802 |   GAR_ASSIGN_OR_RAISE(auto suffix, edge_info_->GetPropertyFilePath(
      |   ^
/Users/yaojun/db/incubator-graphar/cpp/src/graphar/result.h:65:3: note: expanded from macro 'GAR_ASSIGN_OR_RAISE'
   65 |   GAR_ASSIGN_OR_RAISE_IMPL(             \
      |   ^
/Users/yaojun/db/incubator-graphar/cpp/src/graphar/result.h:29:3: note: expanded from macro 'GAR_ASSIGN_OR_RAISE_IMPL'
   29 |   GAR_RETURN_IF_((result_name).has_error(), (result_name).error(), \
      |   ^
/Users/yaojun/db/incubator-graphar/cpp/src/graphar/status.h:31:7: note: expanded from macro 'GAR_RETURN_IF_'
   31 |       return (status);                       \
      |       ^
/Users/yaojun/db/incubator-graphar/cpp/src/graphar/arrow/chunk_writer.cc:913:3: note: Taking false branch
  913 |   GAR_ASSIGN_OR_RAISE(
      |   ^
/Users/yaojun/db/incubator-graphar/cpp/src/graphar/result.h:65:3: note: expanded from macro 'GAR_ASSIGN_OR_RAISE'
   65 |   GAR_ASSIGN_OR_RAISE_IMPL(             \
      |   ^
/Users/yaojun/db/incubator-graphar/cpp/src/graphar/result.h:29:3: note: expanded from macro 'GAR_ASSIGN_OR_RAISE_IMPL'
   29 |   GAR_RETURN_IF_((result_name).has_error(), (result_name).error(), \
      |   ^
/Users/yaojun/db/incubator-graphar/cpp/src/graphar/status.h:30:5: note: expanded from macro 'GAR_RETURN_IF_'
   30 |     if (GAR_PREDICT_FALSE(condition)) {      \
      |     ^
/Users/yaojun/db/incubator-graphar/cpp/src/graphar/arrow/chunk_writer.cc:913:3: note: Loop condition is false.  Exiting loop
  913 |   GAR_ASSIGN_OR_RAISE(
      |   ^
/Users/yaojun/db/incubator-graphar/cpp/src/graphar/result.h:65:3: note: expanded from macro 'GAR_ASSIGN_OR_RAISE'
   65 |   GAR_ASSIGN_OR_RAISE_IMPL(             \
      |   ^
/Users/yaojun/db/incubator-graphar/cpp/src/graphar/result.h:29:3: note: expanded from macro 'GAR_ASSIGN_OR_RAISE_IMPL'
   29 |   GAR_RETURN_IF_((result_name).has_error(), (result_name).error(), \
      |   ^
/Users/yaojun/db/incubator-graphar/cpp/src/graphar/status.h:29:3: note: expanded from macro 'GAR_RETURN_IF_'
   29 |   do {                                       \
      |   ^
/Users/yaojun/db/incubator-graphar/cpp/src/graphar/arrow/chunk_writer.cc:916:10: note: Calling 'EdgeChunkWriter::WritePropertyTable'
  916 |   return WritePropertyTable(response_table, property_group, vertex_chunk_index,
      |          ^~~~~~~~~~~~~~~~~~~~~~~~~~~~~~~~~~~~~~~~~~~~~~~~~~~~~~~~~~~~~~~~~~~~~~
  917 |                             start_chunk_index, validate_level);
      |                             ~~~~~~~~~~~~~~~~~~~~~~~~~~~~~~~~~~
/Users/yaojun/db/incubator-graphar/cpp/src/graphar/arrow/chunk_writer.cc:851:28: note: Assuming 'offset' is < 'length'
  851 |   for (int64_t offset = 0; offset < length;
      |                            ^~~~~~~~~~~~~~~
/Users/yaojun/db/incubator-graphar/cpp/src/graphar/arrow/chunk_writer.cc:851:3: note: Loop condition is true.  Entering loop body
  851 |   for (int64_t offset = 0; offset < length;
      |   ^
/Users/yaojun/db/incubator-graphar/cpp/src/graphar/arrow/chunk_writer.cc:854:23: note: Calling 'EdgeChunkWriter::WritePropertyChunk'
  854 |     GAR_RETURN_NOT_OK(WritePropertyChunk(in_chunk, property_group,
      |                       ^
/Users/yaojun/db/incubator-graphar/cpp/src/graphar/status.h:38:66: note: expanded from macro 'GAR_RETURN_NOT_OK'
   38 |     ::graphar::Status __s = ::graphar::internal::GenericToStatus(status); \
      |                                                                  ^~~~~~
/Users/yaojun/db/incubator-graphar/cpp/src/graphar/arrow/chunk_writer.cc:784:3: note: Taking false branch
  784 |   GAR_RETURN_NOT_OK(validate(input_table, property_group, vertex_chunk_index,
      |   ^
/Users/yaojun/db/incubator-graphar/cpp/src/graphar/status.h:39:5: note: expanded from macro 'GAR_RETURN_NOT_OK'
   39 |     GAR_RETURN_IF_(!__s.ok(), __s, GAR_STRINGIFY(status));                \
      |     ^
/Users/yaojun/db/incubator-graphar/cpp/src/graphar/status.h:30:5: note: expanded from macro 'GAR_RETURN_IF_'
   30 |     if (GAR_PREDICT_FALSE(condition)) {      \
      |     ^
/Users/yaojun/db/incubator-graphar/cpp/src/graphar/arrow/chunk_writer.cc:784:3: note: Loop condition is false.  Exiting loop
  784 |   GAR_RETURN_NOT_OK(validate(input_table, property_group, vertex_chunk_index,
      |   ^
/Users/yaojun/db/incubator-graphar/cpp/src/graphar/status.h:39:5: note: expanded from macro 'GAR_RETURN_NOT_OK'
   39 |     GAR_RETURN_IF_(!__s.ok(), __s, GAR_STRINGIFY(status));                \
      |     ^
/Users/yaojun/db/incubator-graphar/cpp/src/graphar/status.h:29:3: note: expanded from macro 'GAR_RETURN_IF_'
   29 |   do {                                       \
      |   ^
/Users/yaojun/db/incubator-graphar/cpp/src/graphar/arrow/chunk_writer.cc:784:3: note: Loop condition is false.  Exiting loop
  784 |   GAR_RETURN_NOT_OK(validate(input_table, property_group, vertex_chunk_index,
      |   ^
/Users/yaojun/db/incubator-graphar/cpp/src/graphar/status.h:37:3: note: expanded from macro 'GAR_RETURN_NOT_OK'
   37 |   do {                                                                    \
      |   ^
/Users/yaojun/db/incubator-graphar/cpp/src/graphar/arrow/chunk_writer.cc:802:3: note: Taking true branch
  802 |   GAR_ASSIGN_OR_RAISE(auto suffix, edge_info_->GetPropertyFilePath(
      |   ^
/Users/yaojun/db/incubator-graphar/cpp/src/graphar/result.h:65:3: note: expanded from macro 'GAR_ASSIGN_OR_RAISE'
   65 |   GAR_ASSIGN_OR_RAISE_IMPL(             \
      |   ^
/Users/yaojun/db/incubator-graphar/cpp/src/graphar/result.h:29:3: note: expanded from macro 'GAR_ASSIGN_OR_RAISE_IMPL'
   29 |   GAR_RETURN_IF_((result_name).has_error(), (result_name).error(), \
      |   ^
/Users/yaojun/db/incubator-graphar/cpp/src/graphar/status.h:30:5: note: expanded from macro 'GAR_RETURN_IF_'
   30 |     if (GAR_PREDICT_FALSE(condition)) {      \
      |     ^
/Users/yaojun/db/incubator-graphar/cpp/src/graphar/arrow/chunk_writer.cc:802:3: note: Calling 'result::error'
  802 |   GAR_ASSIGN_OR_RAISE(auto suffix, edge_info_->GetPropertyFilePath(
      |   ^
/Users/yaojun/db/incubator-graphar/cpp/src/graphar/result.h:65:3: note: expanded from macro 'GAR_ASSIGN_OR_RAISE'
   65 |   GAR_ASSIGN_OR_RAISE_IMPL(             \
      |   ^~~~~~~~~~~~~~~~~~~~~~~~~~~~~~~~~~~~~~~
   66 |       GAR_ASSIGN_OR_RAISE_NAME(_error_or_value, __COUNTER__), lhs, rexpr);
      |       ~~~~~~~~~~~~~~~~~~~~~~~~~~~~~~~~~~~~~~~~~~~~~~~~~~~~~~~~~~~~~~~~~~~
/Users/yaojun/db/incubator-graphar/cpp/src/graphar/result.h:29:45: note: expanded from macro 'GAR_ASSIGN_OR_RAISE_IMPL'
   29 |   GAR_RETURN_IF_((result_name).has_error(), (result_name).error(), \
      |   ~~~~~~~~~~~~~~~~~~~~~~~~~~~~~~~~~~~~~~~~~~^~~~~~~~~~~~~~~~~~~~~~~~
   30 |                  GAR_STRINGIFY(rexpr));                            \
      |                  ~~~~~~~~~~~~~~~~~~~~~
/Users/yaojun/db/incubator-graphar/cpp/src/graphar/status.h:31:15: note: expanded from macro 'GAR_RETURN_IF_'
   31 |       return (status);                       \
      |               ^~~~~~
/Users/yaojun/db/incubator-graphar/cpp/thirdparty/result/result.hpp:4749:28: note: Field 'm_has_value' is false
 4749 |   return m_storage.storage.m_has_value
      |                            ^
/Users/yaojun/db/incubator-graphar/cpp/thirdparty/result/result.hpp:4749:10: note: '?' condition is false
 4749 |   return m_storage.storage.m_has_value
      |          ^
/Users/yaojun/db/incubator-graphar/cpp/thirdparty/result/result.hpp:4751:7: note: Calling copy constructor for 'Status'
 4751 |     : m_storage.storage.m_error;
      |       ^~~~~~~~~~~~~~~~~~~~~~~~~
/Users/yaojun/db/incubator-graphar/cpp/src/graphar/status.h:145:17: note: Assuming the condition is false
  145 |       : state_((s.state_ == nullptr) ? nullptr : new State(*s.state_)) {}
      |                 ^~~~~~~~~~~~~~~~~~~
/Users/yaojun/db/incubator-graphar/cpp/src/graphar/status.h:145:16: note: '?' condition is false
  145 |       : state_((s.state_ == nullptr) ? nullptr : new State(*s.state_)) {}
      |                ^
/Users/yaojun/db/incubator-graphar/cpp/src/graphar/status.h:145:50: note: Memory is allocated
  145 |       : state_((s.state_ == nullptr) ? nullptr : new State(*s.state_)) {}
      |                                                  ^~~~~~~~~~~~~~~~~~~~
/Users/yaojun/db/incubator-graphar/cpp/thirdparty/result/result.hpp:4751:7: note: Returning from copy constructor for 'Status'
 4751 |     : m_storage.storage.m_error;
      |       ^~~~~~~~~~~~~~~~~~~~~~~~~
/Users/yaojun/db/incubator-graphar/cpp/src/graphar/arrow/chunk_writer.cc:802:3: note: Returned allocated memory
  802 |   GAR_ASSIGN_OR_RAISE(auto suffix, edge_info_->GetPropertyFilePath(
      |   ^
/Users/yaojun/db/incubator-graphar/cpp/src/graphar/result.h:65:3: note: expanded from macro 'GAR_ASSIGN_OR_RAISE'
   65 |   GAR_ASSIGN_OR_RAISE_IMPL(             \
      |   ^~~~~~~~~~~~~~~~~~~~~~~~~~~~~~~~~~~~~~~
   66 |       GAR_ASSIGN_OR_RAISE_NAME(_error_or_value, __COUNTER__), lhs, rexpr);
      |       ~~~~~~~~~~~~~~~~~~~~~~~~~~~~~~~~~~~~~~~~~~~~~~~~~~~~~~~~~~~~~~~~~~~
/Users/yaojun/db/incubator-graphar/cpp/src/graphar/result.h:29:45: note: expanded from macro 'GAR_ASSIGN_OR_RAISE_IMPL'
   29 |   GAR_RETURN_IF_((result_name).has_error(), (result_name).error(), \
      |   ~~~~~~~~~~~~~~~~~~~~~~~~~~~~~~~~~~~~~~~~~~^~~~~~~~~~~~~~~~~~~~~~~~
   30 |                  GAR_STRINGIFY(rexpr));                            \
      |                  ~~~~~~~~~~~~~~~~~~~~~
/Users/yaojun/db/incubator-graphar/cpp/src/graphar/status.h:31:15: note: expanded from macro 'GAR_RETURN_IF_'
   31 |       return (status);                       \
      |               ^~~~~~
/Users/yaojun/db/incubator-graphar/cpp/src/graphar/arrow/chunk_writer.cc:802:3: note: Potential leak of memory pointed to by field 'state_'
  802 |   GAR_ASSIGN_OR_RAISE(auto suffix, edge_info_->GetPropertyFilePath(
      |   ^
/Users/yaojun/db/incubator-graphar/cpp/src/graphar/result.h:65:3: note: expanded from macro 'GAR_ASSIGN_OR_RAISE'
   65 |   GAR_ASSIGN_OR_RAISE_IMPL(             \
      |   ^
/Users/yaojun/db/incubator-graphar/cpp/src/graphar/result.h:29:3: note: expanded from macro 'GAR_ASSIGN_OR_RAISE_IMPL'
   29 |   GAR_RETURN_IF_((result_name).has_error(), (result_name).error(), \
      |   ^
/Users/yaojun/db/incubator-graphar/cpp/src/graphar/status.h:31:7: note: expanded from macro 'GAR_RETURN_IF_'
   31 |       return (status);                       \
      |       ^
/Users/yaojun/db/incubator-graphar/cpp/src/graphar/arrow/chunk_writer.cc:892:3: warning: Potential leak of memory pointed to by field 'state_' [clang-analyzer-cplusplus.NewDeleteLeaks]
  892 |   GAR_ASSIGN_OR_RAISE(
      |   ^
/Users/yaojun/db/incubator-graphar/cpp/src/graphar/result.h:65:3: note: expanded from macro 'GAR_ASSIGN_OR_RAISE'
   65 |   GAR_ASSIGN_OR_RAISE_IMPL(             \
      |   ^
/Users/yaojun/db/incubator-graphar/cpp/src/graphar/result.h:29:3: note: expanded from macro 'GAR_ASSIGN_OR_RAISE_IMPL'
   29 |   GAR_RETURN_IF_((result_name).has_error(), (result_name).error(), \
      |   ^
/Users/yaojun/db/incubator-graphar/cpp/src/graphar/status.h:31:7: note: expanded from macro 'GAR_RETURN_IF_'
   31 |       return (status);                       \
      |       ^
/Users/yaojun/db/incubator-graphar/cpp/src/graphar/arrow/chunk_writer.cc:892:3: note: Taking true branch
  892 |   GAR_ASSIGN_OR_RAISE(
      |   ^
/Users/yaojun/db/incubator-graphar/cpp/src/graphar/result.h:65:3: note: expanded from macro 'GAR_ASSIGN_OR_RAISE'
   65 |   GAR_ASSIGN_OR_RAISE_IMPL(             \
      |   ^
/Users/yaojun/db/incubator-graphar/cpp/src/graphar/result.h:29:3: note: expanded from macro 'GAR_ASSIGN_OR_RAISE_IMPL'
   29 |   GAR_RETURN_IF_((result_name).has_error(), (result_name).error(), \
      |   ^
/Users/yaojun/db/incubator-graphar/cpp/src/graphar/status.h:30:5: note: expanded from macro 'GAR_RETURN_IF_'
   30 |     if (GAR_PREDICT_FALSE(condition)) {      \
      |     ^
/Users/yaojun/db/incubator-graphar/cpp/src/graphar/arrow/chunk_writer.cc:892:3: note: Calling 'result::error'
  892 |   GAR_ASSIGN_OR_RAISE(
      |   ^
/Users/yaojun/db/incubator-graphar/cpp/src/graphar/result.h:65:3: note: expanded from macro 'GAR_ASSIGN_OR_RAISE'
   65 |   GAR_ASSIGN_OR_RAISE_IMPL(             \
      |   ^~~~~~~~~~~~~~~~~~~~~~~~~~~~~~~~~~~~~~~
   66 |       GAR_ASSIGN_OR_RAISE_NAME(_error_or_value, __COUNTER__), lhs, rexpr);
      |       ~~~~~~~~~~~~~~~~~~~~~~~~~~~~~~~~~~~~~~~~~~~~~~~~~~~~~~~~~~~~~~~~~~~
/Users/yaojun/db/incubator-graphar/cpp/src/graphar/result.h:29:45: note: expanded from macro 'GAR_ASSIGN_OR_RAISE_IMPL'
   29 |   GAR_RETURN_IF_((result_name).has_error(), (result_name).error(), \
      |   ~~~~~~~~~~~~~~~~~~~~~~~~~~~~~~~~~~~~~~~~~~^~~~~~~~~~~~~~~~~~~~~~~~
   30 |                  GAR_STRINGIFY(rexpr));                            \
      |                  ~~~~~~~~~~~~~~~~~~~~~
/Users/yaojun/db/incubator-graphar/cpp/src/graphar/status.h:31:15: note: expanded from macro 'GAR_RETURN_IF_'
   31 |       return (status);                       \
      |               ^~~~~~
/Users/yaojun/db/incubator-graphar/cpp/thirdparty/result/result.hpp:4749:28: note: Field 'm_has_value' is false
 4749 |   return m_storage.storage.m_has_value
      |                            ^
/Users/yaojun/db/incubator-graphar/cpp/thirdparty/result/result.hpp:4749:10: note: '?' condition is false
 4749 |   return m_storage.storage.m_has_value
      |          ^
/Users/yaojun/db/incubator-graphar/cpp/thirdparty/result/result.hpp:4751:7: note: Calling copy constructor for 'Status'
 4751 |     : m_storage.storage.m_error;
      |       ^~~~~~~~~~~~~~~~~~~~~~~~~
/Users/yaojun/db/incubator-graphar/cpp/src/graphar/status.h:145:16: note: '?' condition is false
  145 |       : state_((s.state_ == nullptr) ? nullptr : new State(*s.state_)) {}
      |                ^
/Users/yaojun/db/incubator-graphar/cpp/src/graphar/status.h:145:50: note: Memory is allocated
  145 |       : state_((s.state_ == nullptr) ? nullptr : new State(*s.state_)) {}
      |                                                  ^~~~~~~~~~~~~~~~~~~~
/Users/yaojun/db/incubator-graphar/cpp/thirdparty/result/result.hpp:4751:7: note: Returning from copy constructor for 'Status'
 4751 |     : m_storage.storage.m_error;
      |       ^~~~~~~~~~~~~~~~~~~~~~~~~
/Users/yaojun/db/incubator-graphar/cpp/src/graphar/arrow/chunk_writer.cc:892:3: note: Returned allocated memory
  892 |   GAR_ASSIGN_OR_RAISE(
      |   ^
/Users/yaojun/db/incubator-graphar/cpp/src/graphar/result.h:65:3: note: expanded from macro 'GAR_ASSIGN_OR_RAISE'
   65 |   GAR_ASSIGN_OR_RAISE_IMPL(             \
      |   ^~~~~~~~~~~~~~~~~~~~~~~~~~~~~~~~~~~~~~~
   66 |       GAR_ASSIGN_OR_RAISE_NAME(_error_or_value, __COUNTER__), lhs, rexpr);
      |       ~~~~~~~~~~~~~~~~~~~~~~~~~~~~~~~~~~~~~~~~~~~~~~~~~~~~~~~~~~~~~~~~~~~
/Users/yaojun/db/incubator-graphar/cpp/src/graphar/result.h:29:45: note: expanded from macro 'GAR_ASSIGN_OR_RAISE_IMPL'
   29 |   GAR_RETURN_IF_((result_name).has_error(), (result_name).error(), \
      |   ~~~~~~~~~~~~~~~~~~~~~~~~~~~~~~~~~~~~~~~~~~^~~~~~~~~~~~~~~~~~~~~~~~
   30 |                  GAR_STRINGIFY(rexpr));                            \
      |                  ~~~~~~~~~~~~~~~~~~~~~
/Users/yaojun/db/incubator-graphar/cpp/src/graphar/status.h:31:15: note: expanded from macro 'GAR_RETURN_IF_'
   31 |       return (status);                       \
      |               ^~~~~~
/Users/yaojun/db/incubator-graphar/cpp/src/graphar/arrow/chunk_writer.cc:892:3: note: Potential leak of memory pointed to by field 'state_'
  892 |   GAR_ASSIGN_OR_RAISE(
      |   ^
/Users/yaojun/db/incubator-graphar/cpp/src/graphar/result.h:65:3: note: expanded from macro 'GAR_ASSIGN_OR_RAISE'
   65 |   GAR_ASSIGN_OR_RAISE_IMPL(             \
      |   ^
/Users/yaojun/db/incubator-graphar/cpp/src/graphar/result.h:29:3: note: expanded from macro 'GAR_ASSIGN_OR_RAISE_IMPL'
   29 |   GAR_RETURN_IF_((result_name).has_error(), (result_name).error(), \
      |   ^
/Users/yaojun/db/incubator-graphar/cpp/src/graphar/status.h:31:7: note: expanded from macro 'GAR_RETURN_IF_'
   31 |       return (status);                       \
      |       ^
/Users/yaojun/db/incubator-graphar/cpp/src/graphar/arrow/chunk_writer.cc:897:5: warning: Potential leak of memory pointed to by field 'state_' [clang-analyzer-cplusplus.NewDeleteLeaks]
  897 |     GAR_ASSIGN_OR_RAISE(
      |     ^
/Users/yaojun/db/incubator-graphar/cpp/src/graphar/result.h:65:3: note: expanded from macro 'GAR_ASSIGN_OR_RAISE'
   65 |   GAR_ASSIGN_OR_RAISE_IMPL(             \
      |   ^
/Users/yaojun/db/incubator-graphar/cpp/src/graphar/result.h:29:3: note: expanded from macro 'GAR_ASSIGN_OR_RAISE_IMPL'
   29 |   GAR_RETURN_IF_((result_name).has_error(), (result_name).error(), \
      |   ^
/Users/yaojun/db/incubator-graphar/cpp/src/graphar/status.h:31:7: note: expanded from macro 'GAR_RETURN_IF_'
   31 |       return (status);                       \
      |       ^
/Users/yaojun/db/incubator-graphar/cpp/src/graphar/arrow/chunk_writer.cc:892:3: note: Taking false branch
  892 |   GAR_ASSIGN_OR_RAISE(
      |   ^
/Users/yaojun/db/incubator-graphar/cpp/src/graphar/result.h:65:3: note: expanded from macro 'GAR_ASSIGN_OR_RAISE'
   65 |   GAR_ASSIGN_OR_RAISE_IMPL(             \
      |   ^
/Users/yaojun/db/incubator-graphar/cpp/src/graphar/result.h:29:3: note: expanded from macro 'GAR_ASSIGN_OR_RAISE_IMPL'
   29 |   GAR_RETURN_IF_((result_name).has_error(), (result_name).error(), \
      |   ^
/Users/yaojun/db/incubator-graphar/cpp/src/graphar/status.h:30:5: note: expanded from macro 'GAR_RETURN_IF_'
   30 |     if (GAR_PREDICT_FALSE(condition)) {      \
      |     ^
/Users/yaojun/db/incubator-graphar/cpp/src/graphar/arrow/chunk_writer.cc:892:3: note: Loop condition is false.  Exiting loop
  892 |   GAR_ASSIGN_OR_RAISE(
      |   ^
/Users/yaojun/db/incubator-graphar/cpp/src/graphar/result.h:65:3: note: expanded from macro 'GAR_ASSIGN_OR_RAISE'
   65 |   GAR_ASSIGN_OR_RAISE_IMPL(             \
      |   ^
/Users/yaojun/db/incubator-graphar/cpp/src/graphar/result.h:29:3: note: expanded from macro 'GAR_ASSIGN_OR_RAISE_IMPL'
   29 |   GAR_RETURN_IF_((result_name).has_error(), (result_name).error(), \
      |   ^
/Users/yaojun/db/incubator-graphar/cpp/src/graphar/status.h:29:3: note: expanded from macro 'GAR_RETURN_IF_'
   29 |   do {                                       \
      |   ^
/Users/yaojun/db/incubator-graphar/cpp/src/graphar/arrow/chunk_writer.cc:895:7: note: Field 'adj_list_type_' is not equal to ordered_by_source
  895 |   if (adj_list_type_ == AdjListType::ordered_by_source ||
      |       ^
/Users/yaojun/db/incubator-graphar/cpp/src/graphar/arrow/chunk_writer.cc:895:7: note: Left side of '||' is false
/Users/yaojun/db/incubator-graphar/cpp/src/graphar/arrow/chunk_writer.cc:896:7: note: Field 'adj_list_type_' is equal to ordered_by_dest
  896 |       adj_list_type_ == AdjListType::ordered_by_dest) {
      |       ^
/Users/yaojun/db/incubator-graphar/cpp/src/graphar/arrow/chunk_writer.cc:895:3: note: Taking true branch
  895 |   if (adj_list_type_ == AdjListType::ordered_by_source ||
      |   ^
/Users/yaojun/db/incubator-graphar/cpp/src/graphar/arrow/chunk_writer.cc:897:5: note: Taking true branch
  897 |     GAR_ASSIGN_OR_RAISE(
      |     ^
/Users/yaojun/db/incubator-graphar/cpp/src/graphar/result.h:65:3: note: expanded from macro 'GAR_ASSIGN_OR_RAISE'
   65 |   GAR_ASSIGN_OR_RAISE_IMPL(             \
      |   ^
/Users/yaojun/db/incubator-graphar/cpp/src/graphar/result.h:29:3: note: expanded from macro 'GAR_ASSIGN_OR_RAISE_IMPL'
   29 |   GAR_RETURN_IF_((result_name).has_error(), (result_name).error(), \
      |   ^
/Users/yaojun/db/incubator-graphar/cpp/src/graphar/status.h:30:5: note: expanded from macro 'GAR_RETURN_IF_'
   30 |     if (GAR_PREDICT_FALSE(condition)) {      \
      |     ^
/Users/yaojun/db/incubator-graphar/cpp/src/graphar/arrow/chunk_writer.cc:897:5: note: Calling 'result::error'
  897 |     GAR_ASSIGN_OR_RAISE(
      |     ^
/Users/yaojun/db/incubator-graphar/cpp/src/graphar/result.h:65:3: note: expanded from macro 'GAR_ASSIGN_OR_RAISE'
   65 |   GAR_ASSIGN_OR_RAISE_IMPL(             \
      |   ^~~~~~~~~~~~~~~~~~~~~~~~~~~~~~~~~~~~~~~
   66 |       GAR_ASSIGN_OR_RAISE_NAME(_error_or_value, __COUNTER__), lhs, rexpr);
      |       ~~~~~~~~~~~~~~~~~~~~~~~~~~~~~~~~~~~~~~~~~~~~~~~~~~~~~~~~~~~~~~~~~~~
/Users/yaojun/db/incubator-graphar/cpp/src/graphar/result.h:29:45: note: expanded from macro 'GAR_ASSIGN_OR_RAISE_IMPL'
   29 |   GAR_RETURN_IF_((result_name).has_error(), (result_name).error(), \
      |   ~~~~~~~~~~~~~~~~~~~~~~~~~~~~~~~~~~~~~~~~~~^~~~~~~~~~~~~~~~~~~~~~~~
   30 |                  GAR_STRINGIFY(rexpr));                            \
      |                  ~~~~~~~~~~~~~~~~~~~~~
/Users/yaojun/db/incubator-graphar/cpp/src/graphar/status.h:31:15: note: expanded from macro 'GAR_RETURN_IF_'
   31 |       return (status);                       \
      |               ^~~~~~
/Users/yaojun/db/incubator-graphar/cpp/thirdparty/result/result.hpp:4749:28: note: Field 'm_has_value' is false
 4749 |   return m_storage.storage.m_has_value
      |                            ^
/Users/yaojun/db/incubator-graphar/cpp/thirdparty/result/result.hpp:4749:10: note: '?' condition is false
 4749 |   return m_storage.storage.m_has_value
      |          ^
/Users/yaojun/db/incubator-graphar/cpp/thirdparty/result/result.hpp:4751:7: note: Calling copy constructor for 'Status'
 4751 |     : m_storage.storage.m_error;
      |       ^~~~~~~~~~~~~~~~~~~~~~~~~
/Users/yaojun/db/incubator-graphar/cpp/src/graphar/status.h:145:16: note: '?' condition is false
  145 |       : state_((s.state_ == nullptr) ? nullptr : new State(*s.state_)) {}
      |                ^
/Users/yaojun/db/incubator-graphar/cpp/src/graphar/status.h:145:50: note: Memory is allocated
  145 |       : state_((s.state_ == nullptr) ? nullptr : new State(*s.state_)) {}
      |                                                  ^~~~~~~~~~~~~~~~~~~~
/Users/yaojun/db/incubator-graphar/cpp/thirdparty/result/result.hpp:4751:7: note: Returning from copy constructor for 'Status'
 4751 |     : m_storage.storage.m_error;
      |       ^~~~~~~~~~~~~~~~~~~~~~~~~
/Users/yaojun/db/incubator-graphar/cpp/src/graphar/arrow/chunk_writer.cc:897:5: note: Returned allocated memory
  897 |     GAR_ASSIGN_OR_RAISE(
      |     ^
/Users/yaojun/db/incubator-graphar/cpp/src/graphar/result.h:65:3: note: expanded from macro 'GAR_ASSIGN_OR_RAISE'
   65 |   GAR_ASSIGN_OR_RAISE_IMPL(             \
      |   ^~~~~~~~~~~~~~~~~~~~~~~~~~~~~~~~~~~~~~~
   66 |       GAR_ASSIGN_OR_RAISE_NAME(_error_or_value, __COUNTER__), lhs, rexpr);
      |       ~~~~~~~~~~~~~~~~~~~~~~~~~~~~~~~~~~~~~~~~~~~~~~~~~~~~~~~~~~~~~~~~~~~
/Users/yaojun/db/incubator-graphar/cpp/src/graphar/result.h:29:45: note: expanded from macro 'GAR_ASSIGN_OR_RAISE_IMPL'
   29 |   GAR_RETURN_IF_((result_name).has_error(), (result_name).error(), \
      |   ~~~~~~~~~~~~~~~~~~~~~~~~~~~~~~~~~~~~~~~~~~^~~~~~~~~~~~~~~~~~~~~~~~
   30 |                  GAR_STRINGIFY(rexpr));                            \
      |                  ~~~~~~~~~~~~~~~~~~~~~
/Users/yaojun/db/incubator-graphar/cpp/src/graphar/status.h:31:15: note: expanded from macro 'GAR_RETURN_IF_'
   31 |       return (status);                       \
      |               ^~~~~~
/Users/yaojun/db/incubator-graphar/cpp/src/graphar/arrow/chunk_writer.cc:897:5: note: Potential leak of memory pointed to by field 'state_'
  897 |     GAR_ASSIGN_OR_RAISE(
      |     ^
/Users/yaojun/db/incubator-graphar/cpp/src/graphar/result.h:65:3: note: expanded from macro 'GAR_ASSIGN_OR_RAISE'
   65 |   GAR_ASSIGN_OR_RAISE_IMPL(             \
      |   ^
/Users/yaojun/db/incubator-graphar/cpp/src/graphar/result.h:29:3: note: expanded from macro 'GAR_ASSIGN_OR_RAISE_IMPL'
   29 |   GAR_RETURN_IF_((result_name).has_error(), (result_name).error(), \
      |   ^
/Users/yaojun/db/incubator-graphar/cpp/src/graphar/status.h:31:7: note: expanded from macro 'GAR_RETURN_IF_'
   31 |       return (status);                       \
      |       ^
/Users/yaojun/db/incubator-graphar/cpp/src/graphar/arrow/chunk_writer.cc:913:3: warning: Potential leak of memory pointed to by field 'state_' [clang-analyzer-cplusplus.NewDeleteLeaks]
  913 |   GAR_ASSIGN_OR_RAISE(
      |   ^
/Users/yaojun/db/incubator-graphar/cpp/src/graphar/result.h:65:3: note: expanded from macro 'GAR_ASSIGN_OR_RAISE'
   65 |   GAR_ASSIGN_OR_RAISE_IMPL(             \
      |   ^
/Users/yaojun/db/incubator-graphar/cpp/src/graphar/result.h:29:3: note: expanded from macro 'GAR_ASSIGN_OR_RAISE_IMPL'
   29 |   GAR_RETURN_IF_((result_name).has_error(), (result_name).error(), \
      |   ^
/Users/yaojun/db/incubator-graphar/cpp/src/graphar/status.h:31:7: note: expanded from macro 'GAR_RETURN_IF_'
   31 |       return (status);                       \
      |       ^
/Users/yaojun/db/incubator-graphar/cpp/src/graphar/arrow/chunk_writer.cc:913:3: note: Taking true branch
  913 |   GAR_ASSIGN_OR_RAISE(
      |   ^
/Users/yaojun/db/incubator-graphar/cpp/src/graphar/result.h:65:3: note: expanded from macro 'GAR_ASSIGN_OR_RAISE'
   65 |   GAR_ASSIGN_OR_RAISE_IMPL(             \
      |   ^
/Users/yaojun/db/incubator-graphar/cpp/src/graphar/result.h:29:3: note: expanded from macro 'GAR_ASSIGN_OR_RAISE_IMPL'
   29 |   GAR_RETURN_IF_((result_name).has_error(), (result_name).error(), \
      |   ^
/Users/yaojun/db/incubator-graphar/cpp/src/graphar/status.h:30:5: note: expanded from macro 'GAR_RETURN_IF_'
   30 |     if (GAR_PREDICT_FALSE(condition)) {      \
      |     ^
/Users/yaojun/db/incubator-graphar/cpp/src/graphar/arrow/chunk_writer.cc:913:3: note: Calling 'result::error'
  913 |   GAR_ASSIGN_OR_RAISE(
      |   ^
/Users/yaojun/db/incubator-graphar/cpp/src/graphar/result.h:65:3: note: expanded from macro 'GAR_ASSIGN_OR_RAISE'
   65 |   GAR_ASSIGN_OR_RAISE_IMPL(             \
      |   ^~~~~~~~~~~~~~~~~~~~~~~~~~~~~~~~~~~~~~~
   66 |       GAR_ASSIGN_OR_RAISE_NAME(_error_or_value, __COUNTER__), lhs, rexpr);
      |       ~~~~~~~~~~~~~~~~~~~~~~~~~~~~~~~~~~~~~~~~~~~~~~~~~~~~~~~~~~~~~~~~~~~
/Users/yaojun/db/incubator-graphar/cpp/src/graphar/result.h:29:45: note: expanded from macro 'GAR_ASSIGN_OR_RAISE_IMPL'
   29 |   GAR_RETURN_IF_((result_name).has_error(), (result_name).error(), \
      |   ~~~~~~~~~~~~~~~~~~~~~~~~~~~~~~~~~~~~~~~~~~^~~~~~~~~~~~~~~~~~~~~~~~
   30 |                  GAR_STRINGIFY(rexpr));                            \
      |                  ~~~~~~~~~~~~~~~~~~~~~
/Users/yaojun/db/incubator-graphar/cpp/src/graphar/status.h:31:15: note: expanded from macro 'GAR_RETURN_IF_'
   31 |       return (status);                       \
      |               ^~~~~~
/Users/yaojun/db/incubator-graphar/cpp/thirdparty/result/result.hpp:4749:28: note: Field 'm_has_value' is false
 4749 |   return m_storage.storage.m_has_value
      |                            ^
/Users/yaojun/db/incubator-graphar/cpp/thirdparty/result/result.hpp:4749:10: note: '?' condition is false
 4749 |   return m_storage.storage.m_has_value
      |          ^
/Users/yaojun/db/incubator-graphar/cpp/thirdparty/result/result.hpp:4751:7: note: Calling copy constructor for 'Status'
 4751 |     : m_storage.storage.m_error;
      |       ^~~~~~~~~~~~~~~~~~~~~~~~~
/Users/yaojun/db/incubator-graphar/cpp/src/graphar/status.h:145:16: note: '?' condition is false
  145 |       : state_((s.state_ == nullptr) ? nullptr : new State(*s.state_)) {}
      |                ^
/Users/yaojun/db/incubator-graphar/cpp/src/graphar/status.h:145:50: note: Memory is allocated
  145 |       : state_((s.state_ == nullptr) ? nullptr : new State(*s.state_)) {}
      |                                                  ^~~~~~~~~~~~~~~~~~~~
/Users/yaojun/db/incubator-graphar/cpp/thirdparty/result/result.hpp:4751:7: note: Returning from copy constructor for 'Status'
 4751 |     : m_storage.storage.m_error;
      |       ^~~~~~~~~~~~~~~~~~~~~~~~~
/Users/yaojun/db/incubator-graphar/cpp/src/graphar/arrow/chunk_writer.cc:913:3: note: Returned allocated memory
  913 |   GAR_ASSIGN_OR_RAISE(
      |   ^
/Users/yaojun/db/incubator-graphar/cpp/src/graphar/result.h:65:3: note: expanded from macro 'GAR_ASSIGN_OR_RAISE'
   65 |   GAR_ASSIGN_OR_RAISE_IMPL(             \
      |   ^~~~~~~~~~~~~~~~~~~~~~~~~~~~~~~~~~~~~~~
   66 |       GAR_ASSIGN_OR_RAISE_NAME(_error_or_value, __COUNTER__), lhs, rexpr);
      |       ~~~~~~~~~~~~~~~~~~~~~~~~~~~~~~~~~~~~~~~~~~~~~~~~~~~~~~~~~~~~~~~~~~~
/Users/yaojun/db/incubator-graphar/cpp/src/graphar/result.h:29:45: note: expanded from macro 'GAR_ASSIGN_OR_RAISE_IMPL'
   29 |   GAR_RETURN_IF_((result_name).has_error(), (result_name).error(), \
      |   ~~~~~~~~~~~~~~~~~~~~~~~~~~~~~~~~~~~~~~~~~~^~~~~~~~~~~~~~~~~~~~~~~~
   30 |                  GAR_STRINGIFY(rexpr));                            \
      |                  ~~~~~~~~~~~~~~~~~~~~~
/Users/yaojun/db/incubator-graphar/cpp/src/graphar/status.h:31:15: note: expanded from macro 'GAR_RETURN_IF_'
   31 |       return (status);                       \
      |               ^~~~~~
/Users/yaojun/db/incubator-graphar/cpp/src/graphar/arrow/chunk_writer.cc:913:3: note: Potential leak of memory pointed to by field 'state_'
  913 |   GAR_ASSIGN_OR_RAISE(
      |   ^
/Users/yaojun/db/incubator-graphar/cpp/src/graphar/result.h:65:3: note: expanded from macro 'GAR_ASSIGN_OR_RAISE'
   65 |   GAR_ASSIGN_OR_RAISE_IMPL(             \
      |   ^
/Users/yaojun/db/incubator-graphar/cpp/src/graphar/result.h:29:3: note: expanded from macro 'GAR_ASSIGN_OR_RAISE_IMPL'
   29 |   GAR_RETURN_IF_((result_name).has_error(), (result_name).error(), \
      |   ^
/Users/yaojun/db/incubator-graphar/cpp/src/graphar/status.h:31:7: note: expanded from macro 'GAR_RETURN_IF_'
   31 |       return (status);                       \
      |       ^
/Users/yaojun/db/incubator-graphar/cpp/src/graphar/arrow/chunk_writer.cc:923:3: warning: Potential leak of memory pointed to by field 'state_' [clang-analyzer-cplusplus.NewDeleteLeaks]
  923 |   GAR_ASSIGN_OR_RAISE(
      |   ^
/Users/yaojun/db/incubator-graphar/cpp/src/graphar/result.h:65:3: note: expanded from macro 'GAR_ASSIGN_OR_RAISE'
   65 |   GAR_ASSIGN_OR_RAISE_IMPL(             \
      |   ^
/Users/yaojun/db/incubator-graphar/cpp/src/graphar/result.h:29:3: note: expanded from macro 'GAR_ASSIGN_OR_RAISE_IMPL'
   29 |   GAR_RETURN_IF_((result_name).has_error(), (result_name).error(), \
      |   ^
/Users/yaojun/db/incubator-graphar/cpp/src/graphar/status.h:31:7: note: expanded from macro 'GAR_RETURN_IF_'
   31 |       return (status);                       \
      |       ^
/Users/yaojun/db/incubator-graphar/cpp/src/graphar/arrow/chunk_writer.cc:923:3: note: Taking true branch
  923 |   GAR_ASSIGN_OR_RAISE(
      |   ^
/Users/yaojun/db/incubator-graphar/cpp/src/graphar/result.h:65:3: note: expanded from macro 'GAR_ASSIGN_OR_RAISE'
   65 |   GAR_ASSIGN_OR_RAISE_IMPL(             \
      |   ^
/Users/yaojun/db/incubator-graphar/cpp/src/graphar/result.h:29:3: note: expanded from macro 'GAR_ASSIGN_OR_RAISE_IMPL'
   29 |   GAR_RETURN_IF_((result_name).has_error(), (result_name).error(), \
      |   ^
/Users/yaojun/db/incubator-graphar/cpp/src/graphar/status.h:30:5: note: expanded from macro 'GAR_RETURN_IF_'
   30 |     if (GAR_PREDICT_FALSE(condition)) {      \
      |     ^
/Users/yaojun/db/incubator-graphar/cpp/src/graphar/arrow/chunk_writer.cc:923:3: note: Calling 'result::error'
  923 |   GAR_ASSIGN_OR_RAISE(
      |   ^
/Users/yaojun/db/incubator-graphar/cpp/src/graphar/result.h:65:3: note: expanded from macro 'GAR_ASSIGN_OR_RAISE'
   65 |   GAR_ASSIGN_OR_RAISE_IMPL(             \
      |   ^~~~~~~~~~~~~~~~~~~~~~~~~~~~~~~~~~~~~~~
   66 |       GAR_ASSIGN_OR_RAISE_NAME(_error_or_value, __COUNTER__), lhs, rexpr);
      |       ~~~~~~~~~~~~~~~~~~~~~~~~~~~~~~~~~~~~~~~~~~~~~~~~~~~~~~~~~~~~~~~~~~~
/Users/yaojun/db/incubator-graphar/cpp/src/graphar/result.h:29:45: note: expanded from macro 'GAR_ASSIGN_OR_RAISE_IMPL'
   29 |   GAR_RETURN_IF_((result_name).has_error(), (result_name).error(), \
      |   ~~~~~~~~~~~~~~~~~~~~~~~~~~~~~~~~~~~~~~~~~~^~~~~~~~~~~~~~~~~~~~~~~~
   30 |                  GAR_STRINGIFY(rexpr));                            \
      |                  ~~~~~~~~~~~~~~~~~~~~~
/Users/yaojun/db/incubator-graphar/cpp/src/graphar/status.h:31:15: note: expanded from macro 'GAR_RETURN_IF_'
   31 |       return (status);                       \
      |               ^~~~~~
/Users/yaojun/db/incubator-graphar/cpp/thirdparty/result/result.hpp:4749:28: note: Field 'm_has_value' is false
 4749 |   return m_storage.storage.m_has_value
      |                            ^
/Users/yaojun/db/incubator-graphar/cpp/thirdparty/result/result.hpp:4749:10: note: '?' condition is false
 4749 |   return m_storage.storage.m_has_value
      |          ^
/Users/yaojun/db/incubator-graphar/cpp/thirdparty/result/result.hpp:4751:7: note: Calling copy constructor for 'Status'
 4751 |     : m_storage.storage.m_error;
      |       ^~~~~~~~~~~~~~~~~~~~~~~~~
/Users/yaojun/db/incubator-graphar/cpp/src/graphar/status.h:145:16: note: '?' condition is false
  145 |       : state_((s.state_ == nullptr) ? nullptr : new State(*s.state_)) {}
      |                ^
/Users/yaojun/db/incubator-graphar/cpp/src/graphar/status.h:145:50: note: Memory is allocated
  145 |       : state_((s.state_ == nullptr) ? nullptr : new State(*s.state_)) {}
      |                                                  ^~~~~~~~~~~~~~~~~~~~
/Users/yaojun/db/incubator-graphar/cpp/thirdparty/result/result.hpp:4751:7: note: Returning from copy constructor for 'Status'
 4751 |     : m_storage.storage.m_error;
      |       ^~~~~~~~~~~~~~~~~~~~~~~~~
/Users/yaojun/db/incubator-graphar/cpp/src/graphar/arrow/chunk_writer.cc:923:3: note: Returned allocated memory
  923 |   GAR_ASSIGN_OR_RAISE(
      |   ^
/Users/yaojun/db/incubator-graphar/cpp/src/graphar/result.h:65:3: note: expanded from macro 'GAR_ASSIGN_OR_RAISE'
   65 |   GAR_ASSIGN_OR_RAISE_IMPL(             \
      |   ^~~~~~~~~~~~~~~~~~~~~~~~~~~~~~~~~~~~~~~
   66 |       GAR_ASSIGN_OR_RAISE_NAME(_error_or_value, __COUNTER__), lhs, rexpr);
      |       ~~~~~~~~~~~~~~~~~~~~~~~~~~~~~~~~~~~~~~~~~~~~~~~~~~~~~~~~~~~~~~~~~~~
/Users/yaojun/db/incubator-graphar/cpp/src/graphar/result.h:29:45: note: expanded from macro 'GAR_ASSIGN_OR_RAISE_IMPL'
   29 |   GAR_RETURN_IF_((result_name).has_error(), (result_name).error(), \
      |   ~~~~~~~~~~~~~~~~~~~~~~~~~~~~~~~~~~~~~~~~~~^~~~~~~~~~~~~~~~~~~~~~~~
   30 |                  GAR_STRINGIFY(rexpr));                            \
      |                  ~~~~~~~~~~~~~~~~~~~~~
/Users/yaojun/db/incubator-graphar/cpp/src/graphar/status.h:31:15: note: expanded from macro 'GAR_RETURN_IF_'
   31 |       return (status);                       \
      |               ^~~~~~
/Users/yaojun/db/incubator-graphar/cpp/src/graphar/arrow/chunk_writer.cc:923:3: note: Potential leak of memory pointed to by field 'state_'
  923 |   GAR_ASSIGN_OR_RAISE(
      |   ^
/Users/yaojun/db/incubator-graphar/cpp/src/graphar/result.h:65:3: note: expanded from macro 'GAR_ASSIGN_OR_RAISE'
   65 |   GAR_ASSIGN_OR_RAISE_IMPL(             \
      |   ^
/Users/yaojun/db/incubator-graphar/cpp/src/graphar/result.h:29:3: note: expanded from macro 'GAR_ASSIGN_OR_RAISE_IMPL'
   29 |   GAR_RETURN_IF_((result_name).has_error(), (result_name).error(), \
      |   ^
/Users/yaojun/db/incubator-graphar/cpp/src/graphar/status.h:31:7: note: expanded from macro 'GAR_RETURN_IF_'
   31 |       return (status);                       \
      |       ^
/Users/yaojun/db/incubator-graphar/cpp/src/graphar/arrow/chunk_writer.cc:933:3: warning: Potential leak of memory pointed to by field 'state_' [clang-analyzer-cplusplus.NewDeleteLeaks]
  933 |   GAR_ASSIGN_OR_RAISE(
      |   ^
/Users/yaojun/db/incubator-graphar/cpp/src/graphar/result.h:65:3: note: expanded from macro 'GAR_ASSIGN_OR_RAISE'
   65 |   GAR_ASSIGN_OR_RAISE_IMPL(             \
      |   ^
/Users/yaojun/db/incubator-graphar/cpp/src/graphar/result.h:29:3: note: expanded from macro 'GAR_ASSIGN_OR_RAISE_IMPL'
   29 |   GAR_RETURN_IF_((result_name).has_error(), (result_name).error(), \
      |   ^
/Users/yaojun/db/incubator-graphar/cpp/src/graphar/status.h:31:7: note: expanded from macro 'GAR_RETURN_IF_'
   31 |       return (status);                       \
      |       ^
/Users/yaojun/db/incubator-graphar/cpp/src/graphar/arrow/chunk_writer.cc:933:3: note: Taking true branch
  933 |   GAR_ASSIGN_OR_RAISE(
      |   ^
/Users/yaojun/db/incubator-graphar/cpp/src/graphar/result.h:65:3: note: expanded from macro 'GAR_ASSIGN_OR_RAISE'
   65 |   GAR_ASSIGN_OR_RAISE_IMPL(             \
      |   ^
/Users/yaojun/db/incubator-graphar/cpp/src/graphar/result.h:29:3: note: expanded from macro 'GAR_ASSIGN_OR_RAISE_IMPL'
   29 |   GAR_RETURN_IF_((result_name).has_error(), (result_name).error(), \
      |   ^
/Users/yaojun/db/incubator-graphar/cpp/src/graphar/status.h:30:5: note: expanded from macro 'GAR_RETURN_IF_'
   30 |     if (GAR_PREDICT_FALSE(condition)) {      \
      |     ^
/Users/yaojun/db/incubator-graphar/cpp/src/graphar/arrow/chunk_writer.cc:933:3: note: Calling 'result::error'
  933 |   GAR_ASSIGN_OR_RAISE(
      |   ^
/Users/yaojun/db/incubator-graphar/cpp/src/graphar/result.h:65:3: note: expanded from macro 'GAR_ASSIGN_OR_RAISE'
   65 |   GAR_ASSIGN_OR_RAISE_IMPL(             \
      |   ^~~~~~~~~~~~~~~~~~~~~~~~~~~~~~~~~~~~~~~
   66 |       GAR_ASSIGN_OR_RAISE_NAME(_error_or_value, __COUNTER__), lhs, rexpr);
      |       ~~~~~~~~~~~~~~~~~~~~~~~~~~~~~~~~~~~~~~~~~~~~~~~~~~~~~~~~~~~~~~~~~~~
/Users/yaojun/db/incubator-graphar/cpp/src/graphar/result.h:29:45: note: expanded from macro 'GAR_ASSIGN_OR_RAISE_IMPL'
   29 |   GAR_RETURN_IF_((result_name).has_error(), (result_name).error(), \
      |   ~~~~~~~~~~~~~~~~~~~~~~~~~~~~~~~~~~~~~~~~~~^~~~~~~~~~~~~~~~~~~~~~~~
   30 |                  GAR_STRINGIFY(rexpr));                            \
      |                  ~~~~~~~~~~~~~~~~~~~~~
/Users/yaojun/db/incubator-graphar/cpp/src/graphar/status.h:31:15: note: expanded from macro 'GAR_RETURN_IF_'
   31 |       return (status);                       \
      |               ^~~~~~
/Users/yaojun/db/incubator-graphar/cpp/thirdparty/result/result.hpp:4749:28: note: Field 'm_has_value' is false
 4749 |   return m_storage.storage.m_has_value
      |                            ^
/Users/yaojun/db/incubator-graphar/cpp/thirdparty/result/result.hpp:4749:10: note: '?' condition is false
 4749 |   return m_storage.storage.m_has_value
      |          ^
/Users/yaojun/db/incubator-graphar/cpp/thirdparty/result/result.hpp:4751:7: note: Calling copy constructor for 'Status'
 4751 |     : m_storage.storage.m_error;
      |       ^~~~~~~~~~~~~~~~~~~~~~~~~
/Users/yaojun/db/incubator-graphar/cpp/src/graphar/status.h:145:16: note: '?' condition is false
  145 |       : state_((s.state_ == nullptr) ? nullptr : new State(*s.state_)) {}
      |                ^
/Users/yaojun/db/incubator-graphar/cpp/src/graphar/status.h:145:50: note: Memory is allocated
  145 |       : state_((s.state_ == nullptr) ? nullptr : new State(*s.state_)) {}
      |                                                  ^~~~~~~~~~~~~~~~~~~~
/Users/yaojun/db/incubator-graphar/cpp/thirdparty/result/result.hpp:4751:7: note: Returning from copy constructor for 'Status'
 4751 |     : m_storage.storage.m_error;
      |       ^~~~~~~~~~~~~~~~~~~~~~~~~
/Users/yaojun/db/incubator-graphar/cpp/src/graphar/arrow/chunk_writer.cc:933:3: note: Returned allocated memory
  933 |   GAR_ASSIGN_OR_RAISE(
      |   ^
/Users/yaojun/db/incubator-graphar/cpp/src/graphar/result.h:65:3: note: expanded from macro 'GAR_ASSIGN_OR_RAISE'
   65 |   GAR_ASSIGN_OR_RAISE_IMPL(             \
      |   ^~~~~~~~~~~~~~~~~~~~~~~~~~~~~~~~~~~~~~~
   66 |       GAR_ASSIGN_OR_RAISE_NAME(_error_or_value, __COUNTER__), lhs, rexpr);
      |       ~~~~~~~~~~~~~~~~~~~~~~~~~~~~~~~~~~~~~~~~~~~~~~~~~~~~~~~~~~~~~~~~~~~
/Users/yaojun/db/incubator-graphar/cpp/src/graphar/result.h:29:45: note: expanded from macro 'GAR_ASSIGN_OR_RAISE_IMPL'
   29 |   GAR_RETURN_IF_((result_name).has_error(), (result_name).error(), \
      |   ~~~~~~~~~~~~~~~~~~~~~~~~~~~~~~~~~~~~~~~~~~^~~~~~~~~~~~~~~~~~~~~~~~
   30 |                  GAR_STRINGIFY(rexpr));                            \
      |                  ~~~~~~~~~~~~~~~~~~~~~
/Users/yaojun/db/incubator-graphar/cpp/src/graphar/status.h:31:15: note: expanded from macro 'GAR_RETURN_IF_'
   31 |       return (status);                       \
      |               ^~~~~~
/Users/yaojun/db/incubator-graphar/cpp/src/graphar/arrow/chunk_writer.cc:933:3: note: Potential leak of memory pointed to by field 'state_'
  933 |   GAR_ASSIGN_OR_RAISE(
      |   ^
/Users/yaojun/db/incubator-graphar/cpp/src/graphar/result.h:65:3: note: expanded from macro 'GAR_ASSIGN_OR_RAISE'
   65 |   GAR_ASSIGN_OR_RAISE_IMPL(             \
      |   ^
/Users/yaojun/db/incubator-graphar/cpp/src/graphar/result.h:29:3: note: expanded from macro 'GAR_ASSIGN_OR_RAISE_IMPL'
   29 |   GAR_RETURN_IF_((result_name).has_error(), (result_name).error(), \
      |   ^
/Users/yaojun/db/incubator-graphar/cpp/src/graphar/status.h:31:7: note: expanded from macro 'GAR_RETURN_IF_'
   31 |       return (status);                       \
      |       ^
/Users/yaojun/db/incubator-graphar/cpp/src/graphar/arrow/chunk_writer.cc:939:5: warning: Potential leak of memory pointed to by field 'state_' [clang-analyzer-cplusplus.NewDeleteLeaks]
  939 |     GAR_ASSIGN_OR_RAISE(
      |     ^
/Users/yaojun/db/incubator-graphar/cpp/src/graphar/result.h:65:3: note: expanded from macro 'GAR_ASSIGN_OR_RAISE'
   65 |   GAR_ASSIGN_OR_RAISE_IMPL(             \
      |   ^
/Users/yaojun/db/incubator-graphar/cpp/src/graphar/result.h:29:3: note: expanded from macro 'GAR_ASSIGN_OR_RAISE_IMPL'
   29 |   GAR_RETURN_IF_((result_name).has_error(), (result_name).error(), \
      |   ^
/Users/yaojun/db/incubator-graphar/cpp/src/graphar/status.h:31:7: note: expanded from macro 'GAR_RETURN_IF_'
   31 |       return (status);                       \
      |       ^
/Users/yaojun/db/incubator-graphar/cpp/src/graphar/arrow/chunk_writer.cc:933:3: note: Taking false branch
  933 |   GAR_ASSIGN_OR_RAISE(
      |   ^
/Users/yaojun/db/incubator-graphar/cpp/src/graphar/result.h:65:3: note: expanded from macro 'GAR_ASSIGN_OR_RAISE'
   65 |   GAR_ASSIGN_OR_RAISE_IMPL(             \
      |   ^
/Users/yaojun/db/incubator-graphar/cpp/src/graphar/result.h:29:3: note: expanded from macro 'GAR_ASSIGN_OR_RAISE_IMPL'
   29 |   GAR_RETURN_IF_((result_name).has_error(), (result_name).error(), \
      |   ^
/Users/yaojun/db/incubator-graphar/cpp/src/graphar/status.h:30:5: note: expanded from macro 'GAR_RETURN_IF_'
   30 |     if (GAR_PREDICT_FALSE(condition)) {      \
      |     ^
/Users/yaojun/db/incubator-graphar/cpp/src/graphar/arrow/chunk_writer.cc:933:3: note: Loop condition is false.  Exiting loop
  933 |   GAR_ASSIGN_OR_RAISE(
      |   ^
/Users/yaojun/db/incubator-graphar/cpp/src/graphar/result.h:65:3: note: expanded from macro 'GAR_ASSIGN_OR_RAISE'
   65 |   GAR_ASSIGN_OR_RAISE_IMPL(             \
      |   ^
/Users/yaojun/db/incubator-graphar/cpp/src/graphar/result.h:29:3: note: expanded from macro 'GAR_ASSIGN_OR_RAISE_IMPL'
   29 |   GAR_RETURN_IF_((result_name).has_error(), (result_name).error(), \
      |   ^
/Users/yaojun/db/incubator-graphar/cpp/src/graphar/status.h:29:3: note: expanded from macro 'GAR_RETURN_IF_'
   29 |   do {                                       \
      |   ^
/Users/yaojun/db/incubator-graphar/cpp/src/graphar/arrow/chunk_writer.cc:937:7: note: Field 'adj_list_type_' is not equal to ordered_by_source
  937 |   if (adj_list_type_ == AdjListType::ordered_by_source ||
      |       ^
/Users/yaojun/db/incubator-graphar/cpp/src/graphar/arrow/chunk_writer.cc:937:7: note: Left side of '||' is false
/Users/yaojun/db/incubator-graphar/cpp/src/graphar/arrow/chunk_writer.cc:938:7: note: Field 'adj_list_type_' is equal to ordered_by_dest
  938 |       adj_list_type_ == AdjListType::ordered_by_dest) {
      |       ^
/Users/yaojun/db/incubator-graphar/cpp/src/graphar/arrow/chunk_writer.cc:937:3: note: Taking true branch
  937 |   if (adj_list_type_ == AdjListType::ordered_by_source ||
      |   ^
/Users/yaojun/db/incubator-graphar/cpp/src/graphar/arrow/chunk_writer.cc:939:5: note: Taking true branch
  939 |     GAR_ASSIGN_OR_RAISE(
      |     ^
/Users/yaojun/db/incubator-graphar/cpp/src/graphar/result.h:65:3: note: expanded from macro 'GAR_ASSIGN_OR_RAISE'
   65 |   GAR_ASSIGN_OR_RAISE_IMPL(             \
      |   ^
/Users/yaojun/db/incubator-graphar/cpp/src/graphar/result.h:29:3: note: expanded from macro 'GAR_ASSIGN_OR_RAISE_IMPL'
   29 |   GAR_RETURN_IF_((result_name).has_error(), (result_name).error(), \
      |   ^
/Users/yaojun/db/incubator-graphar/cpp/src/graphar/status.h:30:5: note: expanded from macro 'GAR_RETURN_IF_'
   30 |     if (GAR_PREDICT_FALSE(condition)) {      \
      |     ^
/Users/yaojun/db/incubator-graphar/cpp/src/graphar/arrow/chunk_writer.cc:939:5: note: Calling 'result::error'
  939 |     GAR_ASSIGN_OR_RAISE(
      |     ^
/Users/yaojun/db/incubator-graphar/cpp/src/graphar/result.h:65:3: note: expanded from macro 'GAR_ASSIGN_OR_RAISE'
   65 |   GAR_ASSIGN_OR_RAISE_IMPL(             \
      |   ^~~~~~~~~~~~~~~~~~~~~~~~~~~~~~~~~~~~~~~
   66 |       GAR_ASSIGN_OR_RAISE_NAME(_error_or_value, __COUNTER__), lhs, rexpr);
      |       ~~~~~~~~~~~~~~~~~~~~~~~~~~~~~~~~~~~~~~~~~~~~~~~~~~~~~~~~~~~~~~~~~~~
/Users/yaojun/db/incubator-graphar/cpp/src/graphar/result.h:29:45: note: expanded from macro 'GAR_ASSIGN_OR_RAISE_IMPL'
   29 |   GAR_RETURN_IF_((result_name).has_error(), (result_name).error(), \
      |   ~~~~~~~~~~~~~~~~~~~~~~~~~~~~~~~~~~~~~~~~~~^~~~~~~~~~~~~~~~~~~~~~~~
   30 |                  GAR_STRINGIFY(rexpr));                            \
      |                  ~~~~~~~~~~~~~~~~~~~~~
/Users/yaojun/db/incubator-graphar/cpp/src/graphar/status.h:31:15: note: expanded from macro 'GAR_RETURN_IF_'
   31 |       return (status);                       \
      |               ^~~~~~
/Users/yaojun/db/incubator-graphar/cpp/thirdparty/result/result.hpp:4749:28: note: Field 'm_has_value' is false
 4749 |   return m_storage.storage.m_has_value
      |                            ^
/Users/yaojun/db/incubator-graphar/cpp/thirdparty/result/result.hpp:4749:10: note: '?' condition is false
 4749 |   return m_storage.storage.m_has_value
      |          ^
/Users/yaojun/db/incubator-graphar/cpp/thirdparty/result/result.hpp:4751:7: note: Calling copy constructor for 'Status'
 4751 |     : m_storage.storage.m_error;
      |       ^~~~~~~~~~~~~~~~~~~~~~~~~
/Users/yaojun/db/incubator-graphar/cpp/src/graphar/status.h:145:16: note: '?' condition is false
  145 |       : state_((s.state_ == nullptr) ? nullptr : new State(*s.state_)) {}
      |                ^
/Users/yaojun/db/incubator-graphar/cpp/src/graphar/status.h:145:50: note: Memory is allocated
  145 |       : state_((s.state_ == nullptr) ? nullptr : new State(*s.state_)) {}
      |                                                  ^~~~~~~~~~~~~~~~~~~~
/Users/yaojun/db/incubator-graphar/cpp/thirdparty/result/result.hpp:4751:7: note: Returning from copy constructor for 'Status'
 4751 |     : m_storage.storage.m_error;
      |       ^~~~~~~~~~~~~~~~~~~~~~~~~
/Users/yaojun/db/incubator-graphar/cpp/src/graphar/arrow/chunk_writer.cc:939:5: note: Returned allocated memory
  939 |     GAR_ASSIGN_OR_RAISE(
      |     ^
/Users/yaojun/db/incubator-graphar/cpp/src/graphar/result.h:65:3: note: expanded from macro 'GAR_ASSIGN_OR_RAISE'
   65 |   GAR_ASSIGN_OR_RAISE_IMPL(             \
      |   ^~~~~~~~~~~~~~~~~~~~~~~~~~~~~~~~~~~~~~~
   66 |       GAR_ASSIGN_OR_RAISE_NAME(_error_or_value, __COUNTER__), lhs, rexpr);
      |       ~~~~~~~~~~~~~~~~~~~~~~~~~~~~~~~~~~~~~~~~~~~~~~~~~~~~~~~~~~~~~~~~~~~
/Users/yaojun/db/incubator-graphar/cpp/src/graphar/result.h:29:45: note: expanded from macro 'GAR_ASSIGN_OR_RAISE_IMPL'
   29 |   GAR_RETURN_IF_((result_name).has_error(), (result_name).error(), \
      |   ~~~~~~~~~~~~~~~~~~~~~~~~~~~~~~~~~~~~~~~~~~^~~~~~~~~~~~~~~~~~~~~~~~
   30 |                  GAR_STRINGIFY(rexpr));                            \
      |                  ~~~~~~~~~~~~~~~~~~~~~
/Users/yaojun/db/incubator-graphar/cpp/src/graphar/status.h:31:15: note: expanded from macro 'GAR_RETURN_IF_'
   31 |       return (status);                       \
      |               ^~~~~~
/Users/yaojun/db/incubator-graphar/cpp/src/graphar/arrow/chunk_writer.cc:939:5: note: Potential leak of memory pointed to by field 'state_'
  939 |     GAR_ASSIGN_OR_RAISE(
      |     ^
/Users/yaojun/db/incubator-graphar/cpp/src/graphar/result.h:65:3: note: expanded from macro 'GAR_ASSIGN_OR_RAISE'
   65 |   GAR_ASSIGN_OR_RAISE_IMPL(             \
      |   ^
/Users/yaojun/db/incubator-graphar/cpp/src/graphar/result.h:29:3: note: expanded from macro 'GAR_ASSIGN_OR_RAISE_IMPL'
   29 |   GAR_RETURN_IF_((result_name).has_error(), (result_name).error(), \
      |   ^
/Users/yaojun/db/incubator-graphar/cpp/src/graphar/status.h:31:7: note: expanded from macro 'GAR_RETURN_IF_'
   31 |       return (status);                       \
      |       ^
/Users/yaojun/db/incubator-graphar/cpp/src/graphar/arrow/chunk_writer.cc:973:47: warning: statement should be inside braces [google-readability-braces-around-statements]
  973 |       if (array_index >= column->num_chunks())
      |                                               ^
      |                                                {
  974 |         break;
      |               
/Users/yaojun/db/incubator-graphar/cpp/src/graphar/arrow/chunk_writer.cc:977:49: warning: statement should be inside braces [google-readability-braces-around-statements]
  977 |         if (array_index == column->num_chunks())
      |                                                 ^
      |                                                  {
  978 |           break;
      |                 
/Users/yaojun/db/incubator-graphar/cpp/src/graphar/expression.h:61:31: warning: pass by value and use std::move [modernize-pass-by-value]
   24 |   explicit ExpressionProperty(const Property& property) : property_(property) {}
      |                               ^~~~~~~~~~~~~~~                               
      |                               Property                              std::move( )
/Users/yaojun/db/incubator-graphar/cpp/src/graphar/expression.h:65:3: warning: annotate this function with 'override' or (rarely) 'final' [modernize-use-override]
   65 |   ~ExpressionProperty() = default;
      |   ^
      |                         override 
/Users/yaojun/db/incubator-graphar/cpp/src/graphar/expression.h:89:3: warning: annotate this function with 'override' or (rarely) 'final' [modernize-use-override]
   89 |   ~ExpressionLiteral() = default;
      |   ^
      |                        override 
/Users/yaojun/db/incubator-graphar/cpp/src/graphar/expression.h:91:27: warning: annotate this function with 'override' or (rarely) 'final' [modernize-use-override]
   91 |   Result<ArrowExpression> Evaluate() { return arrow::compute::literal(value_); }
      |                           ^
      |                                      override
/Users/yaojun/db/incubator-graphar/cpp/src/graphar/expression.h:104:30: warning: pass by value and use std::move [modernize-pass-by-value]
  104 |   explicit ExpressionUnaryOp(std::shared_ptr<Expression> expr) : expr_(expr) {}
      |                              ^                                             
      |                                                                        std::move( )
/Users/yaojun/db/incubator-graphar/cpp/src/graphar/expression.h:106:11: warning: use '= default' to define a trivial destructor [modernize-use-equals-default]
  106 |   virtual ~ExpressionUnaryOp() {}
      |           ^                    ~~
      |                                = default;
/Users/yaojun/db/incubator-graphar/cpp/src/graphar/expression.h:106:11: warning: prefer using 'override' or (rarely) 'final' instead of 'virtual' [modernize-use-override]
  106 |   virtual ~ExpressionUnaryOp() {}
      |   ~~~~~~~ ^
      |                                override
/Users/yaojun/db/incubator-graphar/cpp/src/graphar/expression.h:122:3: warning: annotate this function with 'override' or (rarely) 'final' [modernize-use-override]
  122 |   ~ExpressionNot() = default;
      |   ^
      |                    override 
/Users/yaojun/db/incubator-graphar/cpp/src/graphar/expression.h:134:22: warning: pass by value and use std::move [modernize-pass-by-value]
  134 |   ExpressionBinaryOp(std::shared_ptr<Expression> lhs,
      |                      ^
  135 |                      std::shared_ptr<Expression> rhs)
  136 |       : lhs_(lhs), rhs_(rhs) {}
      |                 
      |              std::move( )
/Users/yaojun/db/incubator-graphar/cpp/src/graphar/expression.h:135:22: warning: pass by value and use std::move [modernize-pass-by-value]
  135 |                      std::shared_ptr<Expression> rhs)
      |                      ^
  136 |       : lhs_(lhs), rhs_(rhs) {}
      |                            
      |                         std::move( )
/Users/yaojun/db/incubator-graphar/cpp/src/graphar/expression.h:138:3: warning: annotate this function with 'override' or (rarely) 'final' [modernize-use-override]
  138 |   ~ExpressionBinaryOp() = default;
      |   ^
      |                         override 
/Users/yaojun/db/incubator-graphar/cpp/src/graphar/expression.h:166:3: warning: annotate this function with 'override' or (rarely) 'final' [modernize-use-override]
  166 |   ~ExpressionEqual() = default;
      |   ^
      |                      override 
/Users/yaojun/db/incubator-graphar/cpp/src/graphar/expression.h:183:3: warning: annotate this function with 'override' or (rarely) 'final' [modernize-use-override]
  183 |   ~ExpressionNotEqual() = default;
      |   ^
      |                         override 
/Users/yaojun/db/incubator-graphar/cpp/src/graphar/expression.h:200:3: warning: annotate this function with 'override' or (rarely) 'final' [modernize-use-override]
  200 |   ~ExpressionGreaterThan() = default;
      |   ^
      |                            override 
/Users/yaojun/db/incubator-graphar/cpp/src/graphar/expression.h:217:3: warning: annotate this function with 'override' or (rarely) 'final' [modernize-use-override]
  217 |   ~ExpressionGreaterEqual() = default;
      |   ^
      |                             override 
/Users/yaojun/db/incubator-graphar/cpp/src/graphar/expression.h:234:3: warning: annotate this function with 'override' or (rarely) 'final' [modernize-use-override]
  234 |   ~ExpressionLessThan() = default;
      |   ^
      |                         override 
/Users/yaojun/db/incubator-graphar/cpp/src/graphar/expression.h:251:3: warning: annotate this function with 'override' or (rarely) 'final' [modernize-use-override]
  251 |   ~ExpressionLessEqual() = default;
      |   ^
      |                          override 
/Users/yaojun/db/incubator-graphar/cpp/src/graphar/expression.h:268:3: warning: annotate this function with 'override' or (rarely) 'final' [modernize-use-override]
  268 |   ~ExpressionAnd() = default;
      |   ^
      |                    override 
/Users/yaojun/db/incubator-graphar/cpp/src/graphar/expression.h:284:3: warning: annotate this function with 'override' or (rarely) 'final' [modernize-use-override]
  284 |   ~ExpressionOr() = default;
      |   ^
      |                   override 
/Users/yaojun/db/incubator-graphar/cpp/src/graphar/expression.h:309:11: warning: use C++20 requires constraints instead of enable_if [modernize-use-constraints]
  308 |               std::is_same_v<T, const char* const>,
      |                                                   ~
  309 |           typename = std::enable_if_t<IsScalar>>
      |           ^~~~~~~~~~~~~~~~~~~~~~~~~~~~~~~~~~~~~
  310 | [[nodiscard]] static inline std::shared_ptr<Expression> _Literal(T value) {
      |                                                                           requires (IsScalar) 
/Users/yaojun/db/incubator-graphar/cpp/src/graphar/high-level/graph_reader.cc:120:20: warning: statement should be inside braces [google-readability-braces-around-statements]
  120 |   if (is_filtered_)
      |                    ^
      |                     {
  121 |     label_reader_.seek(filtered_ids_[cur_offset_]);
  122 |   else
      |   } 
/Users/yaojun/db/incubator-graphar/cpp/src/graphar/high-level/graph_reader.cc:122:7: warning: statement should be inside braces [google-readability-braces-around-statements]
  122 |   else
      |       ^
      |        {
  123 |     label_reader_.seek(cur_offset_);
      |                                     
/Users/yaojun/db/incubator-graphar/cpp/src/graphar/high-level/graph_reader.cc:169:32: warning: statement should be inside braces [google-readability-braces-around-statements]
  169 |   if (tested_label_ids.empty())
      |                                ^
      |                                 {
  170 |     return Status::KeyError(
  171 |         "query label"
  172 |         " does not exist in the vertex.");
      |                                           
/Users/yaojun/db/incubator-graphar/cpp/src/graphar/high-level/graph_reader.cc:174:3: warning: use auto when initializing with new to avoid duplicating the type name [modernize-use-auto]
  174 |   uint64_t* bitmap = new uint64_t[TOT_ROWS_NUM / 64 + 1];
      |   ^~~~~~~~
      |   auto
/Users/yaojun/db/incubator-graphar/cpp/src/graphar/high-level/graph_reader.cc:187:52: warning: statement should be inside braces [google-readability-braces-around-statements]
  187 |       if (count != 0 && new_valid_chunk != nullptr)
      |                                                    ^
      |                                                     {
  188 |         new_valid_chunk->emplace_back(static_cast<IdType>(chunk_idx));
      |                                                                       
/Users/yaojun/db/incubator-graphar/cpp/src/graphar/high-level/graph_reader.cc:200:22: warning: statement should be inside braces [google-readability-braces-around-statements]
  200 |       if (count != 0)
      |                      ^
      |                       {
  201 |         valid_chunk_.emplace_back(static_cast<IdType>(chunk_idx));
      |                                                                   
/Users/yaojun/db/incubator-graphar/cpp/src/graphar/high-level/graph_reader.cc:509:49: warning: statement should be inside braces [google-readability-braces-around-statements]
  509 |       if (!properties_.at(property).has_value())
      |                                                 ^
      |                                                  {
  510 |         return Status::TypeError("The value of the ", property, " is null.");
      |                                                                              
/Users/yaojun/db/incubator-graphar/cpp/src/graphar/high-level/graph_reader.cc:527:47: warning: statement should be inside braces [google-readability-braces-around-statements]
  527 |     if (!properties_.at(property).has_value())
      |                                               ^
      |                                                {
  528 |       return Status::TypeError("The value of the ", property, " is null.");
      |                                                                            
/Users/yaojun/db/incubator-graphar/cpp/src/graphar/high-level/graph_reader.cc:544:47: warning: statement should be inside braces [google-readability-braces-around-statements]
  544 |     if (!properties_.at(property).has_value())
      |                                               ^
      |                                                {
  545 |       return Status::TypeError("The value of the ", property, " is null.");
      |                                                                            
/Users/yaojun/db/incubator-graphar/cpp/src/graphar/high-level/graph_reader.cc:616:49: warning: statement should be inside braces [google-readability-braces-around-statements]
  616 |       if (!properties_.at(property).has_value())
      |                                                 ^
      |                                                  {
  617 |         return Status::TypeError("The value of the ", property, " is null.");
      |                                                                              
/Users/yaojun/db/incubator-graphar/cpp/src/graphar/high-level/graph_reader.cc:634:47: warning: statement should be inside braces [google-readability-braces-around-statements]
  634 |     if (!properties_.at(property).has_value())
      |                                               ^
      |                                                {
  635 |       return Status::TypeError("The value of the ", property, " is null.");
      |                                                                            
/Users/yaojun/db/incubator-graphar/cpp/src/graphar/high-level/graph_reader.cc:651:47: warning: statement should be inside braces [google-readability-braces-around-statements]
  651 |     if (!properties_.at(property).has_value())
      |                                               ^
      |                                                {
  652 |       return Status::TypeError("The value of the ", property, " is null.");
      |                                                                            
/Users/yaojun/db/incubator-graphar/cpp/src/graphar/high-level/graph_reader.cc:710:21: warning: statement should be inside braces [google-readability-braces-around-statements]
  710 |   if (from.is_end())
      |                     ^
      |                      {
  711 |     return false;
      |                  
/Users/yaojun/db/incubator-graphar/cpp/src/graphar/high-level/graph_reader.cc:730:32: warning: statement should be inside braces [google-readability-braces-around-statements]
  730 |       if (this->source() == id)
      |                                ^
      |                                 {
  731 |         return true;
      |                     
/Users/yaojun/db/incubator-graphar/cpp/src/graphar/high-level/graph_reader.cc:741:41: warning: statement should be inside braces [google-readability-braces-around-statements]
  741 |     if (expect_chunk_index > chunk_end_)
      |                                         ^
      |                                          {
  742 |       return false;
      |                    
/Users/yaojun/db/incubator-graphar/cpp/src/graphar/high-level/graph_reader.cc:763:22: warning: statement should be inside braces [google-readability-braces-around-statements]
  763 |     if (need_refresh)
      |                      ^
      |                       {
  764 |       this->refresh();
      |                       
/Users/yaojun/db/incubator-graphar/cpp/src/graphar/high-level/graph_reader.cc:766:32: warning: statement should be inside braces [google-readability-braces-around-statements]
  766 |       if (this->source() == id)
      |                                ^
      |                                 {
  767 |         return true;
      |                     
/Users/yaojun/db/incubator-graphar/cpp/src/graphar/high-level/graph_reader.cc:768:54: warning: statement should be inside braces [google-readability-braces-around-statements]
  768 |       if (vertex_chunk_index_ > id / src_chunk_size_)
      |                                                      ^
      |                                                       {
  769 |         return false;
      |                      
/Users/yaojun/db/incubator-graphar/cpp/src/graphar/high-level/graph_reader.cc:825:21: warning: statement should be inside braces [google-readability-braces-around-statements]
  825 |   if (from.is_end())
      |                     ^
      |                      {
  826 |     return false;
      |                  
/Users/yaojun/db/incubator-graphar/cpp/src/graphar/high-level/graph_reader.cc:845:37: warning: statement should be inside braces [google-readability-braces-around-statements]
  845 |       if (this->destination() == id)
      |                                     ^
      |                                      {
  846 |         return true;
      |                     
/Users/yaojun/db/incubator-graphar/cpp/src/graphar/high-level/graph_reader.cc:856:41: warning: statement should be inside braces [google-readability-braces-around-statements]
  856 |     if (expect_chunk_index > chunk_end_)
      |                                         ^
      |                                          {
  857 |       return false;
      |                    
/Users/yaojun/db/incubator-graphar/cpp/src/graphar/high-level/graph_reader.cc:878:22: warning: statement should be inside braces [google-readability-braces-around-statements]
  878 |     if (need_refresh)
      |                      ^
      |                       {
  879 |       this->refresh();
      |                       
/Users/yaojun/db/incubator-graphar/cpp/src/graphar/high-level/graph_reader.cc:881:37: warning: statement should be inside braces [google-readability-braces-around-statements]
  881 |       if (this->destination() == id)
      |                                     ^
      |                                      {
  882 |         return true;
      |                     
/Users/yaojun/db/incubator-graphar/cpp/src/graphar/high-level/graph_reader.cc:883:54: warning: statement should be inside braces [google-readability-braces-around-statements]
  883 |       if (vertex_chunk_index_ > id / dst_chunk_size_)
      |                                                      ^
      |                                                       {
  884 |         return false;
      |                      


